id	poem	meter	class	author	genre	satakam
p1	శ్రీకాకుళము భక్తలోక చింతామణి- శ్రీకాకుళము సుకృతాకరంబు\nశ్రీకాకుళము ధరాలోక వైకుంఠంబు- శ్రీకాకుళము మర్త్యసేవితంబు\nశ్రీకాకుళము వేదసిద్ధాంత మహిమంబు- శ్రీకాకుళము హతవ్యాకులంబు\nశ్రీకాకుళము మహాక్షేత్రావతంసంబు- శ్రీకాకుళము సర్వసిద్ధికరము	seesamu	upajaathi	కాసుల పురుషోత్తమకవి	bhakti	Aandhranaayaka
p2	వరమిచ్చినట్టి శంకరుని కెగ్గు దలంచు- భస్మాసురుని పేరుఁ బాపినావు\nతనయిల్లుఁ గాచు నుగ్రుని బోరుటకుఁ బిల్చు- బాణుచేతులు తెగఁ బఱికినావు\nతొలుమిన్కు లజుని మ్రుచ్చిలి గొన్న సోమకుఁ- జంపి విద్యలు ధాత కంపినావు\nబలిమి దైత్యులు సుధాకలశము న్గొన వారి- వంచించి సురలకుఁ బంచినావు	seesamu	upajaathi	కాసుల పురుషోత్తమకవి	bhakti	Aandhranaayaka
p3	మానితంబుగ గరుత్మద్ధ్వజారోహణం- బెప్పుడొనర్తువో చెప్పుమయ్య!\nగరిమతో నీ తిరుక్కల్యాణసంభ్రమం- బెప్పు డెప్పుడొ వేగ చెప్పు మయ్య\nరమతో మహోన్నతరథ మెక్కి తిరువీథు- లెప్పు డేతెంతువో చెప్పు మయ్య\nధరణి నభ్యాగతదాన ప్రజాబృంద- మెప్పుడు బలియునో చెప్పు మయ్య	seesamu	upajaathi	కాసుల పురుషోత్తమకవి	bhakti	Aandhranaayaka
p4	అబ్బుకో గలవొ కాయక్లేశ మొనరించుఁ- దేవాసురు లటుండ దివ్యరమను\nదోచుకోఁ గలవొ చే సాచి లోకము లాచి- బలిమహాదాత వైభవము లెల్ల\nరాఁ దీయఁగలవొ సత్రాజిత్తుఁ డీకున్న- మణిశమంతక మొక మమతఁ గొల్పి\nనాటించఁ గలవొ సన్న కసన్ననె వనంబు- పెట్టు మ్రాన్పెకలించి పెరటిలోనఁ	seesamu	upajaathi	కాసుల పురుషోత్తమకవి	bhakti	Aandhranaayaka
p5	కన్నవారల మున్ను గారాగృహంబున- విడిచి పాఱితివి నీ కడిమి యేమి?\nపగవాఁడు పురిటిలోఁ బట్టి నెత్తుకపోవఁ- దమకించుచున్న నీ ధైర్య మేమి?\nముద్దుమన్మని గోప్యముగ నొండు బంధింపఁ- దెలియన ట్లున్న నీ తెగువ యేమి?\nవైరిధాటికి నోడి వనధి మధ్యమునందు- నిలు గట్టుకొన్న నీ బలిమి యేమి?	seesamu	upajaathi	కాసుల పురుషోత్తమకవి	bhakti	Aandhranaayaka
p6	విమతభూపతు లెట్లు విముఖులై పాఱిరో- రాజపీఠం బెక్కరాని నీకు\nకుంభినీధవు లెట్లు కూఁతుండ్ర నిచ్చిరో- కుల మొల్లకయె నీకు గోపకునకు\nసుందరీమణు లెట్లు చూచి మోహించిరో- క ప్పగు మైచాయ గలుగునీకు\nదాసజనం బెట్లు దాస్యంబు సలిపిరో- తిరియువానిని మారు తిరియు నీకు	seesamu	upajaathi	కాసుల పురుషోత్తమకవి	bhakti	Aandhranaayaka
p7	వ్రేపల్లెలో గొల్లవెలఁదులు గొట్ట రా- దొడిదొడి యిల్లిల్లుఁ దూఱలేదొ\nరాసకేళికయందు రమణులా యెందఱో- చుట్టి పట్టినఁ బాఱఁ జూడలేదొ\nపదియాఱు వేల గోపకుమారికలు తేరి- పాఱఁ జూచిన మతి బ్రమయలేదొ\nప్రణయవాదంబున భార్య లా యెనమండ్రు- గసరివేసినఁ గూర్మిఁ గొసరలేదొ	seesamu	upajaathi	కాసుల పురుషోత్తమకవి	bhakti	Aandhranaayaka
p8	దూడలలోఁ బెరదూడ మేయఁగఁజూచి- యట్టె పట్టుక చావఁగొట్టవలెనె\nపొడవ రా వేగ నాబోఁతుకొమ్ములు పట్టి- విడువక దానిపే రుడుపవలెనె\nముక్కుతోఁ జెనకిన కొక్కెరాయనిఁ బట్టి- వెర వొప్పఁగా మెడ విఱువవలెనె\nతన్నుఁ బో తని మృగాధమ మంచు నెంచక- తొడరి గార్ధభమును ద్రుంపవలెనె	seesamu	upajaathi	కాసుల పురుషోత్తమకవి	bhakti	Aandhranaayaka
p9	రాజు లెవ్వరుఁ బఙ్క్తిభోజన మిడకున్న- దాసునింట భుజించి తనియలేదొ?\nబంధువు లెవ్వరు గంధ మీ కుండిన- మువ్వంకలది పూయ మురియలేదొ?\nదొర లెవ్వరును బూలసరము లీకుండినఁ- దెలిసి మాలికుఁ డీగ నలరలేదొ?\nప్రభువు లెవ్వరు వస్త్రబహుమాన మీ కున్నఁ- దెచ్చి యిచ్చిన చాకి మెచ్చలేదొ?	seesamu	upajaathi	కాసుల పురుషోత్తమకవి	bhakti	Aandhranaayaka
p10	బొచ్చెచేఁపకు నైన మచ్చరం బున్నది- తాఁబేటి కైన సత్త్వంబు గలదు\nడీకొన్న నడవిపందికిఁ గల్గు రోసంబు- తెరనోటినరుఁడైనఁ దెగువ సేయుఁ\nబొట్టివానికి నైన దిట్టతనం బుండు- బాపని కైన దర్పంబు గలదు\nచుంచురాజున కైన శూరత్వ మున్నది- ముసలికి నైనఁ జేపుష్టి గలదు	seesamu	upajaathi	కాసుల పురుషోత్తమకవి	bhakti	Aandhranaayaka
p11	పూతనాకుచకుంభపూర్ణ విషస్తన్య- పాయివై బ్రదికిన భాగ్య మేమి?\nకాళియాశీవిషగ్రసన ప్రమాదంబు గడచి జీవించిన ఘనత యేమి?\nచాణూరమల్లదో స్తంభ ఘట్టన కోర్చి- లబ్ధజయుఁడ వైన లాభ మేమి?\nసాళ్వరాజామోఘ శక్తిప్రయోగంబు- మరలించుకొనిన సామర్ధ్యమేమి?	seesamu	upajaathi	కాసుల పురుషోత్తమకవి	bhakti	Aandhranaayaka
p12	కడు దొంగతనమునఁ గని తల్లి వైచినఁ- దనబిడ్డనిగ బెంచె నిను యశోద\nజనని గర్భము దించుకొనిన వేఱొకతల్లి- కడుపుఁ జేసికొనంగ గలిగెనన్న\nతండ్రి వివాహయత్నము సేయ నొల్లక- తగులుక వచ్చె నీ ధర్మపత్ని\nయన్న రారాజు కీనున్న నీసోదరి- యింటికి జోగిరా నంటుకొనియె	seesamu	upajaathi	కాసుల పురుషోత్తమకవి	bhakti	Aandhranaayaka
p13	పక్షంబు గల దండ్రు పాండుపుత్రులయందు- పాండవుల్‌ పడినట్టి పాటులేమి!\nపూర్వజన్మమునందుఁ బూజించె గజ మండ్రు- గజరాజు పొందిన గాసి యేమి!\nయల కుచేలునకు బాల్యస్నేహితుఁడ వండ్రు- నెఱిఁ గుచేలుఁడు పడ్డనెవ్వ లేమి!\nప్రహ్లాదుఁ డాజన్మభక్తియుక్తుం డండ్రు- ప్రహ్లాదుఁ డొందిన బాధ లేమి!	seesamu	upajaathi	కాసుల పురుషోత్తమకవి	bhakti	Aandhranaayaka
p14	నమ్ముదు రేరీతి నారదు నాత్మజు- మానిని జేసిన మాయవానిఁ?\nదలఁతు రేరీతి నల్‌దలలదయము నోలి- బొడ్డుదమ్మినిఁ గన్న పురుషమణిని?\nభూషింతు రేరీతి పుష్పబాణవిరోధి- విషయభ్రమితుఁ జేయు వేసగాని?\nభాషింతు రేరీతి బ్రహ్మాదిమశకప- ర్యంతంబు గలిగిన వింతవాని?	seesamu	upajaathi	కాసుల పురుషోత్తమకవి	bhakti	Aandhranaayaka
p15	కొనముట్ట హెచ్చుతగ్గుల ప్రాతఁసుద్దుల- తాతపుస్తక మొకఁ డాతతాయి\nమ్రుచ్చిలి నీటిలోఁ జొచ్చి డాఁగిన వాని- పావన మేమి వెంబడిగఁ బెద్ద\nకోఱమీనంబవై యాఱొండుసంద్రము- ల్నిముసంబులో నీఁది నెమకి వాని\nడొక్క వ్రక్కలుగాఁ గఱుక్కున బరిఁ గోసి- కడ లేనినుడువు లెక్కటికి నోట	seesamu	upajaathi	కాసుల పురుషోత్తమకవి	bhakti	Aandhranaayaka
p16	ఉక్కునఁ బసిఁడికన్‌ రక్కసుఁ డొకఁడు ప- ల్దిక్కు లోరిచి బొల్లిపక్కి మావు\nనెక్కు రౌ తెక్కడఁ జిక్కెడు నంచు నీ- యిక్కువ లరయంగఁ గిక్కురించి\nనక్కితి విలక్రిందఁ జొక్కపుఁ బంది వై- కొక్కరింపుచు నాతఁ డక్కడికిని\nమొక్కరింపఁగఁ జొరఁ బొక్కతే కట వాని- డొక్కగఱుక్కునఁ జెక్కిపట్టి	seesamu	upajaathi	కాసుల పురుషోత్తమకవి	bhakti	Aandhranaayaka
p17	ధర్మవిఘాత మిద్ధర నీ వొనర్చిన- మూఁడులోకంబులు మ్రోసె నపుడె\nజనకునికూఁతు నిచ్చను బెండ్లి యాడంగ- నరనాథకోటులు నవ్వి రపుడె\nపుణ్యజనంబులఁ బోరి బాధింపంగ- సుర లద్భుతము నొంది చూచి రపుడె\nసంతతాశ్రిత విభీషణు రాజుఁ జేయంగ- నల రవీంద్రులు సాక్షి నిలిచి రపుడె	seesamu	upajaathi	కాసుల పురుషోత్తమకవి	bhakti	Aandhranaayaka
p18	కులగురుద్వేషి నొజ్జలుగ పెన్కొని కాచి- నిష్ఠురమంత్రము ల్నేర్చినావు\nపూర్వదేవతలు కాపుర మున్నపురియందు- వంచించి యగ్గిఁ బెట్టించినావు\nతాతలతరమునఁ ద్రవ్వించినపయోధి- పేరుగాఁ గొంత పూడ్పించినావు\nమోస మౌ టెఱుఁగక మోహించి వచ్చిన- యెలనాగముక్కుఁ గోయించినావు	seesamu	upajaathi	కాసుల పురుషోత్తమకవి	bhakti	Aandhranaayaka
p19	నీపేరు వినుటకే యోపక చెవిఁ గంట- గట్టుకున్నాతనిఁ గావ నేమి?\nకలన నీతోఁ గత్తిఁ గట్టుక పోరాడు- వాని సోదరుని బ్రోవఁగ బ నేమి?\nబాధింపఁ దగు మహాపాత కుండటుచేరి నీవాఁడ నంటె మన్నింప నేమి?\nమాయవేసముల నీ మర్మ మారయుచున్న- విమత ధూతల బట్టి విడువ నేమి?	seesamu	upajaathi	కాసుల పురుషోత్తమకవి	bhakti	Aandhranaayaka
p20	సకల వర్ణంబులు సంకరంబులు జేసి- యఖిల ధర్మములు శూన్యములు సేసి\nభూతలంబును బాపభూయిష్ఠముగఁ సేసి-పరగఁ బ్రపంచంబు భ్రష్టు సేసి\nకలి విజృంభించిన కడపటనా నీవు- తురగవాహనుఁడ వై దోర్విరాజి\nఖడ్గచంచద్ధారఁ గలుషాత్ముల వధించి- శిష్టసంరక్షణ సేయు టెల్ల	seesamu	upajaathi	కాసుల పురుషోత్తమకవి	bhakti	Aandhranaayaka
p21	పూర్వకవీంద్రులు పుణ్యఫలం బేమి- సాక్షాత్కరించి యస్మత్పరంబు\nగా గద్యపద్యముల్‌ గల్పించు మనిన వే- వర మొసంగితి వండ్రు వాంఛఁ జేసి\nనేర్చి నట్లుగఁ గూర్చి నేఁటి కవిత్వంబు- నీకంకితముఁ జేసి నెనరు దోఁపఁ\nజేదోయి యొగ్గిన శ్రీపాదరజ మింత- నామీఁదఁ బాఱ నీ వేమి సామి	seesamu	upajaathi	కాసుల పురుషోత్తమకవి	bhakti	Aandhranaayaka
p22	కావ్యదోషము లెఱుంగని మత్కవిత్వంబు- విద్వన్నుతంబుఁ గావించినావు\nబహిరంత రింద్రియ పరిశుద్ధి లేని నా- తలఁపులోపల వచ్చి నిలచినావు\nపుణ్యకర్మ మొకింత పూని సేయని నన్నుఁ- బెద్దలచేత మెప్పించినావు\nపురుషప్రయత్నంబు గురు తెఱుంగని నన్ను- భుక్తి గల్గఁగ జేసి ప్రోచినావు	seesamu	upajaathi	కాసుల పురుషోత్తమకవి	bhakti	Aandhranaayaka
p23	శ్రీసాకేతపురీవరంబున సునాసీరోపలస్థాపిత-\nప్రాసాదాంతర చంద్రకాంతమణియుక్పర్యంకభాగంబునన్\nశ్రీసీతాసతిఁ గూడ వేడ్కలలరం గ్రీడించు మిమ్మెప్పుడున్\nమా సన్మానసవీథిఁ గొల్చెదము రామా! భక్తమందారమా!	saardulamu	vruttamu	కూచిమంచి జగన్నాథకవి	bhakti	Bhaktamandaara
p24	అస్తోకామలకీర్తికామ! లసదుద్యన్నీరదశ్యామ! భూ\nవిస్తారప్రభుతాలలామ! త్రిజగత్ప్రఖ్యాతసన్నామ! ధీ-\nరస్తుత్యోరుగుణాభిరామ! భుజసారస్ఫారపౌలస్త్యదు-\nర్మస్తస్తోమవిరామ! ధీమహిత! రామా! భక్తమందారమా!	saardulamu	vruttamu	కూచిమంచి జగన్నాథకవి	bhakti	Bhaktamandaara
p25	కదనప్రాంగణకార్తికేయ! విలసద్గాంగేయకౌశేయ! భా-\nస్వదుదంచద్ఘననీలకాయ! త్రిజగత్సంరక్షణోపాయ! స-\nమ్ముదితాశేషమరున్నికాయ! దివిషన్ముఖ్యాతిగేయా! గరు-\nత్మదమేయాశ్వ! సుధీవిధేయగుణ! రామా! భక్తమందారమా!	mattebhamu	vruttamu	కూచిమంచి జగన్నాథకవి	bhakti	Bhaktamandaara
p26	దండం బీయదె నీకుఁ గైకొనుము దోర్దండాగ్రజాగ్రన్మహో-\nదండోత్తాలవిశాల దివ్యతరకోదండాగ్రనిర్ముక్త స-\nత్కాండవ్రాతవిఖండితాహితశిరఃకాండా! కనత్కుండలా!\nమాండవ్యాది తపోధనప్రణుత! రామా! భక్తమందారమా!	saardulamu	vruttamu	కూచిమంచి జగన్నాథకవి	bhakti	Bhaktamandaara
p27	వింతల్‍గాఁ గడు మీకు సత్కృతులు గావింతున్ దుషారాద్రిజా-\nకాంతాక్రాంతజటాంతరాళవిలుఠద్గంగాతరంగచ్ఛటో-\nత్క్రాంతాత్యంత ఝళంఝళన్నినద రంగద్ధాటి మీఱంగ సా-\nమంతా! సంతతశాంతిమంత! జయరామా! భక్తమందారమా!	saardulamu	vruttamu	కూచిమంచి జగన్నాథకవి	bhakti	Bhaktamandaara
p28	రకపుం గావ్యకళాకలాపరచనాప్రాగల్భ్యసంసిద్ధికై\nప్రకటప్రేమ భజింతు నీశ మకుటప్రస్ఫీతగంగాజలా-\nధికమాధుర్యకవిత్వధూర్వహన ధీదివ్యప్రభావాఢ్యఁ ది-\nమ్మకవిశ్రేష్ఠు మదగ్రజున్ మదిని రామా! భక్తమందారమా!	mattebhamu	vruttamu	కూచిమంచి జగన్నాథకవి	bhakti	Bhaktamandaara
p29	సకలాభీష్టఫలప్రదాయకుఁడవై చంచద్దయాశాలివై\nప్రకటస్నేహరసార్ద్రమానసుఁడవై భంగీకృతానేకపా-\nతకఘోరామయశాత్రవోత్కరుడవై ధాత్రీసుతం గూడి మా-\nమక చిత్తాబ్జమునన్ వసించు మొగి, రామా! భక్తమందారమా!	mattebhamu	vruttamu	కూచిమంచి జగన్నాథకవి	bhakti	Bhaktamandaara
p30	పలుమాఱున్ భవదీయకావ్యరచనాప్రాగల్భ్య మొప్పార ని-\nన్గొలుతున్ మామక మానసాబ్జమున బొంకుల్ గావు నీ వెచ్చటం\nగలలోనం బొడకట్ట విట్టి వగ బాగా! మేల్! బళా! శ్యామకో-\nమలవిభ్రాజితమందరావయవ! రామా! భక్తమందారమా!	mattebhamu	vruttamu	కూచిమంచి జగన్నాథకవి	bhakti	Bhaktamandaara
p31	కంజాతప్రభవాండభాండచయరంగచ్చేతనాచేతనా-\nళిం జెన్నారఁగఁ బ్రోదిసేతువని హాళిన్ ధీజనుల్ దెల్ప హృత్\nకంజాతంబున మిమ్ము గొల్తు నను వేడ్కన్ వేగ రక్షింపుమీ\nమంజుశ్రీకరుణాకటాక్షమున రామా! భక్తమందారమా!	saardulamu	vruttamu	కూచిమంచి జగన్నాథకవి	bhakti	Bhaktamandaara
p32	తళుకుం బంగరుకామ గుబ్బగొడు గందంబొప్ప శత్రుఘ్నుఁడ-\nర్మలి బట్టన్ భరతుండు చామరము గూర్మి న్వీవఁగా లక్ష్మణుం-\nడలదుం దూపుల విల్లు డాల్పఁ గపిసేనాధీశ్వరుల్ గొల్వ ని-\nర్మలలీలం గొలువుండు నిన్ దలఁతు రామా! భక్తమందారమా!	mattebhamu	vruttamu	కూచిమంచి జగన్నాథకవి	bhakti	Bhaktamandaara
p33	నిక్కంబారయఁ దావకాంఘ్రివిలసన్నీరేరుహద్వంద్వమే\nదిక్కెల్లప్పుడు మాకటంచు మదినెంతే వేడ్క భావించెదన్\nజిక్కుల్ పన్నక నమ్మికిచ్చి సరగం జేపట్టి రక్షింపు స-\nమ్యక్కారుణ్యకటాక్షవీక్ష నను రామా! భక్తమందారమా!	saardulamu	vruttamu	కూచిమంచి జగన్నాథకవి	bhakti	Bhaktamandaara
p34	అతసీపుష్పసమానకోమలవినీలాంగున్ సముద్యన్మహో-\nన్నతకోదండనిషంగగంగు బలవన్నక్తంచరాఖర్వప-\nర్వతజీమూతతురంగుఁ గింకరజనవ్రాతావనాత్యంతర-\nమ్యతరాపాంగుని నిన్ భజింతు మది రామా! భక్తమందారమా!	mattebhamu	vruttamu	కూచిమంచి జగన్నాథకవి	bhakti	Bhaktamandaara
p35	ఆర్తత్రాణపరాయణుండవని నిన్నత్యంతమున్ సజ్జను-\nల్గీర్తింపన్ విని తావకీన పదనాళీకద్వయంబాత్మ వి-\nస్ఫూర్తిం జెందఁగ నెంతు నెల్లపుడు నన్బోషింపుమీ సత్కృపన్\nమార్తాండద్విజరాజసన్నయన! రామా! భక్తమందారమా!	saardulamu	vruttamu	కూచిమంచి జగన్నాథకవి	bhakti	Bhaktamandaara
p36	మదనాగాశ్వశతాంగ కాంచనకనన్మాణిక్యభూషా మృగీ\nమదదివ్యాంబరచామరధ్వజ లసన్మంజూషికాందోళికా-\nమృదుతల్పార్థసమృద్ధిగల్గి పిదప న్నీ సన్నిధిం జేరు నిన్\nమదిలో నెప్పుడు గొల్చు మానవుఁడు రామా! భక్తమందారమా!	mattebhamu	vruttamu	కూచిమంచి జగన్నాథకవి	bhakti	Bhaktamandaara
p37	శ్రీకంఠాంబుజసంభవేంద్రరవిశోచిష్కేశముఖ్యామరా-\nనీకంబుల్ గడుభక్తి నిన్ గొలిచి పూన్కిన్ ధన్యులైనారు నేఁ-\nడాకాంక్షన్ భజియింతు మేమఱక చిత్తానంద మొందింపుమా\nమాకుం బ్రాపును దాపు నీవగుచు రామా! భక్తమందారమా!	saardulamu	vruttamu	కూచిమంచి జగన్నాథకవి	bhakti	Bhaktamandaara
p38	ఇనుఁ డద్దంబగు నగ్ని నీరగు భుజగేంద్రుండు పూదండయౌ\nవనధుల్ పల్వలపంక్తులే జలధరాధ్వం బిల్లెయౌ రాజయో-\nగనిరూఢస్థితిఁ దావకీన పదయుగ్మం బెల్లకాలంబు ప్రే-\nమ నెదం బూని భజించు ధన్యులకు రామా! భక్తమందారమా!	mattebhamu	vruttamu	కూచిమంచి జగన్నాథకవి	bhakti	Bhaktamandaara
p39	ముదమొప్పార నిరంతరంబు బలవన్మోక్షప్రదామేయభా-\nస్వదుదలచ్ఛవదంఘ్రితామరససేవాసక్తచిత్తంబు దు-\nర్మదులం జేరునే పారిజాతసుమనోమత్తద్విరేఫంబు దా\nమదనోర్వీజము చెంతకుం జనునె రామా! భక్తమందారమా!	mattebhamu	vruttamu	కూచిమంచి జగన్నాథకవి	bhakti	Bhaktamandaara
p40	ఖండించున్ బహుజన్మసంచితచలద్గాఢోగ్రదోషావలిం\nజండప్రక్రియ శైలజావినుతభాస్వచ్చారుదివ్యన్మహో-\nద్దండశ్రీ భవదీయనామ మిలమీఁదన్ భూతభేతాళకూ-\nష్మాండవ్రాతఘనాఘనశ్వనన రామా! భక్తమందారమా!	saardulamu	vruttamu	కూచిమంచి జగన్నాథకవి	bhakti	Bhaktamandaara
p41	సారాసారకృపాకటాక్షమున నిచ్చల్ భూర్భువస్వః త్రిలో-\nకారూఢాఖిలజంతుజాలముల నెయ్యం బొప్పఁగాఁ బ్రోచు ని-\nన్నారాధించి సుఖింపలేక శిలలం బ్రార్థింతురెంతే నప-\nస్మారభ్రాంతిమదాత్మమూఢు లిల రామా! భక్తమందారమా!	saardulamu	vruttamu	కూచిమంచి జగన్నాథకవి	bhakti	Bhaktamandaara
p42	ధర్మంబంచు నధర్మమంచుఁ గడుమిథ్యాలీల లేపారఁగా\nనిర్మాణం బొనరించి ప్రాణులను నిర్నిద్రప్రభావంబులన్\nబేర్మిం జెందఁగఁ జేసి యంత్రకుగతిన్ బిట్టూరకే త్రిప్పు నీ\nమర్మం బెవ్వ రెఱుంగఁగాఁ గలరు? రామా! భక్తమందారమా!	saardulamu	vruttamu	కూచిమంచి జగన్నాథకవి	bhakti	Bhaktamandaara
p43	సందేహింపక కొంచకెప్పుడు హృదబ్జాతంబులో భక్తి నీ\nయందంబై తగుమూర్తి నిల్పికొని యత్యాసక్తి సేవించువాఁ\nడొందుం గుప్పున వాంఛితార్థములు బాగొప్పారు వందారు స-\nన్మందారంబవు గావె నీ వరయ, రామా! భక్తమందారమా!	saardulamu	vruttamu	కూచిమంచి జగన్నాథకవి	bhakti	Bhaktamandaara
p44	అరిషడ్వర్గముఁ బాఱఁద్రోలి సకలవ్యామోహముల్ వీడి సు-\nస్థిరయోగాంతరదృష్టి మీ చరణముల్ సేవించు పుణ్యాత్మకుల్\nవరవైకుంఠపురాంతరాళమున భాస్వల్లీలలన్ ముక్తి తా-\nమరసాక్షీరతికేలిఁ జొక్కుదురు రామా! భక్తమందారమా!	mattebhamu	vruttamu	కూచిమంచి జగన్నాథకవి	bhakti	Bhaktamandaara
p45	ప్రాణివ్యూహలలాటభాగముల లీలాలోలచిత్తంబునన్\nపాణీకోకిలవాణినాథుఁడు లిఖింపంబొల్చు భాగ్యాక్షర-\nశ్రేణిం బెంపఁ గరంబె యెవ్వరికి సంసిద్ధంబు స్వారాట్ఛిరో-\nమాణిక్యస్ఫురదంఘ్రితామరస రామా! భక్తమందారమా!	saardulamu	vruttamu	కూచిమంచి జగన్నాథకవి	bhakti	Bhaktamandaara
p46	మొదలంజేసిన పుణ్యపాపములు సన్మోదాతిఖేదంబులై\nయదన న్వచ్చి భుజింపఁ బాలుపడు నాహా! యెవ్వరి న్వేఁడిన\nన్వదలంజాల వవెన్నిచందములఁ దా వారింపఁ జింతించినన్\nమదనారాతికినైనఁ దథ్యమిది రామా! భక్తమందారమా!	mattebhamu	vruttamu	కూచిమంచి జగన్నాథకవి	bhakti	Bhaktamandaara
p47	ఇందందున్ సుఖమీయఁజాలని మహాహేయార్థసంసారఘో-\nరాంధూబృందనిబద్ధులై సతతమన్యాయప్రచారంబులన్\nగ్రిందున్మీఁదును గానకెంతయును రక్తిన్ ధాత్రి వర్తింతురౌ\nమందుల్ సుందరమందహాసముఖ రామా! భక్తమందారమా!	saardulamu	vruttamu	కూచిమంచి జగన్నాథకవి	bhakti	Bhaktamandaara
p48	నరుఁడెల్లప్పుడు నాజవంజవభరానమ్రాత్ముఁడై యున్నఁగా-\nని రహస్యంబుగ నీ పదద్వయము ధ్యానింపన్ వలెన్ భక్తితో\nబరమానందసుధాసారనుభవలిప్సాబుద్ధియై నుర్విఁ గు-\nమ్మరిపుర్వుం బలెఁ బంకదూరగతి రామా! భక్తమందారమా!	mattebhamu	vruttamu	కూచిమంచి జగన్నాథకవి	bhakti	Bhaktamandaara
p49	దానం బాభరణంబు హస్తమునకు దద్‍జ్ఞానికి న్నీపద-\nధ్యానం బాభరణంబు భూసురున కత్యంతంబ గంగానదీ-\nస్నానం బాభరణంబు భూతలమునన్ నాడెంపుటిల్లాలికిన్\nమానం బాభరణంబు తథ్యమిది రామా! భక్తమందారమా!	saardulamu	vruttamu	కూచిమంచి జగన్నాథకవి	bhakti	Bhaktamandaara
p50	ఉద్యానాదిక సప్తసంతతుల బాగొప్పార నిల్పన్ వలెన్\nసద్యోదానమునన్ బుధాళి కెపుడున్ సంప్రీతి సల్పన్ వలెన్\nప్రోద్యద్విద్యలు సంగ్రహింపవలె నిత్యోత్సాహియై మర్త్యుఁ డో\nమాద్యద్దానవకాననజ్వలన! రామా! భక్తమందారమా!	saardulamu	vruttamu	కూచిమంచి జగన్నాథకవి	bhakti	Bhaktamandaara
p51	నిను భక్తిన్ భజియించినన్ గురువుల న్నిత్యంబు సేవించినన్\nధనవంతుండయి గర్వదూరుఁడగుచున్ ధర్మంబు గావించినన్\nజనతామోదకపద్ధతి న్మెలఁగినన్ జారుండు గాకుండినన్\nమనుజుం డారయ దేవుఁ డిమ్మహిని రామా! భక్తమందారమా!	mattebhamu	vruttamu	కూచిమంచి జగన్నాథకవి	bhakti	Bhaktamandaara
p52	అన్యాయంబు దొఱంగి యెల్లరకు నత్యానంద మింపొంద సౌ-\nజన్యప్రక్రియ నేల యేలునతఁడున్ శాస్త్రానుసారంబుగాఁ\nగన్యాదానము సేయు నాతఁడును వేడ్కన్ భూసురున్ బిల్చి స-\nన్మాన్యం బిచ్చినవాడు ధన్యుడిల రామా! భక్తమందారమా!	saardulamu	vruttamu	కూచిమంచి జగన్నాథకవి	bhakti	Bhaktamandaara
p53	చెఱువున్ సూనుఁడుఁ దోటయుం గృతియు నిక్షేపంబునుం దేవమం-\nదిరమున్ విప్రవివాహమున్ జగతి నెంతే వేడ్క గావించుచున్\nనిరతంబున్ భవదీయపాదవిలసన్నీరేరుహద్వంద్వ సం-\nస్మరణం బూనెడువాఁడు ముక్తుఁడగు రామా! భక్తమందారమా!	mattebhamu	vruttamu	కూచిమంచి జగన్నాథకవి	bhakti	Bhaktamandaara
p54	ఆకాంక్షన్ గృహదాసికాసురతలీలాసక్తి వర్తించినన్\nలోకస్తుత్యచరిత్ర! సత్కులవధూలోలుండు గాకుండినన్\nకోకాప్తాస్తమయోదయంబుల యెడన్ గూర్కూనినన్ మర్త్యుపై\nమా కారుణ్యకటాక్ష మూన దిల రామా! భక్తమందారమా!	saardulamu	vruttamu	కూచిమంచి జగన్నాథకవి	bhakti	Bhaktamandaara
p55	వృషలీభర్తయు దేవలుండు నటుఁడున్ వేదాభిశస్తుండు మా-\nహిషికుం డగ్నిద కుండగోళకులునున్ హింసాపరస్వాంతుడున్\nవిషదుండుం గొఱగాఁడు పంక్తి కెపుడుర్విన్ భక్తసంఘాతక-\nల్మషమత్తద్విరదౌఘ పంచముఖరామా! భక్తమందారమా!	mattebhamu	vruttamu	కూచిమంచి జగన్నాథకవి	bhakti	Bhaktamandaara
p56	అగసాలిన్ దిలఘాతకున్ యవనునిన్ వ్యాపారి దాసున్ విటున్\nజగతీనాథుని వేటకాని గణికన్ జండాలునిన్ జోరునిన్\nబ్రెగడం గోమటి జూదరిన్ బుధజనుల్ పెన్రొక్కమర్పింప న-\nమ్మఁగ రాదెంతయుఁ దథ్య మిద్ధరణి రామా! భక్తమందారమా!	mattebhamu	vruttamu	కూచిమంచి జగన్నాథకవి	bhakti	Bhaktamandaara
p57	కుకవుల్ కూళలు కొంటెతొత్తుకొడుకుల్ కొండీలు కోనారులుం\nదకతైతత్తలవారు పాచకులు జూదంబాడువారు న్మహిం\nబ్రకటంబై సిరిగాంచిరీ కలియుగప్రామాణ్య మాశ్చర్య మో\nమకరాక్షాసురగర్వసంహరణ రామా! భక్తమందారమా!	mattebhamu	vruttamu	కూచిమంచి జగన్నాథకవి	bhakti	Bhaktamandaara
p58	కలికాలంబున వైద్యలక్షణపరీక్షాశూన్యమూఢావనీ-\nతలనాథుల్ బలుమోటకాఁపుదొరలున్ దట్టంబుగా బిల్చి మం-\nదుల వేయింప భుజించి క్రొవ్వి కడువైద్యుల్ గారె సిగ్గేది? త-\nమ్మళులన్ నంబులు క్షౌరకాంత్యజులు రామా! భక్తమందారమా!	mattebhamu	vruttamu	కూచిమంచి జగన్నాథకవి	bhakti	Bhaktamandaara
p59	దీనత్వంబునఁ గూడులేక చెడి యెంతే భైక్ష్యముల్ గొంచు ల-\nజ్జానామంబులు లేకయుంబు బలురాజన్యుండు చేపట్టి దా\nనానావస్తువులిచ్చి వైభవమిడన్ న్యాయజ్ఞుఁడై వాఁడిలన్\nమానం జాలునె తొంటినీచగతి రామా! భక్తమందారమా!	saardulamu	vruttamu	కూచిమంచి జగన్నాథకవి	bhakti	Bhaktamandaara
p60	ఎన్నం గార్ధభ ముత్తమాశ్వమగునే; హీనుండు దాతృత్వసం-\nపన్నుండౌనె; ఖలుండు పుణ్యుఁడగునే; పల్గాకి సాధౌనె; క-\nల్జున్నౌనే; మహిషంబ హస్తి యగునే; జోరీగ దేఁటౌనెటుల్\nమన్నుం బిల్లి మృగేంద్రమౌనె భువి రామా! భక్తమందారమా!	saardulamu	vruttamu	కూచిమంచి జగన్నాథకవి	bhakti	Bhaktamandaara
p61	ధరలోనన్ సుకవిప్రణీతబలవద్ధాటీనిరాఘాటభా-\nస్వర సత్కావ్యకథాసుధారసపరీక్షాదీక్ష విద్వన్మహా-\nపురుషశ్రేష్ఠున కబ్బు పామరునకే పోల్కిన్ లభించున్ సదా\nమరుదాత్మోద్భవసేవితాంఘ్రి నల! రామా! భక్తమందారమా!	mattebhamu	vruttamu	కూచిమంచి జగన్నాథకవి	bhakti	Bhaktamandaara
p62	పద్యంబేల పిసిండి? కీప్సితము దీర్పన్ లేని జేజేకు నై-\nవేద్యంబేల? పదార్థచోరునకు నుర్విన్ వేదవేదాంతస-\nద్విద్యాభ్యాసకబుద్ధియేల? మది భావింపంగ నెల్లప్పుడున్\nమద్యం బానెడువానికేల సుధ? రామా! భక్తమందారమా!	saardulamu	vruttamu	కూచిమంచి జగన్నాథకవి	bhakti	Bhaktamandaara
p63	కుజనున్ ధర్మతనూజుఁడంచు నతిమూర్ఖున్ భోజరాజంచు ఘో-\nరజరాభారకురూపకారిని రమారామాకుమారుండటం-\nచు జడత్వంబున వేఁడి కాకవులు కాసుం గానరెన్నంగ సా-\nమజరాజోగ్రవిపద్దశాపహర! రామా! భక్తమందారమా!	mattebhamu	vruttamu	కూచిమంచి జగన్నాథకవి	bhakti	Bhaktamandaara
p64	చలదశ్వత్థతరుప్రవాళమనుచున్ సారంగహేరంబటం-\nచలరుం దింటెనపూవటంచు ముకురంబంచున్ భ్రమన్ సజ్జనుల్\nకళలూరంగ రమించుచున్ వదల రేకాలంబు ముగ్ధాంగనా-\nమలమూత్రాకరమారమందిరము రామా! భక్తమందారమా!	mattebhamu	vruttamu	కూచిమంచి జగన్నాథకవి	bhakti	Bhaktamandaara
p65	సరసుం డాతఁడు పెద్ద యాతఁడు మహాసౌందర్యవంతుం డతం\nడరిహృద్భీకరశౌర్యధుర్యుఁ డతఁ డుద్యద్దానకర్ణుం డతం\nడురుగోత్రోద్భవుఁ డాత డెవ్వడిల నుద్యోగార్థసంపన్నుఁడౌ\nమరుదీశోపలనీలమూర్తి ధర! రామా! భక్తమందారమా!	mattebhamu	vruttamu	కూచిమంచి జగన్నాథకవి	bhakti	Bhaktamandaara
p66	విత్తంబొత్తుగఁ గూర్చి మానవుఁడు దుర్వృత్తిం బ్రవర్తించి యు-\nవ్వెత్తుం దేహమెఱుంగలేక తిరుగున్ హేలాగతిన్ బత్తిఁ దాఁ\nజిత్తాంబ్జంబున మిమ్ముఁ గొల్వఁ డెపు డిస్సీ యెంత పాపంబొకో\nమత్తారాతినిశాటసంహరణ! రామా! భక్తమందారమా!	saardulamu	vruttamu	కూచిమంచి జగన్నాథకవి	bhakti	Bhaktamandaara
p67	శమ మావంతయుఁ బూననొల్లఁడు గరిష్ఠజ్ఞానవిద్యావిశే-\nషము గోరంతయు నాత్మలోఁ దలఁపఁ డాచారప్రచారంబు ధ-\nర్మము వీసంబును జేయఁజాలఁడు గదా మందుండు పెన్ రొక్కపున్\nమమతన్ దేహమెఱుంగలేక ధర రామా! భక్తమందారమా!	mattebhamu	vruttamu	కూచిమంచి జగన్నాథకవి	bhakti	Bhaktamandaara
p68	ధాటీపాటవచాటుకావ్యరచనోద్యద్ధోరణీసారణీ-\nవాటీకోద్గతి సత్కవీశ్వరుఁడు నిత్యంబుం దమున్ వేఁడఁగా\nవీటీఘోటకహాటకాదు లిడ రుర్విన్ నిర్దయాబుద్ధిచే\nమాటే బంగరు నేటి రాజులకు రామా! భక్తమందారమా!	saardulamu	vruttamu	కూచిమంచి జగన్నాథకవి	bhakti	Bhaktamandaara
p69	కాయస్థు ల్గణికాజనంబులు తురుష్కశ్రేణులున్ దుష్టదా-\nసేయుల్ వైద్యులునుం బురోహితులు దాసీభూతముల్ గాయకుల్\nబోయల్ గొందఱు లోభిభూవరు ధనంబున్ సంతతంబున్ మహా-\nమాయాజాలము పన్ని లాగుదురు రామా! భక్తమందారమా!	saardulamu	vruttamu	కూచిమంచి జగన్నాథకవి	bhakti	Bhaktamandaara
p70	శ్రీలక్ష్మీ మదయుక్తుఁడై నృపుఁడు వాసిం బేర్చు భూదేవునిం\nగేలింబెట్టి తదీయకోపమహిమన్ గీడొంచు నెట్లన్న ది-\nక్ఖేలత్కీర్తి త్రిశంకుం డల్క నలశక్తిం బల్కి తద్వాగ్గతిన్\nమాలండై చెడిపోవడోట మును, రామా! భక్తమందారమా!	saardulamu	vruttamu	కూచిమంచి జగన్నాథకవి	bhakti	Bhaktamandaara
p71	రసికత్వంబును దానధర్మగుణముం బ్రత్యర్థిశిక్షాకళా-\nభ్యసనప్రౌఢిమ సాధుబంధుజనతాత్యంతావనోపాయలా-\nలసచిత్తంబును దృప్తియుం గొఁఱత వాలాయంబు దానెంచఁ దా-\nమసమే మిక్కిలి దుర్నరేంద్రులకు రామా! భక్తమందారమా!	mattebhamu	vruttamu	కూచిమంచి జగన్నాథకవి	bhakti	Bhaktamandaara
p72	అతికష్టం బొనరించి భూమిజనుఁ డత్యాసక్తి విత్తంబు వి-\nస్తృతభంగిం గడియింపఁగా నెఱిఁగి ధాత్రీకాంతు లుద్దండప-\nద్ధతి వానిం గొనిపోయి కొట్టి మిగులం దండించి యా సొమ్ము స-\nమ్మతిఁ గైకొండ్రు మఱెంత నిర్దయులొ రామా! భక్తమందారమా!	mattebhamu	vruttamu	కూచిమంచి జగన్నాథకవి	bhakti	Bhaktamandaara
p73	దానంబిల్లె, దయారసంబు నహి, సద్ధర్మంబు తీర్, మీ పద-\nధ్యానంబున్ గడులొచ్చు సత్యవచనవ్యాపారముల్ సున్న సు-\nజ్ఞానం బెంతయు నా స్తి సాధుజనసన్మానేచ్ఛ లేదెన్న నీ\nక్ష్మానాథాధమకోటి కేది గతి రామా! భక్తమందారమా!	saardulamu	vruttamu	కూచిమంచి జగన్నాథకవి	bhakti	Bhaktamandaara
p74	తనువుల్ నిక్కములంచు నెంచుకొని యత్యంతదుర్మార్గవ-\nర్తనులై నిర్దయమీఱ భూమిప్రజలం దండించి విత్తంబు లా-\nర్జవము ల్సేయుచు గొందులం దొదిగి నిచ్చల్గానరాకుంద్రు ఛీ!\nమనుజాధీశుల కేఁటి ధర్మములు రామా! భక్తమందారమా!	mattebhamu	vruttamu	కూచిమంచి జగన్నాథకవి	bhakti	Bhaktamandaara
p75	మురుగుల్ ప్రోగులు నుంగరాల్సరిపిణీ ల్ముక్తామణిహారముల్\nతురంగంబు ల్గరు లందబులు భటస్తోమంబులున్ రాజ్యమున్\nస్థిరమంచున్ మది నమ్మి పాపములు వే సేతు ర్మదోన్మత్తపా-\nమరభూవిష్టపదుష్టనాయకులు రామా! భక్తమందారమా!	mattebhamu	vruttamu	కూచిమంచి జగన్నాథకవి	bhakti	Bhaktamandaara
p76	మకరోగ్రక్రకచాగ్రజాగ్రదురుసమ్యక్ఛాతదంష్ట్రాక్షత\nప్రకటాంఘ్రిద్వయనిర్గళద్రుధిరధారాపూరఘోరవ్యధా-\nచకితుండై మొఱసేయ నగ్గజపతిన్ సంప్రీతి రక్షింపవే\nమకుటీభూతశశాంకచాపహర! రామా! భక్తమందారమా!	mattebhamu	vruttamu	కూచిమంచి జగన్నాథకవి	bhakti	Bhaktamandaara
p77	అమరేంద్రాది సమస్తదేవభయదాహంకారహుంకార దు-\nర్దదబాహాబలసింహనాద పటుకోదండోగ్రబాణచ్ఛటా-\nసమజాగ్రత్ఖరదూషణాసురుల భాస్వద్దండకారణ్యసీ-\nమ మును ల్మలని మెచ్చఁ ద్రుంచితివి రామా! భక్తమందారమా!	mattebhamu	vruttamu	కూచిమంచి జగన్నాథకవి	bhakti	Bhaktamandaara
p78	నే నీ బంటను నీవు నా దొర విదే నిక్కంబటంచు న్మదిన్\nనానాభంగుల నమ్మి కొల్చితినె యెన్నాళ్ళాయె జీతంబు కా-\nసైన న్నేఁటి కొసంగవైతి భళి యాహా! లెస్స! బాగాయెగా!\nమౌనీంద్రాశయపద్మషట్చరణ! రామా! భక్తమందారమా!	saardulamu	vruttamu	కూచిమంచి జగన్నాథకవి	bhakti	Bhaktamandaara
p79	వందిం బోలి భవత్కథావళులనే వర్ణింతు నత్యంత మీ\nచందం బొందఁగఁ గొందలం బుడిపి నిచ్చల్లచ్చి హెచ్చంగ నీ\nవందందుం దిరుగంగబోక దయ నాయందుండు మెల్లప్పుడున్\nమందప్రక్రియ మాని పూనికను రామా! భక్తమందారమా!	saardulamu	vruttamu	కూచిమంచి జగన్నాథకవి	bhakti	Bhaktamandaara
p80	పదపద్యంబు లొనర్చి నీకొసగనో ప్రాజ్ఞుల్ నుతింపగ మీ\nపదపద్మంబులు భక్తితోడ మదిలో భావింపనో? యేమిటం\nగొదవే దేఁటికి జాగుచేసెదవ ? కోర్కులు దీర్పు వేవేగ! శా-\nమదరాతిక్షణదాచరప్రమద! రామా! భక్తమందారమా!	mattebhamu	vruttamu	కూచిమంచి జగన్నాథకవి	bhakti	Bhaktamandaara
p81	జయమొప్పార నిను న్మదీయహృదయాబ్జాతంబునం గొల్తు నే-\nరములెల్లన్ క్షమచేసి ప్రోతువనుచున్ రాఁగం జనన్ నీదు చి-\nత్తము నా భాగ్య మదెట్టిదో యెఱుగ తథ్యం బిద్ధసంగ్రామధా-\nమమహాకాయవిరామశాతశర! రామా! భక్తమందారమా!	mattebhamu	vruttamu	కూచిమంచి జగన్నాథకవి	bhakti	Bhaktamandaara
p82	జయ! నారాయణ! భక్తవత్సల! హరే! శౌరే! జగన్నాయకా\nజయ! సీతాహృదయేశ! శేషశయనా! శశ్వద్దయాసాగరా!\nజయ! పీతాంబర! రామచంద్ర! జలదశ్యామాంగ! విష్ణో! నిరా-\nమయ! లీలామనుజావతారధర! రామా! భక్తమందారమా!	mattebhamu	vruttamu	కూచిమంచి జగన్నాథకవి	bhakti	Bhaktamandaara
p83	సరసప్రస్తుత కూచిమంచికులభాస్వద్వార్ధిరాకాసుధా-\nకరుఁడన్ గంగనమంత్రినందనుఁడ! రంగత్తిమ్మభూమండలే-\nశ్వరపర్యార్పిత “బేబదల్” బిరుదవిస్ఫాయజ్జగన్నాథనా\nమ రసజ్ఞుండను బ్రోవు మెప్డు నను రామా! భక్తమందారమా!	mattebhamu	vruttamu	కూచిమంచి జగన్నాథకవి	bhakti	Bhaktamandaara
p84	శ్రీకైలాస మహామహీధర శిరఃశృంగాటకాంచన్మణి-\nప్రాకారాంతర చంద్రకాంత రజతప్రాసాదశుద్ధాంత సిం-\nహాకారోన్నతహేమపీఠమునఁ గొల్వైయుండు నిన్నెన్నెదన్\nరాకాచంద్రనిభప్రభాకలిత! భర్గా! పార్వతీవల్లభా!	saardulamu	vruttamu	కూచిమంచి తిమ్మకవి	bhakti	Bharga
p85	శుక శాండిల్య మృకండుజాత్రి కలశీసూనుల్ భరద్వాజ శౌ-\nనక వాల్మీకి వసిష్ఠ గర్గ భృగు మాండవ్యాజసంభూత కౌ-\nశిక కణ్వాది మహర్షిశేఖరులు నిన్ జింతింపఁగా లేరు, కొం-\nకక నేనెంతటివాఁడ నిన్బొగడ భర్గా! పార్వతీవల్లభా!	mattebhamu	vruttamu	కూచిమంచి తిమ్మకవి	bhakti	Bharga
p86	వేమాఱున్ భవదీయ పావనకళావిఖ్యాతకావ్యక్రియా-\nసామీచీన్య హృదంతరాళకవిరాట్సంక్రదనశ్రేణికిన్\nసామర్థ్యం బొనగూర్చి మంచినుడువుల్ సంప్రీతి నొందించు వా-\nగ్భామారత్నము లీలమై నిలిచి భర్గా! పార్వతీవల్లభా!	saardulamu	vruttamu	కూచిమంచి తిమ్మకవి	bhakti	Bharga
p87	పులితోల్ముమ్మొనవాలు పాఁపతొడవుల్ భూత్యంతరాగంబు పు-\nన్కలపేర్లెక్కువకన్ను నీలగళమున్ గంగావతంసంబు క్రొ-\nన్నెలపూ వద్రిసుతాసమన్వయము విన్కీల్గంటు లేజింకయున్\nగల నీ మూర్తిఁ దలంతు నెప్పుడును భర్గా! పార్వతీవల్లభా!	mattebhamu	vruttamu	కూచిమంచి తిమ్మకవి	bhakti	Bharga
p88	జగదీశాయ నమోస్తు తే భగవతే చంద్రావతంసాయ ప-\nన్నగహారాయ శివాయ లోకగురవే నానామరుద్రూపిణే\nనిగమాంతప్రతిపాదితాయ విలసన్నిర్వాణనాథాయ ధీ-\nరగుణాఢ్యాయ యటంచు మ్రొక్కిడుదు భర్గా! పార్వతీవల్లభా!	mattebhamu	vruttamu	కూచిమంచి తిమ్మకవి	bhakti	Bharga
p89	మరుదర్కేందుకృశానుయజ్వ గగనాంభకుంభినీమూర్తి నం-\nబరకేశున్ శరణాగతార్తిహరణు న్బాలేందుచూడామణిన్\nధరణీభృత్తనయాస్తనద్వయమిళిత్కస్తూరికాపంకసం-\nకరదోరంతరు నిన్ భజించెదను భర్గా! పార్వతీవల్లభా!	mattebhamu	vruttamu	కూచిమంచి తిమ్మకవి	bhakti	Bharga
p90	నృపసేవా పరకామినీ పరధన ప్రేమాతిరేకంబు లొ-\nక్కపుడుం గూర్పక తావకీన పదపద్మారాధనేచ్ఛారతుల్\nకృప దైవాఱ నొసంగి భక్తవరుగా నేప్రొద్దు నన్బ్రోవుమీ\nకపటారాతినిశాటసంహరణ! భర్గా! పార్వతీవల్లభా!	mattebhamu	vruttamu	కూచిమంచి తిమ్మకవి	bhakti	Bharga
p91	తనర న్నిన్మదినెంతు నెప్పుడును నా దైవంబుగా దాతఁగా\nజనకుంగాఁ జెలికానిగా గురువుఁగా సద్బంధుగా నన్నఁగా\nఘననిక్షేపముగా మహాప్రభునిగాఁ గల్యాణసంధాయిగా\nగనకోర్వీధరకార్ముకోల్లాసిత భర్గా! పార్వతీవల్లభా!	mattebhamu	vruttamu	కూచిమంచి తిమ్మకవి	bhakti	Bharga
p92	వ్యాకీర్ణాచ్ఛజటాటవీతటనితాంతాలంబితోద్యత్తమి-\nస్రాకాంతప్రథితప్రభాసముదయాశ్రాంతప్రఫుల్లన్మహా-\nనాకద్వీపవతీవినిర్మిలజలాంతర్భాగభాగ్దివ్యరే-\nఖాకాంతోత్పలకైరవప్రకర! భర్గా! పార్వతీవల్లభా!	saardulamu	vruttamu	కూచిమంచి తిమ్మకవి	bhakti	Bharga
p93	సతతానందితసర్గ! సర్వసుమనస్సంస్తుత్యసన్మార్గ! యూ-\nర్జితకారుణ్యనిసర్గ! రాజతధరిత్రీభృన్మహాదుర్గ! హృ-\nత్కుతుకాలింగితదుర్గ! సంహృతసమిద్ఘోరద్విషద్వర్గ! సం-\nయతనీరంధ్రసుఖాపవర్గ! జయ! భర్గా! పార్వతీవల్లభా!	mattebhamu	vruttamu	కూచిమంచి తిమ్మకవి	bhakti	Bharga
p94	పురరక్షఃపటుతూల హవ్యవహ! విస్ఫూర్జద్రురుక్రూరగో-\nపరిపంథిక్షణదాచరోరగ మహాపక్షీంద్ర! ఘోరాంధకా-\nసురగంధద్విరదేంద్ర పంచముఖ! యక్షుద్రప్రభావోల్లస-\nత్కరిలేఖద్విషదభ్ర గంధవహ! భర్గా! పార్వతీవల్లభా!	mattebhamu	vruttamu	కూచిమంచి తిమ్మకవి	bhakti	Bharga
p95	కోటీరాంగదమేఖలాఘనతులాకోటీ కవాటీనట-\nద్ఘోటీ హాటకపేటికాభటవధూకోటీ నటాందోళికా-\nవీటీ నాటకచేటికాంబరతతుల్ వే చేకుఱు న్నిన్నిరా-\nఘాటప్రౌఢి భజించు ధన్యులకు భర్గా! పార్వతీవల్లభా!	saardulamu	vruttamu	కూచిమంచి తిమ్మకవి	bhakti	Bharga
p96	కంఠేకాలుఁడటంచు నిన్నెపుడు లోకవ్రాత మగ్గింప వై-\nకుంఠేంద్రాంబుజసంభవప్రముఖులం గోలాహలప్రక్రియం\nగుంఠీభూతులఁ జేయు దుర్భయదకాకోలంబు హేలాగతిన్\nగంఠాగ్రంబునఁ బూనినాఁడవట! భర్గా! పార్వతీవల్లభా!	saardulamu	vruttamu	కూచిమంచి తిమ్మకవి	bhakti	Bharga
p97	నిను డెందంబునఁ జీరికిం గొనక వాణీనాథజంభద్విష-\nద్దనుజారిప్రముఖాఖిలామరతతిన్ దట్టంబుగాఁ గూర్చి యా-\nమున జన్నంబొనరించు దక్షుని దురాత్ము న్వీరభద్రోగ్రసం-\nహననం బూని వధించితౌరా! భళి! భర్గా! పార్వతీవల్లభా!	mattebhamu	vruttamu	కూచిమంచి తిమ్మకవి	bhakti	Bharga
p98	కిరిహంసాకృతులూని వెన్నుఁడును బంకేజాతగర్భుండు నీ\nచరణంబుల్ శిరము న్గనం దలఁచి నిచ్చల్భోగిలోకంబు పు-\nష్కరమార్గంబును రోసి కానక నిరాశం జెందుచో వారలం\nగరుణం బ్రోవవె లింగమూర్తివయి! భర్గా! పార్వతీవల్లభా!	mattebhamu	vruttamu	కూచిమంచి తిమ్మకవి	bhakti	Bharga
p99	నీలాంభోధరమధ్యసంస్థితతటిన్నీకాశమై విస్ఫుర-\nల్లీల న్నివ్వరిముంటి చందమున నెంతే సూక్ష్మమై పచ్చనై\nచాలన్భాసిలు తేజమీవ యనుచు న్స్వాంతంబునం దెన్నుదుర్\nవాలెంబున్ ఘనులైన తాపసులు భర్గా! పార్వతీవల్లభా!	saardulamu	vruttamu	కూచిమంచి తిమ్మకవి	bhakti	Bharga
p100	గొనబార న్విటజంగమాకృతిని మున్ గొంకేది భల్లాణరా-\nయని సద్మంబున కేఁగి యాతని సతి న్బ్రార్థించి యా లేమ య-\nక్కునఁ జక్క న్నెలనాళ్ళబాలకుఁడవై గోమొప్పఁ గన్పట్టితౌఁ\nగన నబ్రంబులు నీ విహారములు భర్గా! పార్వతీవల్లభా!	mattebhamu	vruttamu	కూచిమంచి తిమ్మకవి	bhakti	Bharga
p101	త్రిజగద్రక్షణశక్తిఁ గోరి కమలాధీశుడు నిన్వేయిపం-\nకజపత్త్రంబులఁ బూజసేయునెడ నొక్కండందులేకుండినన్\nనిజనేత్రాబ్జ మతండొసంగినఁ గృప న్వీక్షించితౌఁ జక్ర మ-\nక్కజ మొప్పారఁగ నిచ్చి యేలుకొని భర్గా! పార్వతీవల్లభా!	mattebhamu	vruttamu	కూచిమంచి తిమ్మకవి	bhakti	Bharga
p102	సకలాధీశుఁడ వెన్న నీవొక్కఁడవే సత్యంబు సత్యంబు కొం-\nచక యంతర్బహిరుజ్జ్వలద్భువనరక్షాదీక్షఁ గాకోల ము-\nత్సుకతం గంఠమునందుఁ దాల్చితివి మెచ్చుల్మీఱఁ గ్రూరాత్ములై\nయకటా! మూఢు లెఱుంగఁజాలరిది భర్గా! పార్వతీవల్లభా!	mattebhamu	vruttamu	కూచిమంచి తిమ్మకవి	bhakti	Bharga
p103	ఏరీ నీ కెనయైన దైవతములీ యీరేడులోకంబులన్\nగారామారమృకండుసూనుఁడు మహోగ్రక్రూరమృత్యువ్యథా\nభీరుండై శరణన్న మిత్తి నపుడే పెంపార్చి రక్షించిత-\nయ్యారే! శాశ్వతజీవిగా నతని భర్గా! పార్వతీవల్లభా!	saardulamu	vruttamu	కూచిమంచి తిమ్మకవి	bhakti	Bharga
p104	లోకశ్రేణికి నీవె కర్త వను టాలోకింప నిక్కంబెపో\nవైకుంఠాధిపుఁడైన శౌరి దినరాడ్వంశంబునన్ రాఘవుం-\nడై కన్పట్టి జగద్ధితంబుగ నసంఖ్యన్ శంభులింగంబులన్\nవ్యాకీర్ణేచ్ఛఁ బ్రతిష్ఠ చేసెఁ గద భర్గా! పార్వతీవల్లభా!	saardulamu	vruttamu	కూచిమంచి తిమ్మకవి	bhakti	Bharga
p105	అజినంబు న్వృషఘోటియుం బునుకలు న్హాలాహలంబు న్మహా-\nభుజగంబు ల్శవభస్మము ల్గొఱలఁగా భూతాళితో నుండియున్\nద్రిజగన్మంగళదాయకాకృతిఁ గడున్ దీపించు టబ్రం బహా\nరజనీనాథకళాశిరోభరణ! భర్గా! పార్వతీవల్లభా!	mattebhamu	vruttamu	కూచిమంచి తిమ్మకవి	bhakti	Bharga
p106	డాయన్రాద యటండ్రు మాదృశులు చండాలాదుల న్డాసినన్\nబాయుం బుణ్యచయంబులంచుఁ జదువు ల్పల్కంగ నీ వయ్యయో\nబోయం డెంగిలిమాంసమిచ్చుటకు లోబుల్పూని చేకొంటి వే\nప్రాయశ్చిత్తము కద్దు దీనికిఁక? భర్గా! పార్వతీవల్లభా!	saardulamu	vruttamu	కూచిమంచి తిమ్మకవి	bhakti	Bharga
p107	భంజించుం గద! ఘోరదుష్కృతతతిన్ భస్మత్రిపుండ్రంబుల-\nన్మంజుశ్రీలలితాక్షమాలికలఁ బ్రేమం బూని సద్భక్తి నీ-\nకుం జేమోడ్చు మహానుభావుఁ డెపుడుం కుక్షిస్థలప్రోల్లస-\nత్కంజాతప్రభవాండభాండచయ! భర్గా! పార్వతీవల్లభా!	saardulamu	vruttamu	కూచిమంచి తిమ్మకవి	bhakti	Bharga
p108	శ్రీశైలంబును గుంభఘోణమును గాంచీస్థాన కేదారముల్\nకాశీ ద్వారవతీ ప్రయాగములు నీలక్ష్మాధరావంతికల్\nలేశంబున్ ఫలమీవు నిన్నెపుడు హాళిం గొల్వలేకున్నచోఁ\nగాశాకాశధునీఘనాభరణ! భర్గా! పార్వతీవల్లభా!	saardulamu	vruttamu	కూచిమంచి తిమ్మకవి	bhakti	Bharga
p109	కావేరీ సరయూ మహేంద్రతనయా గంగా కళిందాత్మజా\nరేవా వేత్రవతీ సరస్వతుల కర్థిం బోవఁగానేల నీ\nసేవాసంస్మరణార్చనాదు లెపుడున్ సిద్ధించు మర్త్యాళికిన్\nగ్రైవీభూతభుజంగమప్రవర! భర్గా! పార్వతీవల్లభా!	saardulamu	vruttamu	కూచిమంచి తిమ్మకవి	bhakti	Bharga
p110	తలపోయన్ దిలజాలకాంతరమహాతైలంబు చందానఁ బూ-\nసలలో దారము పోల్కి నాత్మమయతన్ సర్వాంతరస్థాయివై\nవిలసల్లీలల నిండియుండుకొను నిన్వీక్షంపఁగా నేర్చువా-\nరలె ధన్యుల్ గద ముజ్జగంబులను భర్గా! పార్వతీవల్లభా!	mattebhamu	vruttamu	కూచిమంచి తిమ్మకవి	bhakti	Bharga
p111	ఏణాంకుండొకఁడై పయోఘటములందెల్ల న్బహుత్వంబుచే\nరాణం బొల్చు తెఱంగునం బృథుతరబ్రహ్మాండభాండాంతర\nప్రాణిశ్రేణులయందు నీవొకఁడవే రాణింతువౌ సర్వగీ-\nర్వాణస్తుత్యచరిత్ర! యాత్మమయ! భర్గా! పార్వతీవల్లభా!	saardulamu	vruttamu	కూచిమంచి తిమ్మకవి	bhakti	Bharga
p112	ఓంకారప్రముఖాక్షరోచ్చరణసంయోగంబు గావేన్ముఖా-\nలంకారార్థము శబ్దబిందుకళలున్ లక్ష్యప్రయోగక్రియల్\nపొంకంబౌ గురుమార్గముల్ యతిగతిం బో దుష్కృతిం బోలి సా-\nహంకారుండయి ప్రాకృతుండు చెడు భర్గా! పార్వతీవల్లభా!	saardulamu	vruttamu	కూచిమంచి తిమ్మకవి	bhakti	Bharga
p113	ఆకుల్ మెక్కదె మేఁక? చెట్టుకొననొయ్యన్ వ్రేలదే పక్షి? పె-\nన్గాకుల్ గ్రుంకవె నీట? గాలిఁ గొనదే నాగంబు? బల్గొందులన్\nఘూకం బుండదె? కోనలం దిరుగదే క్రోడంబు? నిన్గాంచినన్\nగాకిన్నింటను ముక్తి చేకుఱునె? భర్గా! పార్వతీవల్లభా!	saardulamu	vruttamu	కూచిమంచి తిమ్మకవి	bhakti	Bharga
p114	ధర మృద్దారుశిలామయప్రతిమలన్ దైవంబు లంచుం బర-\nస్పరవాదంబులఁ బోరుచున్ నిబిడసంసారాంధులై మేలు చే-\nకుఱకే మగ్గములోని కండెల గతిన్ ఘోరార్తులై ప్రాకృతుల్\nకరముం జచ్చుచుఁ బుట్టుచుంద్రు గద! భర్గా! పార్వతీవల్లభా!	mattebhamu	vruttamu	కూచిమంచి తిమ్మకవి	bhakti	Bharga
p115	కేదారాదిక పుణ్యభూముల కశక్తిం బోవఁగారాదు; బల్\nపేదర్కంబున దానధర్మవిధు లోలిం జేయఁగారాదు గా-\nకేదే నొక్కతఱిన్ సమస్తభువనాధీశున్ నినుం గొల్వఁగా\nరాదో? కానరుగాక దుర్మతులు భర్గా! పార్వతీవల్లభా!	saardulamu	vruttamu	కూచిమంచి తిమ్మకవి	bhakti	Bharga
p116	తరుణీశుంభదురోజకుంభములపై ధమ్మిల్లబంధంబుపైఁ\nగరమూలంబులపైఁ గపోలములపైఁ గందోయిపై మోముపై\nనిరతంబున్ విహరించు చిత్త మెపుడున్ నీయందొకప్డేనిఁ జే-\nర్పరుగా మూఢు లదేమిదుష్కృతమొ? భర్గా! పార్వతీవల్లభా!	mattebhamu	vruttamu	కూచిమంచి తిమ్మకవి	bhakti	Bharga
p117	హరి దైవంబు విరించి సర్వభువనాధ్యక్షుండు బృందారకే-\nశ్వరుఁడాఢ్యుండు హుతాశనుండు పతి భాస్వంతుండు వేల్పండ్రు\nలో నరయ న్నేరరుగా ‘శివాత్పరతరం నాస్తీ’తివాక్యార్థ మే-\nకరణిం గోవిదులైరొ కాని మఱి! భర్గా! పార్వతీవల్లభా!	mattebhamu	vruttamu	కూచిమంచి తిమ్మకవి	bhakti	Bharga
p118	వేయేనూఱుపురాణముల్ సదివినన్ వేదాంతముల్ గన్న నా-\nమ్నాయంబుల్ పరికించినన్ స్మృతులు వేమాఱుల్ విమర్శించిన\nన్నీయం దాఢ్యత దోఁచుచున్నయదివో నిక్కంబు భావింపఁగా\nగాయత్రీపతివై తనర్చుటను భర్గా! పార్వతీవల్లభా!	saardulamu	vruttamu	కూచిమంచి తిమ్మకవి	bhakti	Bharga
p119	ఆఘంటాపథపద్ధతిన్ శివశివే త్యాలాపసంశీలులై\nరేఘస్రంబులు ద్రోచు పుణ్యతము లుర్విన్ బ్రహ్మహత్యాద్యనే-\nకాఘౌఘంబులు వాసి తావకపదప్రాప్తిన్ విడంబింతురౌ\nద్రాఘిష్ఠప్రభుతాగుణోల్లాసన! భర్గా! పార్వతీవల్లభా!	saardulamu	vruttamu	కూచిమంచి తిమ్మకవి	bhakti	Bharga
p120	మిము సేవించుటచేతఁ గాదె చిరలక్ష్మీసంగతుల్ శౌరికిన్\nనముచిద్వేషికి శాశ్వతస్థితమహానాకాధిపత్యంబు వా-\nగ్రమణీభర్త కశేషసృష్టిరచనాప్రావీణ్యమున్ గల్గె నీ\nక్రమ మజ్ఞుల్ గనలేరు గాని భువి భర్గా! పార్వతీవల్లభా!	mattebhamu	vruttamu	కూచిమంచి తిమ్మకవి	bhakti	Bharga
p121	వాణీశాంబుజలోచనప్రముఖ గీర్వాణార్చితాంఘ్రిద్వయున్\nక్షోణీభాగశతాంగునిన్ గజహరున్ శ్రుత్యంతవేద్యున్ నినున్\nబాణాదిప్రమథోత్తముల్ గొలిచి మేల్పట్టూనిరౌ సంతత-\nప్రాణివ్యూహమనోంబురుడ్భవన! భర్గా! పార్వతీవల్లభా!	saardulamu	vruttamu	కూచిమంచి తిమ్మకవి	bhakti	Bharga
p122	దారిద్ర్యంబు దొలంగు మృత్యువెడలున్ దవ్వౌనఘవ్రాతము\nల్ఘోరవ్యాధులు గండదోషము లడంగున్ జారచోరవ్యథల్\nదూరంబౌ నహితానలగ్రహగణార్తుల్ వీడు నిక్కంబు నీ\nకారుణ్యం బొకయింత గల్గునెడ భర్గా! పార్వతీవల్లభా!	saardulamu	vruttamu	కూచిమంచి తిమ్మకవి	bhakti	Bharga
p123	అమరం ద్వత్పదపంకజాతయుగళధ్యానక్రియాశ్రాంతసం-\nభ్రమలీలన్ విలసిల్లు డెంద మొరులన్ బ్రార్థింపఁగా నేర్చునే?\nసుమనోనిర్ఝరిణీసువర్ణకమలస్తోమాసవాలంపట\nభ్రమరం బేఁగునే తుమ్మకొమ్మలకు భర్గా! పార్వతీవల్లభా!	mattebhamu	vruttamu	కూచిమంచి తిమ్మకవి	bhakti	Bharga
p124	శివుఁ జూడం దగదండ్రు గొందఱధముల్ చిత్రంబు తారెన్నఁడు\nన్రవిచంద్రాగ్నిగృహిక్షమాపవననీరవ్యోమముల్ నీ స్వరూ-\nపవిశేషంబు లటంచుఁ దెల్ప వినరో భావింప నమ్మూర్ఖపుం\nగవు లెల్లం దదధీనతన్ మనరొ భర్గా! పార్వతీవల్లభా!	mattebhamu	vruttamu	కూచిమంచి తిమ్మకవి	bhakti	Bharga
p125	నానాద్వీపధరాధురావహనమాన్యస్ఫారబాహాబలా-\nనూనఖ్యాతిసమేతులైన శశిబిందుక్ష్మాతలేశాదిక\nక్ష్మానాథు ల్చనిపోవుట ల్దెలియరో సత్యంబులా దేహముల్?\nకానంజాలరు గాక దుర్నృపులు భర్గా! పార్వతీవల్లభా!	saardulamu	vruttamu	కూచిమంచి తిమ్మకవి	bhakti	Bharga
p126	చవిలెల్ కాసులు వీసముల్ గొని యథేచ్చాలీలలం బ్రేలు దు-\nష్కవుల న్మెచ్చుచు భవ్యకావ్యఘటనాశాలుల్ ప్రసంగించుచో\nనవివేకక్షితినాయకాధమవరుల్ హాస్యోక్తులం బొల్తురౌ\nకవితాసార మెఱుంగకుండుటను భర్గా! పార్వతీవల్లభా!	mattebhamu	vruttamu	కూచిమంచి తిమ్మకవి	bhakti	Bharga
p127	చెలుల న్బంధుల విప్రులన్ బ్రజల దాసీభృత్యమిత్రాదులం\nగల విత్తంబులు వృత్తులుం గొని కడున్ గారింతు రధ్యక్షతం\nదలపంజాల రదేమొ మీఁదటికథల్ దర్పాంధకారాంధులై\nకలనైనన్ మహిభృద్దురాత్మకులు భర్గా! పార్వతీవల్లభా!	mattebhamu	vruttamu	కూచిమంచి తిమ్మకవి	bhakti	Bharga
p128	మన్నెల్లం దమ సొమ్మటంచు వసుధామర్త్యోత్తమక్షేత్రముల్\nకన్నారం గని యోర్వలేక దిగమ్రింగం జూతు రల్పప్రభుల్\nవెన్నప్పంబులొ బూరెలొ వడలొ భావింపంగ నొబ్బట్లొకో\nయన్నా! యెన్నఁగ వారిపాలి కవి? భర్గా! పార్వతీవల్లభా!	saardulamu	vruttamu	కూచిమంచి తిమ్మకవి	bhakti	Bharga
p129	ప్రజలం గాఱియఁబెట్టి పెట్టియల నర్థంబెప్పుడు న్నించుచున్\nద్విజవిద్వత్కవివందిగాయకుల కేదే నొక్కటీలేక య-\nక్కజమొప్పం బలుమూలలం దిరుగు భూకాంతాంళికిం గీర్తిధ-\nర్మజయౌద్ధత్యము లేక్రియం గలుగు? భర్గా! పార్వతీవల్లభా!	mattebhamu	vruttamu	కూచిమంచి తిమ్మకవి	bhakti	Bharga
p130	ఆజిన్ వైరివరూధినీమథనదీక్షారూఢిఁ గ్రాలన్ వలెన్\nభోజుం బోలి సమస్తయాచకతతిం బోషించుచుండన్ వలెన్\nతేజం బెప్పుడు నుర్విలోఁ బ్రజకుఁ జెందింపన్ వలెన్ గానిచో\nరాజా వాఁడు? తరాజు గాక! భువి, భర్గా! పార్వతీవల్లభా!	saardulamu	vruttamu	కూచిమంచి తిమ్మకవి	bhakti	Bharga
p131	తేజంబొప్పఁ బురాకృతంబున జగద్ధ్యేయత్వదంఘ్రిద్వయీ-\nపూజాపుణ్యఫలంబునం దమరిటుల్ భూపత్వముం గంటకున్\nవ్యాజంబూని కడుం జెడంగవలెనా యాలింపరా యీ నృపుల్\n‘రాజాంతే నరకం వ్రజే’త్తనుట? భర్గా! పార్వతీవల్లభా!	saardulamu	vruttamu	కూచిమంచి తిమ్మకవి	bhakti	Bharga
p132	కవివిద్వద్ధరణీసుధాశనవరుల్ కార్యార్థులై యొద్ద డా-\nసి వడిం జేతులు దోయిలించుకొని యాశీర్వాదముల్సేయ నె-\nక్కువదర్పంబున నట్టిట్టుం బొరలకే కొర్మ్రింగినట్లుండ్రుగా\nరవళిం దుర్నృపు లేమి యీఁగలరొ భర్గా! పార్వతీవల్లభా!	mattebhamu	vruttamu	కూచిమంచి తిమ్మకవి	bhakti	Bharga
p133	గాజుంబూస యనర్ఘరత్నమగునా? కాకంబు రాయంచయౌ-\nనా? జోరీఁగ మధువ్రతేంద్రమగునా? నట్టెన్ము పంచాస్యమౌ-\nనా? జిల్లేడు సురావనీజమగునా? నానాదిగంతంబులన్\nరాజౌనా ఘనలోభిదుర్జనుఁడు? భర్గా! పార్వతీవల్లభా!	saardulamu	vruttamu	కూచిమంచి తిమ్మకవి	bhakti	Bharga
p134	కోపం బెక్కువ, తాల్మి యిల్ల, పరుషోక్తుల్ పెల్లు, సత్యంబు తీల్,\nకాపట్యంబు ఘనంబు, లోభము నహంకారంబు దట్టంబు, హృ-\nచ్చాపల్యం బధికంబు, ద్రోహ మతివిస్తారంబు, ఛీ! యిట్టి దు-\nర్వ్యాపారప్రభు లేరిఁ బ్రోతు రిఁక? భర్గా! పార్వతీవల్లభా!	saardulamu	vruttamu	కూచిమంచి తిమ్మకవి	bhakti	Bharga
p135	హృద్వీథిం గనరుం దిరస్కృతియు బిట్టేపార నొక్కప్పుడున్\nసద్వాక్యంబును దర్శనం బిడని రాజశ్రేణి కాశింతురౌ\n‘విద్వద్దండ మగౌరవం’ బను స్మృతుల్ వీక్షింపరా దుర్నృపా-\nగ్రద్వారంబుల వ్రేలు పండితులు భర్గా! పార్వతీవల్లభా!	saardulamu	vruttamu	కూచిమంచి తిమ్మకవి	bhakti	Bharga
p136	అపవర్గం బొనగూడునో చిరసుఖాహ్లాదంబు చేకూరునో\nజపహోమాధ్యయనార్చనాదిక మహాషట్కర్మము ల్డించి దు-\nష్కపటోపాయవిజృంభమాణధరణీకాంతాధమాగారని-\nష్కపటభ్రాంతి జరింతు రార్యు లిల భర్గా! పార్వతీవల్లభా!	mattebhamu	vruttamu	కూచిమంచి తిమ్మకవి	bhakti	Bharga
p137	అకటా! జుత్తెఁడు పొట్టకై కృపణమర్త్యాధీశగేహాంగణా-\nవకరక్షోణిరజశ్ఛటావిరతసంవ్యాప్తాంగులై క్రుంగి నె-\nమ్మొకముల్ వెల్వెలఁబాఱ వ్రేలు దురదేమో యెందులం బోవనే-\nరక ధీమజ్జను లెంతబేలలొకొ! భర్గా! పార్వతీవల్లభా!	mattebhamu	vruttamu	కూచిమంచి తిమ్మకవి	bhakti	Bharga
p138	సుగుణోద్దామమహాకవింద్రఘటితాక్షుద్రప్రబంధావళుల్\nజగదుద్దండపరాక్రమక్రమవిరాజద్భూమిభృన్మౌళికిన్\nదగుఁ గా కల్పుల కొప్పునే? కరికి ముక్తాకాయమానంబు సొం\nపగుఁ గా కొప్పునే యూరఁబందులకు? భర్గా! పార్వతీవల్లభా!	mattebhamu	vruttamu	కూచిమంచి తిమ్మకవి	bhakti	Bharga
p139	భువిలో మేదరసెట్టి చివ్వతడకల్ పొంకంబుగా నల్లి పె-\nన్రవళిన్ సంతలనెల్లఁ ద్రిప్పు క్రియ దైన్యంబెచ్చఁగా దుష్కవుల్\nతివుటొప్పం జెడుకబ్బపుం దడక లోలిం ద్రిప్పఁగా నద్దిరా!\nకవితల్ కాసుకు గంపెఁడయ్యెఁ గద భర్గా! పార్వతీవల్లభా!	mattebhamu	vruttamu	కూచిమంచి తిమ్మకవి	bhakti	Bharga
p140	భువిలో నిక్కలిదోషహేతుకమునం బొల్పారి గోసంగులున్\nబవినాలు న్బలుమోటకాఁపుదొరలుం బాషండులు న్దాసరుల్\nసివసత్తుల్ నెఱబోయపెద్దలును దాసేయప్రభుల్ దుష్టకా-\nకవులు న్మీఱిరిఁకేమి చెప్పనగు? భర్గా! పార్వతీవల్లభా!	mattebhamu	vruttamu	కూచిమంచి తిమ్మకవి	bhakti	Bharga
p141	తులువ ల్పెట్ట భుజింపలేక ధనమెంతో నెమ్మదిం గూర్చి మూ-\nలల దట్టంబుగఁ బాఁతుకొన్న నృపతు ల్వాలెంబు నిర్మోహులై\nపలుచందంబులఁ గట్టి కొట్టి మిగుల న్బాధించి రోధించుచుం\nగల సొమ్మెల్ల హరించుచుండ్రు గద! భర్గా! పార్వతీవల్లభా!	mattebhamu	vruttamu	కూచిమంచి తిమ్మకవి	bhakti	Bharga
p142	లోకానీకమునందు దుర్గుణులు కల్ముల్ గల్గియున్నప్డు ప-\nల్గాకుల్ దార్కొని మెల్లమెల్లనె దురాలాపంబులం గేరుచుం\nగైకొం డ్రెల్లపదార్థము ల్నిజమహో కార్కూఁతలం గ్రోల్చుచు-\nన్గాకు ల్వేములఁ జేరు చందమున భర్గా! పార్వతీవల్లభా!	saardulamu	vruttamu	కూచిమంచి తిమ్మకవి	bhakti	Bharga
p143	పో! పో! బాఁపఁడ! దోసె డూదలిడినం బోలేక పేరాసల-\nన్వాపోఁ జాగితివేమి! నీ సదువు తిర్నామంబులో! సుద్దులో\nభూపాళంబులొ లంకసత్తెలొ బలా బొల్ల్యావుపోట్లాటలో\nకా! పాటింపనటండ్రు బాలిశులు భర్గా! పార్వతీవల్లభా!	saardulamu	vruttamu	కూచిమంచి తిమ్మకవి	bhakti	Bharga
p144	రాలన్ దైలము తీయవచ్చు భుజగవ్రాతమ్ముల న్బేర్లఁగా\nలీల న్బూనఁగవచ్చు నంబునిధి హాళిం దాఁటఁగావచ్చు డా-\nకేల న్బెబ్బులిఁ బట్టవచ్చు విపినాగ్ని న్నిల్పఁగావచ్చు మూ-\nర్ఖాళిం దెల్పఁ దరంబె యేరికిని? భర్గా! పార్వతీవల్లభా!	saardulamu	vruttamu	కూచిమంచి తిమ్మకవి	bhakti	Bharga
p145	ఆఁకొన్నప్పుడు వంటకంబయిన బియ్యంబైన జావైనఁ గూ-\nరాకైన న్ఫలమైన నీరమయినన్ హాళిం గల ట్లిచ్చుచున్\nజేకోనౌఁ బరదేశులం గృహులకు న్సిద్ధంబు గావింప ఛీ!\nకాకున్న న్మఱి యేఁటికొంప లవి? భర్గా! పార్వతీవల్లభా!	saardulamu	vruttamu	కూచిమంచి తిమ్మకవి	bhakti	Bharga
p146	కాకిన్శాశ్వతజీవిగా నునిచి చిల్కన్వేగ పోకార్చి సు-\nశ్లోకుం గొంచెపుటేండ్లలోఁ గెడపి దుష్టుం బెక్కునాళ్లుంచి య-\nస్తోకత్యాగి దరిద్రుఁ జేసి కఠినాత్మున్ శ్రీయుతుం జేయు నా-\nహా! కొంకేదిఁక నల్వచెయ్వులకు? భర్గా! పార్వతీవల్లభా!	saardulamu	vruttamu	కూచిమంచి తిమ్మకవి	bhakti	Bharga
p147	ధరలో నెన్నఁగ శాలివాహనశకాబ్దంబు ల్దగ న్యామినీ-\nకరబాణాంగశశాంకసంఖ్యఁ జెలువై కన్పట్టు (సౌమ్యా)హ్వ-\nయస్ఫురదబ్దంబున నిమ్మహాశతక మేఁ బూర్ణంబు గావించి శ్రీ-\nకరలీల న్బుధులెన్న నీకిడితి భర్గా! పార్వతీవల్లభా!	mattebhamu	vruttamu	కూచిమంచి తిమ్మకవి	bhakti	Bharga
p148	శ్రీగల భాగ్యశాలి కడఁజేరఁగ వత్తురు తారు దారె దూ\nరాగమన ప్రయాసమున కాదట నోర్చియునైన నిల్వ ను\nద్యోగము చేసి; రత్ననిలయుండని కాదె సమస్తవాహినుల్‌\nసాగరుఁ జేరుటెల్ల ముని సన్నుత! మద్గురుమూర్తి! భాస్కరా!	vutpalamaala	vruttamu	మారవి వెంకయ్య	niti	Bhaskara
p149	అడిగినయట్టి యాచకుల యాశలెఱుంగక లోభవర్తియై\nకడపిన ధర్మదేవత యొకానొక యప్పుడు నీదు వాని కె\nయ్యెడల; నదెట్లు పాలు తమకిచ్చునె యెచ్చటనైన లేగలన్‌\nగుడువఁగ నీనిచోఁ గెరలి గోవులు తన్నునుగాక భాస్కరా!	champakamaala	vruttamu	మారవి వెంకయ్య	niti	Bhaskara
p150	అతిగుణహీన లోభికిఁ బదార్థము గల్గిన లేకయుండినన్‌\nమితముగఁ గాని కల్మిగల మీఁదట నైన భుజింపఁడింపుగా\nసతమని నమ్ము దేహమును సంపద; నేఱులు నిండి పాఱినన్‌\nగతుకఁగ జూచుఁ గుక్క తన కట్టడ మీఱక యెందు భాస్కరా!	champakamaala	vruttamu	మారవి వెంకయ్య	niti	Bhaskara
p151	అదను దలంచి కూర్చి ప్రజ నాదరమొప్ప విభుండు కోరినన్‌\nగదిసి పదార్థమిత్తురటు కానగ వేగమె కొట్టి తెండనన్‌\nమొదటికి మోసమౌఁ; బొదుగు మూలముగోసినఁ బాలు గల్గునే\nపిదికినఁ గాక భూమిఁ బశుబృందము నెవ్వరికైన భాస్కరా!	champakamaala	vruttamu	మారవి వెంకయ్య	niti	Bhaskara
p152	అనఘుని కైనఁ జేకుఱు ననర్హునిఁ గూడి చరించునంతలో\nమన మెరియంగ నప్పుడవమానము కీడు ధరిత్రియందు నే\nయనువుననైనఁ దప్పవు యదార్థము; తానది యెట్టులన్నచో\nనినుమును గూర్చి యగ్ని నలయింపదె సమ్మెటపెట్టు భాస్కరా!	champakamaala	vruttamu	మారవి వెంకయ్య	niti	Bhaskara
p153	అలఘుగుణ ప్రసిద్ధుఁడగు నట్టి ఘనుండొకఁ డిష్టుఁడై తనున్‌\nవలచి యొకించు కేమిడినవానికి మిక్కిలి మేలుచేయుఁగా;\nతెలిసి కుచేలుఁ డొక్క కొణిదెం డడుకుల్‌ దనకిచ్చినన్‌ మహా\nఫలదుఁడు కృష్ణుఁడత్యధిక భాగ్యములాతని కీఁడె? భాస్కరా!	champakamaala	vruttamu	మారవి వెంకయ్య	niti	Bhaskara
p154	అవనివిభుండు నేరుపరియై చరియించినఁ గొల్చువార లె\nట్లవగుణు లైననేమి? పనులన్నియుఁ జేకుఱు వారిచేతనే;\nప్రవిమలనీతిశాలి యగు రాముని కార్యము మర్కటంబులే\nతవిలి యొనర్పవే జలధి దాఁటి సురారులఁ ద్రుంచి భాస్కరా!	champakamaala	vruttamu	మారవి వెంకయ్య	niti	Bhaskara
p155	ఆరయ నెంత నేరుపరియై చరియించిన వాని దాపునన్న్‌\nగౌరవమొప్పఁగూర్చు నుపకారి మనుష్యుఁడు లేక మేలు చే\nకూరదదెట్లు; హత్తుగడ గూడునె; చూడఁ బదాఱువన్నె బం\nగారములోన నైన వెలిగారము కూడక యున్న భాస్కరా!	vutpalamaala	vruttamu	మారవి వెంకయ్య	niti	Bhaskara
p156	ఉరుగుణవంతుఁడొడ్లు తనకొం డపకారము చేయునప్పుడుం\nబరహితమే యొనర్చు నొకపట్టున నైనను గీడుఁ జేయగా నెఱు\nగఁడు; నిక్కమేకద యదెట్లన? గవ్వముఁ బట్టి యంతయుం\nదరువఁగఁ జొచ్చినం బెరుగుతాలిమి నీయదె వెన్న? భాస్కరా!	champakamaala	vruttamu	మారవి వెంకయ్య	niti	Bhaskara
p157	ఉరుబలశాలి నంచుఁ దను నొల్లని యన్య [పతివ్రతాంగనా\nసురతము గోరెనేని కడసుమ్మది భూతికిఁ బ్రాణహాని యౌ;\nశిరములు గూల రాఘవునిచే దశకంఠుఁడు ద్రుంగిపోవఁడే\nయెఱుఁగక సీత కాసపడి యిష్టుల భృత్యులఁ గూడి భాస్కరా!	champakamaala	vruttamu	మారవి వెంకయ్య	niti	Bhaskara
p158	ఊరక సజ్జనుండొదిఁగి యుండిననైన దురాత్మకుండు ని\nష్కారణమోర్వలేక యపకారము చేయుట వాని విద్యగా;\nచీరలు నూరుటంకములు చేసెడివైనను బెట్టె నుండఁగాఁ\nజేరి చినింగిపోఁ గొఱుకు చిమ్మట కేమి ఫలంబు? భాస్కరా!	vutpalamaala	vruttamu	మారవి వెంకయ్య	niti	Bhaskara
p159	ఎప్పుడదృష్టతా మహిమ యించుక పాటిలు నప్పుడింపు సొం\nపొప్పుచు నుండుఁగాక యది యొప్పని రూపుమాయుఁగా\nనిప్పున నంటియున్న యతి నిర్మలినాగ్ని గురుప్రకాశముల్‌\nదప్పిన నట్టి బొగ్గునకు దా నలుపెంతయుఁ బుట్టు భాస్కరా!	vutpalamaala	vruttamu	మారవి వెంకయ్య	niti	Bhaskara
p160	ఏడ ననర్హుఁడుండు నటకేఁగు ననర్హుఁడు నర్హుఁడున్నచోఁ\nజూడగఁ నొల్లడెట్లన; నశుద్ధగుణస్థితి నీఁగ పూయముం\nగూడిన పుంటిపై నిలువఁ గోరిన యట్టులు నిల్వ నేర్చునే\nసూడిదఁ బెట్టు నెన్నుదుటి చొక్కపుఁ గస్తురి మీఁద భాస్కరా!	vutpalamaala	vruttamu	మారవి వెంకయ్య	niti	Bhaskara
p161	ఒక్కఁడె చాలు నిశ్చల బలోన్నతుఁ డెంతటి కార్యమైనఁ దాఁ\nజక్క నొనర్పఁ; గౌరవులసంఖ్యులు పట్టిన ధేనుకోటలం\nజిక్కఁగనీక తత్ప్రబల సేన ననేక శిలీముఖంబులన్‌\nమొక్కపడంగఁ జేసి తుదముట్టఁడె యొక్కకిరీటి భాస్కరా!	vutpalamaala	vruttamu	మారవి వెంకయ్య	niti	Bhaskara
p162	కట్టడ దప్పి తాము చెడు కార్యముఁ జేయుచు నుండిరేని దోఁ\nబుట్టిన వారినైన విడిపోవుట కార్యము; దౌర్మదాంధ్యముం\nదొట్టిన రావణాసురునితో నెడఁబాసి విభీషణాఖ్యుఁ డా\nపట్టున రాముఁ జేరి చిరపట్టము గట్టుకొనండె భాస్కరా!	vutpalamaala	vruttamu	మారవి వెంకయ్య	niti	Bhaskara
p163	కట్టడ యైనయట్టి నిజకర్మము చుట్టుచు వచ్చి యే గతం\nబెట్టునొ పెట్టినయట్లనుభవింపక తీఱదు; కాళ్ళు మీఁదుగాఁ\nగట్టుక వ్రేలుడంచుఁ దలక్రిందుగఁ గట్టిరె యెవ్వరైన నా\nచెట్టున గబ్బిలంబులకుఁ జేసిన కర్మముగాక భాస్కరా!	vutpalamaala	vruttamu	మారవి వెంకయ్య	niti	Bhaskara
p164	కట్టడ లేని కాలమున గాదు శుభం బొరులెంతవారు చే\nపట్టిననైన మర్త్యునకు భాగ్యము రాదనుటెల్లఁ గల్లకా\nదెట్టని పల్కినన్‌; దశరథేశ వసిష్ఠులు రామమూర్తికిన్‌\nబట్టము కట్టఁ గోరి రది పాయక చేకుఱెనోటు భాస్కరా!	vutpalamaala	vruttamu	మారవి వెంకయ్య	niti	Bhaskara
p165	కానగ చేరఁ బోలఁ డతికర్ముఁడు నమ్మిక లెన్ని చేసినం\nదానది నమ్మి వానికడ డాయఁగ బోయిన హాని వచ్చు న\nచ్చో నది యెట్లనం; గొఱఁకు చూపుచు నొడ్డిన బోను మేలుగా\nబోనని కానకాసపడి పోవుచుఁ గూలదెఁ గొక్కు భాస్కరా!	vutpalamaala	vruttamu	మారవి వెంకయ్య	niti	Bhaskara
p166	కాని ప్రయోజనంబు సమకట్టదు తా భువి నెంత విద్యవాఁ\nడైనను దొడ్డరాజు కొడుకైన నదెట్లు; మహేశుపట్టి వి\nద్యానిధి సర్వవిద్యలకు, దానె గురుండు వినాయకుండు దా\nనేనుఁగు రీతి నుండియు నదేమిటి కాడఁడు పెండ్లి? భాస్కరా!	vutpalamaala	vruttamu	మారవి వెంకయ్య	niti	Bhaskara
p167	కారణమైన కర్మములు కాక దిగంబడ వెన్ని గొందులం\nదూఱిన నెంతవారలకుఁ; దొల్లి పరీక్షితు శాపభీతుఁడై\nవారిధి నొప్పు నుప్పరిగ పైఁ బదిలంబుగ దాఁగి యుండినం\nగ్రూరభుజంగ దంతహతిఁ గూలడె లోకులెఱుంగ భాస్కరా!	vutpalamaala	vruttamu	మారవి వెంకయ్య	niti	Bhaskara
p168	కులమున నక్కడక్కడ నకుంఠిత ధార్మికుఁడొక్కఁడొక్కఁడే\nకలిగెడుఁగాక పెందఱుచు గల్గగ నేరరు; చెట్టు చెట్టునన్‌\nగలుగఁగ నేర్చునే? గొడుగు కామలు చూడఁగ నాడనాడ నిం\nపలరఁగ నొక్కటొక్కటి నయంబునఁ జేకురుఁగాక భాస్కరా!	champakamaala	vruttamu	మారవి వెంకయ్య	niti	Bhaskara
p169	గిట్టుట కేడఁ గట్టడ లిఖించిన నచ్చటఁ గాని యెండుచోఁ\nబుట్టదు చావు; జానువుల పున్కల నూడిచి కాశిఁ జావఁగా\nల్గట్టిన శూద్రకున్‌ భ్రమలఁ గప్పుచుఁ దద్విధి గుఱ్ఱమౌచు నా\nపట్టునఁ గొంచు మఱ్ఱికడఁ బ్రాణము దీసెగదయ్య! భాస్కరా!	vutpalamaala	vruttamu	మారవి వెంకయ్య	niti	Bhaskara
p170	ఘనబలసత్త్వ మచ్చుపడఁ గల్గిన వానికి హాని లేనిచోఁ\nదనదగు సత్త్వమే చెరచుఁ దన్ను; నదెట్లన నీరు మిక్కిలిన్‌\nగినుక వసించినన్‌ జెఱువు కట్టకు సత్వము చాలకున్నచోఁ\nగనుమలు పెట్టి నట్టనడి గండి తెగంబడకున్నె భాస్కరా!	champakamaala	vruttamu	మారవి వెంకయ్య	niti	Bhaskara
p171	ఘనుఁడగు నట్టివాఁడు నిజకార్య సముద్ధరణార్థమై మహిం\nబనివడి యల్పమానవునిఁ బ్రార్థనఁ జేయుట తప్పుగాదుగా;\nయనఘతఁ గృష్ణజన్మమున నా వసుదేవుఁడు మీఁద టెత్తుగాఁ\nగనుఁగొని గాలిగాని కడ కాళ్ళకు మ్రొక్కఁడె నాఁడు భాస్కరా!	champakamaala	vruttamu	మారవి వెంకయ్య	niti	Bhaskara
p172	ఘనుఁడొకవేళ గీడ్పడిన గ్రమ్మఱ నాతని లేమిఁ బాపఁగా\nగనుగొన నొక్క సత్ప్రభువుఁగాక నరాధము లోపరెందరుం;\nబెనుఁ జెఱువెండినట్టి తఱిఁ బెల్లున మేఘుఁడు గాక నీటితోఁ\nదనుపఁ దుషారముల్‌ శతశతంబులు చాలునటయ్య భాస్కరా!	champakamaala	vruttamu	మారవి వెంకయ్య	niti	Bhaskara
p173	చక్కఁదలంపఁగా విధివశంబున నల్పుని చేతనైనఁ దా;\nజిక్కి యవస్థలం బొరలుఁ జెప్పఁగరాని మహాబలాఢ్యుఁడున్‌\nమిక్కిలి సత్త్వ సంపదల మీఱిన గంధగజంబు మావటీఁ\nడెక్కి యదల్చి కొట్టి కుదియించిన నుండదె యోర్చి భాస్కరా!	vutpalamaala	vruttamu	మారవి వెంకయ్య	niti	Bhaskara
p174	చదువది యెంత గల్గిన రసజ్ఞత యించుక చాలకున్న నా\nచదువు నిరర్థకంబు, గుణ సంయుతులెవ్వరు మెచ్చ రెచ్చటం;\nబదనుగ మంచికూర నలపాకము చేసిననైన నందు నిం\nపొదవెడు నుప్పు లేక రుచి పుట్టఁగ నేర్చు నటయ్య భాస్కరా!	champakamaala	vruttamu	మారవి వెంకయ్య	niti	Bhaskara
p175	చేసిన దుష్టచేష్ట నది చెప్పక నేర్పునఁ గప్పిపుచ్చి తా\nమూసిన యంతటన్‌ బయలు ముట్టక యుండ దదెట్లు; రాగిపైఁ\nబూసిన బంగరుం జెదరిపోవఁ గడంగిన నాఁడు నాటికిన్‌\nదాసిన రాగి గానఁబడ దా జనులెల్ల రెఱుంగ భాస్కరా!	vutpalamaala	vruttamu	మారవి వెంకయ్య	niti	Bhaskara
p176	తగిలి మదంబుచే నెదిరిఁ దన్ను నెఱుంగక దొడ్డవానితో\nబగఁగొని పోరుటెల్ల నతిపామరుడై చెడుటింతెగాక తా\nనెగడి జయింపనేరఁడది నిక్కము తప్పదు; ధాత్రిలోపలన్‌\nదెగి యొక కొండతో దగరు ఢీకొని తాఁకిన నేమి భాస్కరా!	champakamaala	vruttamu	మారవి వెంకయ్య	niti	Bhaskara
p177	తడవగ రాదు దుష్టగుణుఁ దత్వ మెఱుంగక యెవ్వరైన నా\nచెడుగుణ మిట్లు వల్వదని చెప్పిన గ్రక్కున గోపచిత్తుఁడై\nకడుఁ దెఁగఁ జూచుఁగా; మఱుగఁ గాగిన తైలము నీటిబొట్టుపై\nబడునెడ నాక్షణంబెగసి భగ్గున మండక యున్నె భాస్కరా!	champakamaala	vruttamu	మారవి వెంకయ్య	niti	Bhaskara
p178	తనకు ఫలంబు లేదని యెదం దలపోయఁడు కీర్తి గోరు నా\nఘన గుణశాలి లోకహిత కార్యము మిక్కిలి భారమైన మే\nలనుకొని పూను; శేషుఁడు సహస్ర ముఖంబుల గాలి గ్రోలి తా\nననిశము మోవఁడే మఱి మహాభరమైన ధరిత్రి భాస్కరా!	champakamaala	vruttamu	మారవి వెంకయ్య	niti	Bhaskara
p179	తనకు నదృష్టరేఖ విశదంబుగఁ గల్గిన గాని లేనిచో\nజనునకు నెయ్యెడన్‌ బరుల సంపదవల్ల ఫలంబు లేదుగా;\nకనుగవ లెస్సఁగా దెలివి గల్గిన వారికి గాక గ్రుడ్డికిన్‌\nకనఁబడు నెట్లు వెన్నెలలుఁ గాయగ నందొక రూపు భాస్కరా!	champakamaala	vruttamu	మారవి వెంకయ్య	niti	Bhaskara
p180	తాలిమితోడుతం దగవు దప్పక నేర్పరి యొప్పుదప్పులం\nబాలన సేయఁ గాకట నుపాయ విహీనుఁడు సేయనేర్చునే?\nపాలను నీరు వేఱు పరుపంగ మరాళ మెఱుంగుఁగాని మా\nర్జాలమెఱుంగునే తదురు చారురసజ్ఞత బూన భాస్కరా!	vutpalamaala	vruttamu	మారవి వెంకయ్య	niti	Bhaskara
p181	తాలిమితోఁడ గూరిమిఁ గృతఘ్నునకెయ్యెడ నుత్తమోత్తముల్‌\nమేలొనరించినన్‌ గుణము మిక్కిలి కీడగుఁ, బాముపిల్లకున్‌\nబాలిడి పెంచిన న్విషము పాయఁగ నేర్చునె దాని కోఱలం\nజాలఁగ నంతకంత కొక చాయను, హెచ్చును గాక భాస్కరా!	vutpalamaala	vruttamu	మారవి వెంకయ్య	niti	Bhaskara
p182	తెలియని కార్యమెల్లఁ గడతేర్చుట కొక్క వివేకిఁ జేకొనన్‌\nవలయు నటైన దిద్దుకొనవచ్చు ప్రయోజన మాంద్య మేమియుం\nగలగదు; ఫాలమందుఁ దిలకం బిడునప్పుడు చేత నద్దముం\nగలిగినఁ జక్కఁ జేసికొనుఁ గాదె నరుండది చూచి భాస్కరా!	champakamaala	vruttamu	మారవి వెంకయ్య	niti	Bhaskara
p183	దక్షుడు లేని యింటికిఁ బదార్థము వేఱొక చోటనుండి వే\nలక్షలు వచ్చుచుండినఁ బలాయనమై చనుఁ, గల్ల గాదు ప్ర\nత్యక్షము; వాగులున్‌ వఱదలన్నియు వచ్చిన నీరు నిల్చునే\nఅక్షయమైన గండి తెగినట్టి తటాకములోన భాస్కరా!	vutpalamaala	vruttamu	మారవి వెంకయ్య	niti	Bhaskara
p184	దానపరోపకారగుణ ధన్యత చిత్తములోన నెప్పుడున్‌\nలేని వివేకశూన్యునకు లేములు వచ్చినవేల సంపదల్‌\nపూనినవేళ నొక్కసరి పోలును; జీఁకున కర్థరాత్రియం\nదైననదేమి పట్టపగలైన నదేమియు లేదు భాస్కరా!	vutpalamaala	vruttamu	మారవి వెంకయ్య	niti	Bhaskara
p185	దానముఁ జేయనేరని యధార్మికు సంపద యుండి యుండియున్‌\nదానె పలాయనంబగుట తథ్యము; బూరుగు మ్రాను గాచినన్‌,\nదాని ఫలంబులూరక వృథాపడిపోవవె యెండి గాలిచేఁ\nగానలలోన నేమిటికిఁగాక, యభోజ్యములౌట భాస్కరా!	vutpalamaala	vruttamu	మారవి వెంకయ్య	niti	Bhaskara
p186	నుడువుల నేర్పు చాలని మనుష్యుఁడెఱుంగక తప్పనాడినం\nగడుఁ గృపతోఁ జెలంగుదురు కాని యదల్పరు తజ్ఞులెల్లఁ; ద\nప్పటడుగులు వెట్టుచు న్నడుచునప్పుడు బాలుని ముద్దు చేయఁగా\nదొడుగుదు రింతెకాని పడఁద్రోయుదురే యెవరైన భాస్కరా!	champakamaala	vruttamu	మారవి వెంకయ్య	niti	Bhaskara
p187	నేరిచి బుద్ధిమంతుఁడతి నీతివివేకము దెల్పినం జెడం\nగారణమున్నవాని కది కైకొనఁగూడదు నిక్కమే; దురా\nచారుఁడు రావణాసురుఁడసహ్యమునొందఁడె చేటుకాలముం\nజేరువయైననాఁడు నిరసించి విభీషణు బుద్ధి భాస్కరా!	vutpalamaala	vruttamu	మారవి వెంకయ్య	niti	Bhaskara
p188	నొగిలిన వేళ నెంతటి ఘనుండును దన్నొక రొక్క నేర్పుతో\nనగపడి ప్రోదిసేయక తనంతట బల్మికిరాడు నిక్కమే;\nజగమున నగ్నియైనఁ గడు సన్నగిలంబడియున్న, నింధనం\nబెగయగఁ ద్రోచి యూదక మఱెట్లు రవుల్కొన నేర్చు భాస్కరా!	champakamaala	vruttamu	మారవి వెంకయ్య	niti	Bhaskara
p189	పండితులైనవారు దిగువం దగనుండగ, నల్పుఁ డొక్కడు\nద్ధండతఁ బీఠమెక్కిన బుధ ప్రకరంబులకేమి యెగ్గగున్‌;\nకొండొకకోతిఁ జెట్టు కొనకొమ్మల నుండగ, గ్రింద గండ భే\nరుండ మదేభ సింహనికురంబములుండవె చేరి భాస్కరా!	vutpalamaala	vruttamu	మారవి వెంకయ్య	niti	Bhaskara
p190	పట్టుగ నిక్కుచున్‌ మదముఁ బట్టి మహాత్ములఁ దూలనాడినం\nబట్టిన కార్యముల్‌ చెడును బ్రాణమువోవు నిరర్థదోషముల్‌\nపుట్టు, మహేశుఁ గాదని కుబుద్ధి నొనర్చిన యజ్ఞ తంత్రముల్‌\nముట్టక పోయి దక్షునికి మోసము వచ్చెఁగదయ్య భాస్కరా!	vutpalamaala	vruttamu	మారవి వెంకయ్య	niti	Bhaskara
p191	పరహితమైన కార్య మతిభారము తోడిదియైనఁ బూను స\nత్పురుషుఁడు లోకముల్పొగడఁ బూర్వమునందొక ఱాలవర్షమున్‌\nగురియఁగ జొచ్చినన్‌ గదిసి గొబ్బున గోజనరక్షణార్థమై\nగిరినొక కేల నెత్తెనట కృష్ణుఁడు ఛత్రము భాతి భాస్కరా!	champakamaala	vruttamu	మారవి వెంకయ్య	niti	Bhaskara
p192	పలుచని హీనమానవుఁడు పాటిఁదలంపక నిష్ఠురోక్తులం\nబలుకుచు నుండుఁగాని, మతి భాసురుఁడైన గుణప్రపూర్ణుఁడ\nప్పలుకులఁ బల్కఁబోవఁడు నిబద్ధిగ నెట్లన; వెల్తికుండఁ దా\nదొలకుచునుండుఁ గాని మఱితొల్కునె నిండుఘటంబు భాస్కరా!	champakamaala	vruttamu	మారవి వెంకయ్య	niti	Bhaskara
p193	పాపపుఁ ద్రోవవాని కొకపట్టున మేను వికాసమొందినన్‌\nలోపల దుర్గుణంబె ప్రబలుం గద! నమ్మగఁ గూడ దాతనిన్‌;\nబాపటకాయకున్‌ నునుపు పైపయి గల్గినఁ గల్గుగాక యే\nరూపున దానిలోఁగల విరుద్ధపుఁ జేదు నశించు భాస్కరా!	vutpalamaala	vruttamu	మారవి వెంకయ్య	niti	Bhaskara
p194	ప్రల్లదనంబుచే నెఱుక పాటొక యింతయులేక యెచ్చటన్‌\nబల్లిదుఁడైన సత్ప్రభు నబద్ధములాడినఁ గ్రుంగిపోదు; రె\nట్లల్ల సభాస్థలిం గుమతులై శిశుపాలుఁడు దంతవక్త్రుఁడుం\nగల్లలు గృష్ణునుం బలికి కాదె హతంబగుటెల్ల భాస్కరా!	vutpalamaala	vruttamu	మారవి వెంకయ్య	niti	Bhaskara
p195	ప్రేమను గూర్చి యల్పునకుఁ బెద్దతనంబును దొడ్డవానికిం\nదా మతితుచ్ఛపుంబని నెదం బరికింపగ యీయరాదుగా\nవామకరంబుతోడఁ గడువం గుడిచేత నపానమార్గముం\nదోమఁగ వచ్చునే మిగులఁ దోఁచని చేఁతగు గాక భాస్కరా!	vutpalamaala	vruttamu	మారవి వెంకయ్య	niti	Bhaskara
p196	ఫలమతి సూక్ష్మమైనను నృపాలుడు మంచిగుణాఢ్యుడైనచో\nనెలమి వివేకులాతని కపేక్షయొనర్తు; రదెట్లు చంద్రికా\nవిలసనమైనఁ దా మనుభవింపఁ జకోరము లాసఁ జేరవే\nచలువ గలట్టివాఁడగుటఁ జందురు నెంతయుఁ గోరి భాస్కరా!	champakamaala	vruttamu	మారవి వెంకయ్య	niti	Bhaskara
p197	బంధుర సద్గుణాఖ్యుఁ డొక పట్టున లంపట నొందియైన దు\nస్సంధిఁ దలంపఁ డన్యులకుఁ జాల హితం బొనరించుఁ గాక, శ్రీ\nగంధపుఁ జెక్క రాగిలిచుఁ గాదె శరీరుల కుత్సవార్థమై\nగంధములాత్మఁ బుట్టఁ దఱుఁగంబడి యుండుటలెల్ల భాస్కరా!	vutpalamaala	vruttamu	మారవి వెంకయ్య	niti	Bhaskara
p198	బలయుతుఁ డైన వేళ నిజ బంధుఁడు తోడ్పడుఁ గాని యాతఁడే\nబలము తొలంగెనేని తన పాలిటి శత్రు; వదెట్లు పూర్ణుఁడై\nజ్వలనుఁడు కానఁ గాల్చు తఱి సఖ్యముఁ జూపును వాయుదేవుఁడా\nబలియుఁడు సూక్ష్మదీపమగు పట్టున నార్పదె గాలి భాస్కరా!	champakamaala	vruttamu	మారవి వెంకయ్య	niti	Bhaskara
p199	బల్లిదుఁడైన సత్ప్రభువు పాయక యుండినఁగాని రచ్చలోఁ\nజిల్లరవారు నూఱుగురు సేరినఁ దేజము గల్గదెయ్యెడన్‌\nజల్లని చందురుండెడసి సన్నపుఁ జుక్కలు కోటియున్న\nజిల్లునె వెన్నెలల్‌ జగము జీఁకటులన్నియుఁ బాయ భాస్కరా!	vutpalamaala	vruttamu	మారవి వెంకయ్య	niti	Bhaskara
p200	భుజబల శౌర్యవంతులగు పుత్త్రుల గాంచిన వారి కెయ్యెడన్‌\nనిజహృదయేప్సితార్థములు నిక్కము చేకుఱుఁ గుంతిదేవికిన్‌\nవిజయబలాఢ్యుఁ డర్జునుఁడు వీరపరాక్రమ మొప్ప దేవతా\nగజమును దెచ్చి తల్లి వ్రతకార్యము దీర్పఁడె తొల్లి భాస్కరా!	champakamaala	vruttamu	మారవి వెంకయ్య	niti	Bhaskara
p201	భూనుతులైన దేవతలు పూర్వము కొందఱు వావివర్తనల్‌\nమాని చరింపరో యనుచు మానవులట్ల చరింపఁబోల; దం\nభోనిధులన్నియుం దనదు పుక్కిటఁ బట్టె నగస్త్యుఁడంచు నా\nపూనిక కెవ్వఁడోపు నది పూర్వమహత్త్వము సుమ్ము భాస్కరా!	vutpalamaala	vruttamu	మారవి వెంకయ్య	niti	Bhaskara
p202	భూపతి కాత్మబుద్ధి మది బుట్టనిచోఁట బ్రధానులెంత ప్ర\nజ్ఞాపరిపూర్ణులైనఁ గొనసాగదు కార్యము; కార్యదక్షులై\nయోపిన ద్రోణ భీష్మ కృప యోధులనేకులు గూడి కౌరవ\nక్ష్మాపతికార్యమేమయినఁ జాలిరె చేయఁగ నాడు భాస్కరా!	vutpalamaala	vruttamu	మారవి వెంకయ్య	niti	Bhaskara
p203	భూరి బాలాఢ్యుఁడైనఁ దలపోయక విక్రమశక్తిచే నహం\nకారము నొందుటల్‌ తగవు గాదతఁడొక్కెడ మోసపోవుఁ గా\nవీరవరేణ్యుఁ డర్జునుఁడు వింటికి నే నధికుండ నంచుఁ దా\nనూరక వింటినెక్కిడఁగ నోపడు కృష్ణుఁడు లేమి భాస్కరా!	vutpalamaala	vruttamu	మారవి వెంకయ్య	niti	Bhaskara
p204	మదిఁ దను నాసపడ్డయెడ మంచిగుణోన్నతుఁడెట్టి హీనునిన్‌\nవదలఁడు మేలుపట్టున నవశ్యము మున్నుగ నాదరించుఁగా;\nత్రిదశ విమానమధ్యమునఁ దెచ్చి కృపామతి సారమేయమున్‌\nమొదల నిడండె ధర్మజుఁడు మూఁగి సురావళి చూడ భాస్కరా!	champakamaala	vruttamu	మారవి వెంకయ్య	niti	Bhaskara
p205	మునుపొనరించు పాతక మమోఘము జీవులకెల్లఁ బూని యా\nవెనుకటి జన్మమం దనుభవింపక తీఱదు; రాఘవుండు వా\nలిని బడనేసి తా మగుడ లీల యదూద్భవుఁడై కిరాతుచే\nవినిశిత బాణపాతమున వీడ్కొనఁడే తన మేను భాస్కరా!	champakamaala	vruttamu	మారవి వెంకయ్య	niti	Bhaskara
p206	రాకొమరుల్‌ రసజ్ఞునిఁ దిరంబుగ మన్నన నుంచినట్లు భూ\nలోకమునందు మూఢుఁ దమ లోపలనుంపరు; నిక్కమే కదా!\nచేకొని ముద్దుగాఁ జదువు చిల్కను బెంతురుగాక పెంతురే\nకాకము నెవ్వరైన శుభకారణ సన్మునిసేవ్య భాస్కరా!	vutpalamaala	vruttamu	మారవి వెంకయ్య	niti	Bhaskara
p207	లోకములోన దుర్జనుల లోఁతు నెఱుంగక చేరరాదు సు\nశ్లోకుఁడు చేరినం గవయఁజూతురు చేయుదు రెక్కసక్కెముల్‌\nకోకిలఁ గన్నచోట గుమికూడి యసహ్యపుఁ గూతలార్చుచుం\nగాకులు తన్నవే తఱిమి కాయము తల్లడమంద భాస్కరా!	vutpalamaala	vruttamu	మారవి వెంకయ్య	niti	Bhaskara
p208	లోను దృఢంబుగాని పెనులోభిని నమ్మి యసాధ్యకార్యముల్‌\nకానక పూనునే నతఁడు గ్రక్కునఁ గూలును; నోటిపుట్టిపై\nమానవుఁ డెక్కిపోవ నొకమాటు బుటుక్కున ముంపకుండునే\nతానొకలోఁతునం గెడసి దానిఁ దరింపఁగ లేక భాస్కరా!	vutpalamaala	vruttamu	మారవి వెంకయ్య	niti	Bhaskara
p209	వంచన యింతలేక యెటువంటి మహాత్ముల నాశ్రయించినం\nగొంచెమె కాని మేలు సమకూడ దదృష్టము లేనివారికిన్‌;\nసంచితబుద్ధి బ్రహ్మ ననిశంబును వీఁపున మోచునట్టి రా\nయంచకుఁ దమ్మితూండ్లు దిననాయెఁగదా ఫలమేమి భాస్కరా!	vutpalamaala	vruttamu	మారవి వెంకయ్య	niti	Bhaskara
p210	వట్టుచుఁ దండ్రి యత్యధమ వర్తనుఁడైననుగాని వానికిం\nబుట్టిన పుత్త్రకుండు తన పుణ్యవశంబున దొడ్డధన్యుఁడౌ;\nనెట్టన మఱ్ఱివిత్తు మునుపెంతయుఁ గొంచెము దానఁబుట్టునా\nచెట్టు మహోన్నతత్వమును జెందదె శాఖలనిండి భాస్కరా!	vutpalamaala	vruttamu	మారవి వెంకయ్య	niti	Bhaskara
p211	వలనుగఁ గానలందుఁ బ్రతివర్షమునం బులి నాలుగైదు పి\nల్లలఁ గను దూడనొక్కటి నిలం గను ధేనువు రెండుమూఁడు నేఁ\nడుల కటులైన బెబ్బులి కుటుంబము లల్పములాయె నాలమం\nదలు గడువృద్ధిఁ జెందవె యధర్మము ధర్మముఁ దెల్ప భాస్కరా!	champakamaala	vruttamu	మారవి వెంకయ్య	niti	Bhaskara
p212	వలవదు క్రూరసంగతి యవశ్య మొకప్పుడు సేయఁబడ్డచోఁ\nగొలదియెఁ గాని యెక్కువలు గూడవు; తమ్ములపాకు లోపలం\nగలసిన సున్నమించుకయ కాక మఱించుక యెక్కువైనచో\nనలుగడఁ జుఱ్ఱుచుఱ్ఱుమని నాలుక పొక్కక యున్నె భాస్కరా!	champakamaala	vruttamu	మారవి వెంకయ్య	niti	Bhaskara
p213	వానికి విద్యచేత సిరివచ్చె నటంచును విద్య నేర్వఁగాఁ\nబూనినఁ బూనుఁగాక తన పుణ్యము చాలక భాగ్యరేఖకుం\nబూనఁగ నెవ్వఁడోపు; సరిపో చెవి పెంచును గాకదృష్టతా\nహీనుఁడు కర్ణభూషణము లెట్లు గడింపఁగనోపు? భాస్కరా!	vutpalamaala	vruttamu	మారవి వెంకయ్య	niti	Bhaskara
p214	సంతత పుణ్యశాలి నొక జాడను సంపద వాసిపోయి తా\nనంతటఁ బోక నెట్టుకొని యప్పటియట్ల వసించియుండు; మా\nసాంతమునందుఁ జందురుని నన్నికళల్‌ పెడఁబాసి పోయినం\nగాంతి వహింపఁడటోటు? తిరుగంబడి దేహమునిండ భాస్కరా!	vutpalamaala	vruttamu	మారవి వెంకయ్య	niti	Bhaskara
p215	సకలజన ప్రియత్వము నిజంబుగఁ గల్గిన పుణ్యశాలి కొ\nక్కొకయెడ నాపదైనఁ దడవుండదు వేగమె పాసిపోవుగా;\nయకలుషమూర్తియైన యమృతాంశుఁడు రాహువు తన్ను మ్రింగినం\nడకటక మాని యుండఁడె! దృఢస్థితి నెప్పటియట్ల భాస్కరా!	champakamaala	vruttamu	మారవి వెంకయ్య	niti	Bhaskara
p216	సన్నుత కార్యదక్షుఁడొక చాయ నిజప్రభ యప్రకాశమై\nయున్నపుడైన లోకులకు నొండక మేలొనరించు సత్త్వసం\nపన్నుఁడు భీముఁడా ద్విజుల ప్రాణము కాఁవడె యేకచక్రమం\nదెన్నికగా బకాసురుని నేపున రూపడఁగించి భాస్కరా!	champakamaala	vruttamu	మారవి వెంకయ్య	niti	Bhaskara
p217	సరసదయాగుణంబుగల జాణ మహిం గడు నొచ్చియుం\nదఱచుగ వాని కాసపడి దాయఁగ వత్తురు లోకులెట్లనం\nజెఱకురసంబు గానుఁగను జిప్పిలిపోయిన మీదఁ బిప్పియై\nధరఁ బడియున్నఁ జేరవె ముదంబునఁ జీమలు పెక్కు భాస్కరా!	champakamaala	vruttamu	మారవి వెంకయ్య	niti	Bhaskara
p218	సారవివేకవర్తనల సన్నుతికెక్కిన వారిలోపలం\nజేరినయంత మూఢులకుఁ జేపడ దానడ; యెట్టులన్నఁ గా\nసారములోన హంసముల సంగతి నుండెడి కొంగపిట్ట కే\nతీరునఁ గల్గ నేర్చును దదీయగతుల్‌ దలపోయ భాస్కరా!	vutpalamaala	vruttamu	మారవి వెంకయ్య	niti	Bhaskara
p219	స్థిరతర ధర్మవర్తన బ్రసిద్ధికి నెక్కినవాని నొక్క ము\nష్కరుఁ డతినీచవాక్యములఁ గాదని పల్కిన నమ్మహాత్ముఁడుం\nగొఱఁత వహింపఁడయ్యెడ; నకుంఠిత పూర్ణసుధాపయోధిలో\nనరుగుచుఁ గాకి రెట్ట యిడినందున నేమి కొఱంత భాస్కరా!	champakamaala	vruttamu	మారవి వెంకయ్య	niti	Bhaskara
p220	స్ఫురతర కీర్తిమంతులగు పుత్త్రుల గాంచినఁగాక మూఢము\nష్కరులఁ గనంగఁ దేజములు గల్గవుగా; మణికీలితాంగుళా\nభరణము లంగుళంబుల శుభస్థితిఁ బెట్టినఁగాక గాజు టుం\nగరములు పెట్టినందున వికాసము గల్గునటయ్య? భాస్కరా!	champakamaala	vruttamu	మారవి వెంకయ్య	niti	Bhaskara
p221	హాళి నిజప్రబుద్ధి తిరమైన విధంబునఁ బెట్టుబుద్ధులా\nవేళలకంతె కాని మఱి వెన్కకు నిల్వవు; హేమకాంతి యె\nన్నాళులకుండుఁ గాని యొకనాడు పదంపడి సానఁ బట్టినన్‌\nదాళియు నుండునే యినుప తాటకఁ జాయలు పోక భాస్కరా!	vutpalamaala	vruttamu	మారవి వెంకయ్య	niti	Bhaskara
p222	పడిసెంబు బట్టిన పాదుషా మీఁగడ - చీదునా చీమిడిఁ జీదుగాక\nజవరాలికిని యుబ్బ దవిలినా పన్నీరు - బుట్టునా చెమ్మట బుట్టుగాక\nచెరుకుతోటకుఁ బుప్పి పెరిగెనా కలకండ - రాలునా నులుపిప్పి రాలుగాక\nబూతపిల్లికి ముడ్డిపుచ్చెనా జవ్వాజి - కట్టునా చెడుచీము కట్టుగాక	seesamu	upajaathi	దాసు శ్రీరాములు	other	Chakkatladanda
p223	గొరియమందల గాచు గొల్లనమ్మిన కుక్క - వలికి గాచుకయుండు వదురు నక్క\nయేటనీళ్ళకు నాస యిడు రాచయేనుగు - మురిగిన జలదారి కరుగు బంది\nపెనిమిటిమాట చొప్పున బోవునిల్లాలు - తుంటరీండ్రను గొల్చు తులువ లంజె\nరాచకోటల మెప్పురా గాచు జెగజెట్టి - సందుగొందుల రేయిజరుగు దొంగ	seesamu	upajaathi	దాసు శ్రీరాములు	other	Chakkatladanda
p224	గంజికూటికి నుప్పుగల్లు సంగాతంబు - పాలపొంగలికిని బంచదార\nతంబాకు సారాయితడువుచే గాటెక్కు - కమ్మవీడ్యమునకు గప్పురంబు\nనిప్పట్టునకు మంచినీళ్ళతో నేస్తంబు - బూందిమిఠాయి కింపొందు నేయి\nవరిగకూటికి లేతగురుగాకు బొరికూర - వరిబువ్వకును మంచివరుగు లిగురు	seesamu	upajaathi	దాసు శ్రీరాములు	other	Chakkatladanda
p225	తేనె గూర్చిన యీగ తిని చచ్చునోలేదొ - తెగదావి జుమ్మంచు దేటి తిరుగు\nనిట్టబారిన మున్గ నిలుచునో నిలువదో - గుజ్జుమామిడిమ్రాను గొమలు సాగు\nసాగుచేయని నేల చవుడెక్కి చెడిపోవు - పెడగట్ట దున్నిన మడియ పండు\nబలిసివీగిన మావు పారునో పారదో - పయిగోవటంగనా పారు గాక	seesamu	upajaathi	దాసు శ్రీరాములు	other	Chakkatladanda
p226	బంగారుపుల్లతో బండ్లు దోము నెవండు - వేపపుల్లను దోమి విడుచు గాక\nకమ్మనినేతితో గాళ్ళు గడ్గు నెవండు - కడవలో నీటితో గడుగు గాక\nకురివేరితో జుట్టకుదురు గట్టు నెవండు - వరిగడ్డితో గట్టి వాడు గాక\nరతనాలతో మూస లతికించు నెవ్వాడు - సుద్దగడ్డల జేయ జూచు గాక	seesamu	upajaathi	దాసు శ్రీరాములు	other	Chakkatladanda
p227	కురియక కురియక కురిసెనా మొయివారి - యెడవాన పొలమెల్ల యెద్దుకన్ను\nకాయక కాయక కాచెనా తగబూచి - గున్నమామిడికొమ్మ కోటివేలు\nఇవ్వక ఇవ్వక ఇచ్చెనా తెగబారి - నిలువ జేసినవాడు నిలువు దోపు\nదాటక దాటక దాటెనా దరిమీరి - పెరిగిన మున్నీరు ఫీరుఫారు	seesamu	upajaathi	దాసు శ్రీరాములు	other	Chakkatladanda
p228	తగువులో నాయంబు దప్పకున్నే చాటు - లంచాల కాసించు లత్తుకోరు\nపెండ్లాము బలువెతల్‌ పెట్టకున్నే లంజె - మంచాల కాసించు మంకుబడవ\nకాపు పేదరికంబు గనకీడ్వడే పుట్ట - కుంచాల కాసించు గుండగొయ్యి\nగేస్తు లోగిటిమేలు కీళ్ళారయునె తేర - కంచాల సాసించు గాలిగ్రుడ్డు	seesamu	upajaathi	దాసు శ్రీరాములు	other	Chakkatladanda
p229	తుమ్మెద జేరెనా కమ్మతావుల నాను - చీడపురుగు చేరి చెరచు దమ్మి\nచిట్టూద మొలచెనా చెలువు దప్పదు నేల - బిట్టల్లి మొలచి పోగొట్టు బైరు\nచక్కెర గలసెనా మిక్కిలి చవిగొల్పు - చవుడు గలసి చేదు సలుపు నీటి\nపచ్చకప్రము చొఱబారెనా కాకార్చు - గండ్రయిసుము సొచ్చి కలచు గన్ను	seesamu	upajaathi	దాసు శ్రీరాములు	other	Chakkatladanda
p230	చీమ కానుపు ప్రొద్దు జెప్ప నేర్చు నెవండు - చామ కానుపు జెప్ప జాలు గాక\nపిణుజు కాల్బందంబు బెట్ట నేర్చు నెవండు - కణుజు కాళ్ళకు బెట్ట గలుగు గాక\nనత్తచే గుగ్గిళ్ళు నమలించు నెవ్వాడు - గిత్తచే నమలింప నెత్తు గాక\nమేడిచెట్టున నుయ్యెలాడించు నెవ్వాడు - తాడి చెట్టున నిల్పువాడు గాక	seesamu	upajaathi	దాసు శ్రీరాములు	other	Chakkatladanda
p231	సరదారులకు లంజె బొరి దార్చు బేషరమ్‌ - ధగిడీలు తగుదురే తగవుదీర్ప\nకల్లుసారా మస్తుగా ద్రావునట్టి పుం - డాకోరు దొరయె బడా కచేరి\nతెన్ను గానక గడ్డిదిని పాడి దప్పు జ - టాకోరు సర్కారు నౌకరగునె\nచేరు గొండల నొద్ద జేర్చి పాటించు జు - వ్వాకోరు మంచి హోదాకు దగునె	seesamu	upajaathi	దాసు శ్రీరాములు	other	Chakkatladanda
p232	తేలు కుట్టినవాని మేలైన పల్లకీ - మీద నెక్కించిన బాదలేదె\nసంచి బోయినవాని నంచఱెక్కల పాన్పు - పై బండబెట్టిన బాదలేదె\nముక్కు గత్తిని గోసి ముద్దరాల్చెక్కిళ్ళు - మీద ముద్దిడుచున్న బాదలేదె\nపదిమడుంగుల బర్వు పైనెత్తి పైమేడ - మీద నెక్కించిన బాదలేదె	seesamu	upajaathi	దాసు శ్రీరాములు	other	Chakkatladanda
p233	నెలదప్పినంతనె నిసువు పుట్టగబోదు - నిండ దొమ్మిదినెల లుండవలయు\nవరినాటినంతనె వడ్లురాలవు పంట - కళ్ళాల దనుకనుఁ గాయవలయు\nప్రోయి నిప్పిడగానె బోనంబు రాలేదు - వార్చి డించినదాక నోర్చవలయు\nమ్రానుగొట్టంగానె మద్దెలకాలేదు - తొలచి మూసినదాక నిలువవలయు	seesamu	upajaathi	దాసు శ్రీరాములు	other	Chakkatladanda
p234	ఎలుక లల్లరిచేసి చెలఱేగినంతనే - పెణకచూరున నిప్పుబెట్టు నెవడు\nపంటకాలువ లోతుబారె దాటుటకంచు - కట్టల్కతో నెండగట్టు నెవడు\nజలుబు చేసిన జీదజాలనటంచును - ముక్కు గోసికొనెడి మొప్పె యెవడు\nపసిపాపలకు జంటిపాలు చాలవటంచు - మేలైన యాలి బోద్రోలు నెవడు	seesamu	upajaathi	దాసు శ్రీరాములు	other	Chakkatladanda
p235	పాలు మంచివియైన బాసెంబు మంచిది - గాలి మంచిదియైన గాఱు మంచి\nపోగు మంచిదియైన బుట్టంబు మంచిది - పొదుగు మంచిదియైన మొదవు మంచి\nబసిడి మంచిదియైన బట్టెడ మంచిది - నీరు మంచిదియైన నేరు మంచి\nమాట మంచిదియైన మరియాద మంచిది - యీటె మంచిదియైన బోటు మంచి	seesamu	upajaathi	దాసు శ్రీరాములు	other	Chakkatladanda
p236	కప్పగంబము చేరి కౌగలించిన గూట - ములు లేనిదే బిడ్డ కలుగబోదు\nగాముగంగకు మీదు గట్టినంతనె తిండి - తినకున్న నాకలి తీరబోదు\nపడమటి దెసనుండి బల్లి పల్కంగానె - దొర జూడనిదె కొల్వు దొరకబోదు\nచందురుండును బ్రొద్దు చాలి యుండంగానె - పడుచునాడక పెండ్లి నడవబోదు	seesamu	upajaathi	దాసు శ్రీరాములు	other	Chakkatladanda
p237	పట్టజాలము నీళ్ళు పాలలో గలసిన - తెలియమే పెరుగులో గలసినపుడు\nకనలేము కపురంబు గాలితో గలసిన - నెరుగమే దివ్వెతో బెరసినపుడు\nపొడకట్టలేము పుప్పొడి నేల గలసిన - కానమే పూవుతో గలసినపుడు\nఎరుగలేము కనాడ దరబారు గలసిన - చీలదే పూరితో జేరినపుడు	seesamu	upajaathi	దాసు శ్రీరాములు	other	Chakkatladanda
p238	కఱచిన వేసి కాల్గఱచు వాడుండునే - కాక ఱాకును డబ్బు గట్టుగాక\nదోచిన దొంగ యిల్దోచు వాడుండునే - ఱచ్చలో ఫిర్యాదు దెచ్చుగాక\nకుట్టిన తేల్కొండి కుట్టు వాడుండునే - గచ్చగందము రాచి కాచుగాక\nపట్టిన దెయ్యంబు బట్టు వాడుండునే - గాలి బూదిడి యాన గట్టుగాక	seesamu	upajaathi	దాసు శ్రీరాములు	other	Chakkatladanda
p239	స్వారెక్కు సన్నాసి సాని నుంచిననేమి - తొడగు లంగీలను దొడిగెనేమి\nజందెమూడ్చిన గేస్తు సార ద్రాగిననేమి - తెల్లుల్లి నీరుల్లి దిన్ననేమి\nచెడిన బమ్మాసారి సిగను బెంచిననేమి - మొల్లలు మల్లెలు ముడిచెనేమి\nతనివిలేని తపసి దారి గొట్టిననేమి - పులుల నెలుంగుల బొడిచెనేమి	seesamu	upajaathi	దాసు శ్రీరాములు	other	Chakkatladanda
p240	కొంచెగానికి లచ్చి కూడివచ్చినదేని - గొడుగు దేతెమ్మను నడిమిరేయి\nకొంటెమ్రుక్కళి గొప్ప కొలువులో బెట్టిన - అందలంబున మేను గందుననును\nపనికిమాలిన కూళ బడిపెద్ద జేసిన - బసివాండ్ర దనకాళ్ళ బిసుకుమనును\nచెలువెరుంగని మోట సింగారమబ్బిన - నరకాళ్ళజమురు నత్తరువునగరు	seesamu	upajaathi	దాసు శ్రీరాములు	other	Chakkatladanda
p241	గుడి బట్టి దిగమ్రింగు గొప్పదెయ్యానకు - గుడి తలుపెన్న నప్పడము గాదె\nకడలి దోయిట బట్టు గండ్రదేవరకెల్ల - చెరువులు నెగయ తుంపురులు గావె\nపెద్దకొండల బట్టి పెకలించు దిట్టకు - చరియలందరి రాలు మొరము గాదె\nగొప్పయోడలను లోగొని కొట్టు మీలకు - చలపతెప్పలు జంతికలును గావె	seesamu	upajaathi	దాసు శ్రీరాములు	other	Chakkatladanda
p242	వ్రాతకరణమెప్డు వ్రాయుచు గూర్చుండ - మేతకర్ణము దిను రైతుసొమ్ము\nమంతరాల్చెప్పుచు మల్లుబొట్లుండగ - నేగాని దిగమ్రింగు నెల్లుబొట్లు\nకూచమ్మ కుండలో గూర్చిబెట్టుచునుండ - మాచమ్మ తాజేరి మాయజేయు\nకంపునోరగు మామ గడియించుచుండగా - మంచినోరల్లుడు మట్టపరచు	seesamu	upajaathi	దాసు శ్రీరాములు	other	Chakkatladanda
p243	గెలుపుసాలిది మంచిగెలుపు నిచ్చుచునుండ - వానకారది యడ్డువచ్చునొక్కొ\nమింటినెల కడింది మేలె సేయుచునుండ - వన్నెతగ్గెడినాళ్ళ వాసిచెడునె\nపడగదాల్చెడి రోజు పట్టి మేల్సేయగా - పుడమిబుట్టిన యొక్కడడచగలడె\nజేజేలవెజ్జులు చేరి ప్రోచుచునుండ - చెలగిన తేలేమి సేయగలదు	seesamu	upajaathi	దాసు శ్రీరాములు	other	Chakkatladanda
p244	యింక నేమికొఱఁత యేల నీకాశింపఁ - బాడి యాడి దైన్యపడి భజించి\nమెచ్చి పొగడిరేని మీఁద నొందెడిఫలం - బెన్న నున్న దెట్లు చెన్నమల్లు	aataveladi	upajaathi	పాలకురికి సోమనాథుడు	bhakti	Chennamallu
p245	అకట ప్రమథుల రాయం డనియే గాక - నీ వున్న చోటు మున్నెవ్వఁ డెఱుఁగుఁ\nబాటిగా నన్నేలు చోటు భక్తరక్షకుఁ డని - కాక యెవ్వండు నీఘనత నెఱుఁగుఁ\nదెలుపుమా శ్రీగురుదేవుఁడా యనికాక - యిచట నీపేరు దా నెవ్వఁ డెఱుఁగు\nలెస్సపోనా చరలింగమా యనికాక - యిట్టివాఁ డనుచు ని న్నెవ్వఁ డెఱుఁగు	seesamu	upajaathi	పాలకురికి సోమనాథుడు	bhakti	Chennamallu
p246	వారినగరి లెంకవాఁడ నేఁ గలిగితిఁ - గాన నీకుఁ బ్రాపు గలిగెఁ గాక\nయితరు లెవ్వ లెఱుఁగ రి ట్లెఱింగియుఁ బెద్దఁ - జేయ వేల నన్నుఁ జెన్నమల్లు.	aataveladi	upajaathi	పాలకురికి సోమనాథుడు	bhakti	Chennamallu
p247	కాలఁ దన్నిన నోర్తు కడగి యేనడుగులఁ - బడిన నెత్తవు పక్షపాతి దగునె\nఱాలపూజలు గొందు మేలిపుష్పంబులఁ - బూజింప నన్నవబోధ తగునె\nకోరి ప్రసాదంబు గొందు నే ముట్ట క - ర్పించినఁ గొనవిట్టి కించ తగునె\nమేలపుఁగబ్బముల్‌ మెత్తునా సంస్తుతుల్‌ - వినియును విన వవివేకి తగునె	seesamu	upajaathi	పాలకురికి సోమనాథుడు	bhakti	Chennamallu
p248	వారు నడిచినట్లు వచ్చునే నడువ నీ - వునిచినట్లు తప్పకుండఁ జూచి\nకొందుగాని నాదు గుణవిశేషత కల్మి - యెన్నఁగలదె నీకుఁ జెన్నమల్లు.	aataveladi	upajaathi	పాలకురికి సోమనాథుడు	bhakti	Chennamallu
p249	బ్రాణనాథ నాదుభక్తి విశేషంబు - పట్టిచూడ నీకుఁ బాడియగునె\nయిన్ని యేల నీమహేశ్వరత్వము వెల్తి - చేసికొనఁగ నేల చెన్నమల్లు.	aataveladi	upajaathi	పాలకురికి సోమనాథుడు	bhakti	Chennamallu
p250	ఆనంద మలర లింగార్చన చేయక - గుడుచుట పాపంబు గుడుచునట్లు\nఅర్చకుండయ్యు లింగానర్పితము గోరి - ముట్టుట యవ్యంబు ముట్టినట్లు\nలింగ ప్రసాదంబు జంగమవిముఖుఁడై - కొనుట యేమేనియుఁ గొనినయట్లు\nజంగమహితుఁడయ్యు సరిపాకభేదంబు - సేయుట ద్రోహంబు సేసినట్లు	seesamu	upajaathi	పాలకురికి సోమనాథుడు	bhakti	Chennamallu
p251	అనుపురాతనోక్తి కావంతయును దొట్రు - పడనిశుద్ధభక్తి, పదము ప్రాణ\nపదముగాఁ జరించు భక్తలింగంబులఁ - జేర్పవయ్య నన్నుఁ జెన్నమల్లు.	aataveladi	upajaathi	పాలకురికి సోమనాథుడు	bhakti	Chennamallu
p252	నామనోవిభుండ నాస్వామి సకలచై - తన్యకర్త సూత్రధారిచేతి\nబొమ్మ కున్నదయ్య యిమ్మహి నీయిచ్చ - చెప్ప వేల వేయి చెన్నమల్లు.	aataveladi	upajaathi	పాలకురికి సోమనాథుడు	bhakti	Chennamallu
p253	నిలుపవే ప్రాణంబు నీయందుఁ బెరసి సం - పూర్ణమై దేహంబు పొందు విడువ\nసలుపవే మది నిచ్చ నిరతంబు నీభక్త - చిద్గోష్ఠి దవిలి దుశ్చింత లుడుగఁ\nగొలుపవే సర్వాంగ గుణములు నీభక్త - పదమందు లీనమై భ్రాంతి దక్క\nమెలుపవే యింద్రియంబులుగూడ నీ ప్రసా - దంబును దవిలి తత్పరత నిలువఁ	seesamu	upajaathi	పాలకురికి సోమనాథుడు	bhakti	Chennamallu
p254	బ్రాణనాథ భక్త పరతంత్ర మత్కాయ - సన్నిహితమహాప్రసాదమూర్తి\nయిండు లేల నీకు నుండ నాయం దిమ్ము - చేసికొనవె చాలుఁ జెన్నమల్లు.	aataveladi	upajaathi	పాలకురికి సోమనాథుడు	bhakti	Chennamallu
p255	భజియించు కేవలభక్తి ముక్తికిఁ దాన - యునికియు మనికినై తనరెనేని\nచను శీలసంబంధసంపన్నతకుఁ దాన - గతియును మతియునై క్రాలెనేని\nసంగతంబుగఁ బ్రాణలింగంబునకుఁ దాన - యొడలు ప్రాణంబునై యుండెనేని\nసంతతబాహ్య ప్రసాదంబునకుఁ దాన - రూపును రుచియునై చూపునేని	seesamu	upajaathi	పాలకురికి సోమనాథుడు	bhakti	Chennamallu
p256	వేయి యేల యతని విమలానుభవసౌఖ్య - మున్నఁ జాల దెట్టు లెన్న ఫలము\nనట్లుగాన నీ మహాభక్తి యుక్తులఁ - జేర్పవయ్య నన్నుఁ జెన్నమల్లు.	aataveladi	upajaathi	పాలకురికి సోమనాథుడు	bhakti	Chennamallu
p257	నెపమునఁ బ్రాణంబు నీయందుఁ బ్రిదిలిన - యప్పుడె మృతినొందఁ డయ్యెడేని\nకలనైన నిలిచిన నిలుకడ చలియింప - నప్పుడ రూపకుం డయ్యెనేని\nయించుకంతయు మతి నితరభావము సోఁక - నప్పుడు కని వ్రాలఁ డయ్యెనేని\nఅణుమాత్ర మైన లింగానర్పితము సోఁక - నచ్చోటఁ దెగఁజూడఁ డయ్యెనేని	seesamu	upajaathi	పాలకురికి సోమనాథుడు	bhakti	Chennamallu
p258	భక్తిమాట లాడ ఫలమేమి వెండియు - మజ్జనంబు చేయ లజ్జగాదె\nయట్లుగాన నీ మహాప్రసాదానూన - సిద్ధి కేవలంబె చెన్నమల్లు.	aataveladi	upajaathi	పాలకురికి సోమనాథుడు	bhakti	Chennamallu
p259	లింగ నీభక్తులలీల వీక్షింపుచో - నొడలెల్ల కన్నులై యుండెనేని\nదేవ నీభక్తులఁ దివిరి కీర్తించుచో - నొడలెల్ల జిహ్వలై యుండెనేని\nజియ్య నీభక్తాంఘ్రిసేవ యొనర్చుచో - నొడలెల్ల చేతులై యుండెనేని\nఅయ్య నీభక్తమహాత్మ్య మాలించుచో - నొడలెల్ల వీనులై యుండెనేని	seesamu	upajaathi	పాలకురికి సోమనాథుడు	bhakti	Chennamallu
p260	స్వామి భవదీయభక్తి ప్రసాదముక్తి - యుక్తి కొడలెల్ల నోళ్లునై యుండెనేని\nఅట్టిభక్తుల మహిత దివ్యాంఘ్రి యుగళ - శేఖరులఁ జేర్చి రక్షించు చెన్నమల్లు.	teytageethi	upajaathi	పాలకురికి సోమనాథుడు	bhakti	Chennamallu
p261	నీరూపు నీరేఖ నీయన్ను నీచెన్ను - నీపెంపు నీసొంపు నీచలంబు\nనీమూర్తి నీస్ఫూర్తి నీశాంతి నీకాంతి - నీలాగు నీబాగు నీవిధంబు\nనీబల్మి నీకల్మి నీయురుల్‌ నీసిరుల్‌ - నీనెఱి నీగుఱి నీమెఱుంగు\nనీనల్వు నీచెల్వు నీలలి నీలులి - నీరీతి నీభాతి నీస్థిరంబు	seesamu	upajaathi	పాలకురికి సోమనాథుడు	bhakti	Chennamallu
p262	తనువునందుఁ గుదురుకొని కనుఁగవ వెళ్లఁ - బారి మదిఁ బెనంగి ప్రాణముగను\nనీవయై చరించు నీమహాభక్తులఁ - జేర్పవయ్య నన్నుఁ జెన్నమల్లు.	aataveladi	upajaathi	పాలకురికి సోమనాథుడు	bhakti	Chennamallu
p263	భక్త సద్గోష్ఠిముదిత విస్ఫార సుఖము - భుక్తియును ముక్తియును నేని భక్తుఁ డతఁడు\nఅట్టి భక్తులమహితదివ్యాంఘ్రియుగళ - శేఖరుం జేర్పవే నన్నుఁ జెన్నమల్లు.	teytageethi	upajaathi	పాలకురికి సోమనాథుడు	bhakti	Chennamallu
p264	దన్నువఱచి భక్తతతిఁ గొనియాడు ని - గర్వులను గుణోపకారమతుల\nశుద్ధభక్తిరతుల సిద్ధప్రసాదులఁ - జేర్పవయ్య నన్నుఁ జెన్నమల్లు.	aataveladi	upajaathi	పాలకురికి సోమనాథుడు	bhakti	Chennamallu
p265	బ్రాణనాథునందు భక్తైక్యతనునందు - లింగమందు గురువుజంగమందుఁ\nగందునట్ల వినుతి గావింతు సేవింతు - నిన్నుఁ మదిఁ దలంతుఁ జెన్నమల్లు.	aataveladi	upajaathi	పాలకురికి సోమనాథుడు	bhakti	Chennamallu
p266	కరమర్థి నీకు శృంగారంబుగాఁ బూజ - సేయుదుఁగాని యాశింప ఫలము\nవేడుకతోడుత విభవార్థముగ నుతుల్‌ - సేయుదుఁగాని యాశింప మెప్పు\nతగిలి నీకు సుఖార్థముగఁ బదార్థార్పణ - సేయుదుఁగాని యాశింప రుచుల\nలాలితంబుగ నీకు లీలార్థముగ భక్తి - సేయుదుఁగాని యాశింప ముక్తి	seesamu	upajaathi	పాలకురికి సోమనాథుడు	bhakti	Chennamallu
p267	నీవు పూజాఫలార్థివే నిష్ఫలార్థి - నీవు కీర్తి ప్రియుండవే నిష్క్రియుండ\nసకలసుఖభోగి వీవె ప్రసాదముక్తి - సన్నిహితుఁడను నీబంటఁ జెన్నమల్లు.	teytageethi	upajaathi	పాలకురికి సోమనాథుడు	bhakti	Chennamallu
p268	చూడ్కి నీలోఁ జూచి చూడంగవలవదే - వినికి నీవినికిగా వినఁగవలదె\nనెఱిదాఁకకటమున్న గుఱిచేయవలవదే - నడుపు నీ వెంబడి నడువవలదె\nరుచులు నీజిహ్వను రుచియింపవలవదే - చేత నేచేయిగాఁ జేయవలదె\nతలఁపు నీలో నుండి తలఁపంగవలవదే - పలుకు నీముఖమందుఁ బలుకవలదె	seesamu	upajaathi	పాలకురికి సోమనాథుడు	bhakti	Chennamallu
p269	యంత్రధారిచేతి జంత్ర మున్నటులు నీ - వాడినట్లు దేహ మాడవలదె\nయట్లుగాన నీమహాప్రసాదానూన - సిద్ధి కేవలంబె చెన్నమల్లు.	aataveladi	upajaathi	పాలకురికి సోమనాథుడు	bhakti	Chennamallu
p270	సంకీర్ణలౌకికాచారవర్జితుఁడేని - విధినిషేధక్రియావివశుఁ డెట్లు\nవిధినిషేధక్రియావిరహితవర్తులే - నుభయకర్మఫలప్రయుక్తు లెట్టు\nలుభయకర్మఫలోత్త రోద్యుక్తు లేనియు - స్వర్ాదిలోకప్రచారు లెట్లు\nస్వర్గాదిలోక ప్రచార దూరగులేని - స్తన్యపానక్రియాసక్తు లెట్లు	seesamu	upajaathi	పాలకురికి సోమనాథుడు	bhakti	Chennamallu
p271	అట్లుగాన లౌకికాచారదూరులఁ - బరమభక్తి రతులఁ బాత్రయుతుల\nనతుల తత్త్వయుతుల నట్టిమహాత్ములఁ - జేర్పవయ్య నన్నుఁ జెన్నమల్లు.	aataveladi	upajaathi	పాలకురికి సోమనాథుడు	bhakti	Chennamallu
p272	నడఁచె గావునఁ దత్త్వ మహత్త్వశక్తిఁ - దగిలి మీమాంసకుల ముక్కుఁ బగులఁగోసి\nనట్టిభక్తుల వేదవేదాంతసార - శేఖరులఁ జేర్పవే నన్నుఁ జెన్నమల్లు.	teytageethi	upajaathi	పాలకురికి సోమనాథుడు	bhakti	Chennamallu
p273	కాయంబు నింద్రియోత్కరమును నర్పించి - సంధిల్లు కాయప్రసాది యేని\nప్రాణంబు సత్క్రియాపదమును నర్పించి - సాధించు ప్రాణప్రసాది యేని\nశబ్దంబుఁ దచ్ఛబ్దసౌఖ్యంబు నర్పించి - శబ్దించు వచనప్రసాది యేని\nగమనంబు గమనసంగతియును నర్పించి - చననేర్చు గమనప్రసాది యేని	seesamu	upajaathi	పాలకురికి సోమనాథుడు	bhakti	Chennamallu
p274	తలఁపులను జేష్టలను నర్పితంబుఁ జేసి - సంచరించు వ్యాపారప్రసాది యేని\nఅట్టి సర్వసంపూర్ణ మహాప్రసాద - సన్నిహితులను జేర్పుమీ చెన్నమల్లు.	teytageethi	upajaathi	పాలకురికి సోమనాథుడు	bhakti	Chennamallu
p275	తఱి తఱి దలఁచుచో మఱలి యైనను బ్రబు - ద్ధతఁ బ్రసాదమె గాని తలఁపఁడేని\nగడగడ వణఁకుచోఁ దడఁబడియైనఁ జొ - ప్పడఁ బ్రసాదమెగాని పలుకఁడేని\nగ్రక్కునఁ బొందుచోఁ గలలోననైన ని - మ్ములఁ బ్రసాదమెగాని ముట్టఁడేని\nసరినేఁగుచోఁ గాలుజాఱియైనను లెస్స - మీప్రసాదమెగాని మెట్టఁడేని	seesamu	upajaathi	పాలకురికి సోమనాథుడు	bhakti	Chennamallu
p276	సొలసి యింద్రియముల సోగియించుచోఁ బ్రాణ - మరుగునప్పు డైన నవికలత్వ\nసావధానియైన యాప్రసాదినిఁ గూడఁ - జేర్పవయ్య నన్నుఁ జెన్నమల్లు.	aataveladi	upajaathi	పాలకురికి సోమనాథుడు	bhakti	Chennamallu
p277	సన్మనోభావంబు సంధిల్లు టరిదియే - తగిలి ప్రసాదమై తలఁపు లడర\nభక్తిసుభాషల భాసిల్లు టరిదియే - కలయఁ బ్రసాదమై పలుకు లడర\nవిమలభక్త క్రియాంగము చెల్లు టరిదియె - వఱలు ప్రసాదమై వ్యాప్తి దనర\nచిరారాంతశ్శుద్ధి దొరకొను టరిదియే - గూఢప్రసాదమై కోర్కు లడర	seesamu	upajaathi	పాలకురికి సోమనాథుడు	bhakti	Chennamallu
p278	నింద్రియముల గెల్చుటె ట్లరిదియే సమ - స్తాంగములు ప్రసాదమై చెలంగ\nనట్లుగాన నీమహాప్రసాదానూన - సిద్ధి కేవలంబె చెన్నమల్లు.	aataveladi	upajaathi	పాలకురికి సోమనాథుడు	bhakti	Chennamallu
p279	కాయంబునందు నిన్‌ బాయకుండిన లీలఁ - బ్రాణంబునందునఁ బాయఁడేని\nవెలయ జాగ్రదవస్థఁ దలఁచిన యమ్మాడ్కి - నలరు స్వప్నావస్థఁ దలఁచెనేని\nవెలుపలి దృష్టుల వీక్షించు విధమున - భావంబునందునఁ బదిలుఁడేని\nబాహ్యార్పణంబునఁ బరవశుఁ డైనట్టి - మానసార్పితసావధాని యేని	seesamu	upajaathi	పాలకురికి సోమనాథుడు	bhakti	Chennamallu
p280	నతనిఁ జెప్పనొప్పు ననిశంబు నతని సాం - గత్య మొప్పు నతనిఁ గన్న నొప్పు\nనట్లుగాన నీ మహాభక్తి యుక్తులఁ - జేర్చి బ్రోవు నన్నుఁ జెన్నమల్లు.	aataveladi	upajaathi	పాలకురికి సోమనాథుడు	bhakti	Chennamallu
p281	కనువిచ్చు కనుదృష్టిఁ గనుమూయఁ గనుఁగవ - వెలుఁగుచు లింగంబు వేళ్లుబారఁ\nదలఁచు తలంపున నిలుచు సుఖంబునఁ - నెక్కొన లింగంబు పిక్కటిల్ల\nసోకుఁడు తనువున సొగయుప్రాణంబునఁ - బసిగొని లింగంబు ప్రజ్వరిల్లఁ\nబలుకుడుపలుకులఁ బలుక నీముఖమునఁ - బరిగొని లింగంబు భరితముగను	seesamu	upajaathi	పాలకురికి సోమనాథుడు	bhakti	Chennamallu
p282	దగిలి మిగిలి క్రియలఁ దానయై లింగంబు - నిమ్ముకొను నిరంతరమ్ము నట్టు\nలుల్లసిల్లు లింగయోగానుభవులను - జేర్పవయ్య నన్నుఁ జెన్నమల్లు.	aataveladi	upajaathi	పాలకురికి సోమనాథుడు	bhakti	Chennamallu
p283	బయలునొడల మనము ప్రాణభావంబున - లోను వెలియుఁ దన్నుఁ దాను మరచి\nలింగగతిఁ జరింపు లింగలింగైక్యులఁ - జేర్పవయ్య నన్నుఁ జెన్నమల్లు.	aataveladi	upajaathi	పాలకురికి సోమనాథుడు	bhakti	Chennamallu
p284	రసముగాని యోగిరము గూడ వడ్డించి - యర్పణంబు లోన నలరెనేని\nశీలవంతుఁ డతఁడు సిద్ధంబు నన్నట్టి - శీలవంతుఁ జేర్చు చెన్నమల్లు.	aataveladi	upajaathi	పాలకురికి సోమనాథుడు	bhakti	Chennamallu
p285	చేసిన నుపచారి చేయమి సోమరి - ఫలము గోరక చేయ భక్తిపరుఁడు\nపొగడినఁ బ్రౌఢుండు పొగడమి మూఢుండు - నిరవెర్గి పొగడఁ గవీశ్వరుండు\nవలెనన్న సంసారి వలదన్న నిర్మోహి - వలదనర్పితమన్న బహుప్రసాది\nతలఁచిన సువిధాని తలఁపమి నద్వైతి - తన్ను మరవఁ దలఁపఁ దత్త్వవిదుఁడు	seesamu	upajaathi	పాలకురికి సోమనాథుడు	bhakti	Chennamallu
p286	అట్లుగాన దద్‌జ్ఞులగు మహాభక్తుల - సరస లింగకవులసత్ప్రసాద\nరతులఁ బరమతత్త్వయుతుల మహాత్ములఁ - జేర్పవయ్య నన్నుఁ జెన్నమల్లు.	aataveladi	upajaathi	పాలకురికి సోమనాథుడు	bhakti	Chennamallu
p287	నీవె కర్త వటన్న నిక్కంబు భక్తుండు - తా నన్న నుభయకర్మానుగతుఁడు\nనీకె యన్నను సదా నియతప్రసాదాంగి - తనకన్న నింద్రియతత్పరుండు\nనిన్ను నెఱింగిన నేటైనశరణుండు - తన్ను నెఱింగినఁ దామసుండు\nనీవు తా నన్నను నిజము లింగైక్యుండు - తాని నీ వనిన నద్వైతవాది	seesamu	upajaathi	పాలకురికి సోమనాథుడు	bhakti	Chennamallu
p288	కాన కాయకర్మగతిమతి శబ్దచై - తన్యభావములను దన్ను మఱచి\nలింగగతిఁ జరించు లింగలింగైక్యులఁ - జేర్పవయ్య నన్నుఁ జెన్నమల్లు.	aataveladi	upajaathi	పాలకురికి సోమనాథుడు	bhakti	Chennamallu
p289	తను వెల్ల నీ ప్రసాదమె గాని పొందదే - పునరాగతము మాన్పు మనఁగ నేల\nమనుచు సద్భక్తుల మఱిగాని యొల్లదే - బ్రతికింపు మని దైన్యపడఁగ నేల\nప్రాణముల్‌ నినుగాని భజియింపకుండవే - యపవర్గ మిమ్మని యడుగ నేల\nవిషయముల్‌ నినుగాని వేధింపకుండవే - యువగుణంబులఁ బాపు మనఁగ నేల	seesamu	upajaathi	పాలకురికి సోమనాథుడు	bhakti	Chennamallu
p290	యెఱుక నిన్నెగాని యెఱుఁగదే సద్భక్తి - యొసఁగు మొసఁగు మనుచుఁ గొసర నేల\nకోర్కి నిన్నెగాని కోరదే మఱియొండు - విన్నపంబు లేల చెన్నమల్లు.	aataveladi	upajaathi	పాలకురికి సోమనాథుడు	bhakti	Chennamallu
p291	ఏదెసఁ జూచున నాదెస లింగంబు - దృక్కుల వెంబడిఁ దేజరిల్లు\nనెక్కడఁ జూచిన నక్కడ లింగంబు - మునుఁగుచు నిలుచుచు మూర్తిఁ గొనక\nయెచ్చోటఁ జూచిన నచ్చోట లింగంబు - మనమునఁ జిట్టాడుచును బెనంగు\nనెమ్మెయిఁ బొందిన నమ్మెయి లింగంబు - దనువునందునఁ డొట్రుకొనుచుఁ దనరుఁ	seesamu	upajaathi	పాలకురికి సోమనాథుడు	bhakti	Chennamallu
p292	దివిరి పలుకుల లింగంబు తీఁగ సాగఁ - దొడరి పలుకుల లింగంబు ముడివడంగ\nనతిశయిల్లెడు పరమలింగానుభవులఁ - జేర్చి రక్షింపవే నన్నుఁ జెన్నమల్లు.	teytageethi	upajaathi	పాలకురికి సోమనాథుడు	bhakti	Chennamallu
p293	నీడఁ బోలు తాను నీడ యై బాహ్యాంత - ర ప్రవర్తనముల నీప్రసాద\nసౌఖ్యమునను బొదలు ముఖ్యప్రసాదులఁ - జేర్పవయ్య నన్నుఁ జెన్నమల్లు.	aataveladi	upajaathi	పాలకురికి సోమనాథుడు	bhakti	Chennamallu
p294	ధర 'నవశ్య మనుభోక్తవ్యం కృతం కర్మ' - యనుకర్మయోగంబు నపహసించి\nయేదియు లేక 'జ్ఞానాదేవ మోక్ష' మను - జ్ఞానయోగంబు హాస్యంబుచేసి\nవదలక 'యాత్మనా మిద మగ్రజే' త్తను - ధ్యానయోగంబును నాశ్రయించి\nతగవెంచఁ 'బూజ్యా యథామవాయం' బను - భక్తి యోగంబుచే బాగుగాను	aataveladi	upajaathi	పాలకురికి సోమనాథుడు	bhakti	Chennamallu
p295	జేవ పొదలు పరమశివయోగసుఖసుధా - శరధి మరచి తన్ను జగము మఱచి\nలింగగతి చరించు లింగలింగైక్యులఁ - జేర్పవయ్య నన్నుఁ జెన్నమల్లు.	aataveladi	upajaathi	పాలకురికి సోమనాథుడు	bhakti	Chennamallu
p296	మ్రానుచేవబలియు మాడ్కి సందడిఁ దన్ను - నెఱుఁగఁ దెలివి వీఁక కఱకుపడక\nనీవ యై చరించు నీమహాభక్తులఁ - జేర్పవయ్య నన్నుఁ జెన్నమల్లు.	aataveladi	upajaathi	పాలకురికి సోమనాథుడు	bhakti	Chennamallu
p297	శ్రీగురు నకట వాసిగఁ గాలదన్నిన - మేరు వానందంబుఁ జేరుపూజ\nనిలుపవే భజియించు నెపమున లింగని - నీరూపు నతులితనిరవగుణము\nసర్వేశుఁ గడునర్థిఁ బర్విన చూడ్కిని - సంకీర్ణ జైమినిసాటికాయ\nతఱితఱి సన్మనోనిరతి కాయమునందుఁ - గనువిచ్చుడును సర్వగత మనంగఁ	seesamu	upajaathi	పాలకురికి సోమనాథుడు	bhakti	Chennamallu
p298	జెలఁగి నలి ప్రాణలింగంబుఁ జేసి యనుప - నీవ కర్తవు తను వెల్ల నిర్మలముగ\nనేదెసను జూచి కనుమూయ మోద మొసఁగ - ధర నవశ్యంబు కరవున వెఱపులేక.	teytageethi	upajaathi	పాలకురికి సోమనాథుడు	bhakti	Chennamallu
p299	భక్తస్థలమునఁ బదుమూఁడు మాహేశ - పదమున నైదు నేర్పడఁ బ్రసాది\nపదమున మూఁడు దత్ప్రాణలింగికి నాల్గు - శరణస్థలంబున నరయ నైదు\nనైక్యస్థలంబున కలవడ రెండును - షట్స్థలవిజ్ఞానసరణి నొప్పి\nక్షితిని ముప్పదిరెండు సీసపద్యంబులు - సరసోక్తిగాఁ బాలకురికి సోమ	teytageethi	upajaathi	పాలకురికి సోమనాథుడు	bhakti	Chennamallu
p300	నాథుఁ డన నొప్పు నారాధ్యనవ్యమూర్తి - యఖిలవేదపురాణశాస్త్రార్థవిదుఁడు\nవీరశైవసభాయోగ్యవిదితముగను - జెన్నమల్లేశు ప్రీతిగాఁ జెప్పె నిట్లు.	teytageethi	upajaathi	పాలకురికి సోమనాథుడు	bhakti	Chennamallu
p301	పదుమూఁడునైదుమూఁడును\nపదపడి నాల్గైదు రెండుపద్దెంబులు గా\nనిది భక్తాదికషట్స్థల\nమది వెలయఁగ వెలయుఁ జెన్నమలు సీసంబుల్‌.	kandamu	jaathi	పాలకురికి సోమనాథుడు	bhakti	Chennamallu
p302	చెనమల్లేశ్వరు పేరిట\nసునిశితముగఁ బాలకుఱికి సోమేశుఁడు దా\nఘనభక్తి వెలయఁ జెప్పెను\nజెనమలు సీసంబు లనఁగఁ జెలఁగ ధరిత్రిన్‌.	kandamu	jaathi	పాలకురికి సోమనాథుడు	bhakti	Chennamallu
p303	ఈ సీసము లేవేళను\nభాసురముగఁ బఠనజేయు భక్తుల కిలలో\nవాసిగ భుక్తియు ముక్తియు\nనాసర్వేశ్వరుఁ డొసంగు ననవరతంబున్‌.	kandamu	jaathi	పాలకురికి సోమనాథుడు	bhakti	Chennamallu
p304	సిరిమగఁడున్ బితామహుఁడుఁ జేరి భజింపఁగ వెండికొండపై\nసరస నవేందుకాంతమణిసౌధమునందుఁ బసిండిగద్దెపై\nగిరిసుతఁ గూడి వేడుకలఁ గేరెడు నిన్ను మదిన్ దలంచెదన్\nచిరవిభవా! భవా! విజితచిత్తభవా! యభవా! మహాభవా!	champakamaala	vruttamu	కూచిమంచి తిమ్మకవి	bhakti	Chiravibhava
p305	మరలని భక్తితోడ మును మల్హణబిల్హణముఖ్యసత్కవీ-\nశ్వరులు కవిత్వవైఖరిని సారెకు నిన్ బ్రణుతించి ధన్యులై\nబరగిరటంచు నేను నినుఁ బద్యముఖంబుగ సంస్మరించెదన్\nచిరవిభవా! భవా! విజితచిత్తభవా! యభవా! మహాభవా!	champakamaala	vruttamu	కూచిమంచి తిమ్మకవి	bhakti	Chiravibhava
p306	శరశరదిందుకుందహరిచందనహారతుషారతారకా-\nదరఘనసారవర్ణ వరదండశుకాంబుజపాణి వాణి యా-\nదరమునఁ బ్రోచుచోఁ గవికదంబము నిన్బ్రణుతించు ధన్యమై\nచిరవిభవా! భవా! విజితచిత్తభవా! యభవా! మహాభవా!	champakamaala	vruttamu	కూచిమంచి తిమ్మకవి	bhakti	Chiravibhava
p307	తరలని భక్తి నా హృదయతామరసంబున సంస్మరింతు దు-\nర్భరదురితాంధకారవిసరప్రసరన్నళినీసుహృల్లస-\nత్కిరణములైన దెందులురి దివ్యకులోద్భవు లింగనార్యు స-\nద్గురుచరణంబు లుగ్రభవతోయధిసంతరణంబు లెప్పుడున్\nచిరవిభవా! భవా! విజితచిత్తభవా! యభవా! మహాభవా!	champakamaala	vruttamu	కూచిమంచి తిమ్మకవి	bhakti	Chiravibhava
p308	గురుతరలీలఁ బీఠపురి కుక్కుటలింగమహాప్రభుండవై\nబరగెడు నిన్ను నేనిపుడు భక్తి దలర్పఁగ నాశ్రయింతు నీ\nవరకరుణానిరీక్షణము వాలెము నాపయి నిల్పి ప్రోవవే\nచిరవిభవా! భవా! విజితచిత్తభవా! యభవా! మహాభవా!	champakamaala	vruttamu	కూచిమంచి తిమ్మకవి	bhakti	Chiravibhava
p309	కరయుగళంబు మోడ్చి కుతుకంబున మ్రొక్కెద సర్వదేవతా-\nపరివృఢమౌళిభాగ్మకుటపంకజరాగమణిప్రభాచ్ఛటా-\nనిరతవిరాజమానరమణీయభవచ్చరణాగ్రపీఠికిం\nజిరవిభవా! భవా! విజితచిత్తభవా! యభవా! మహాభవా!	champakamaala	vruttamu	కూచిమంచి తిమ్మకవి	bhakti	Chiravibhava
p310	శరధిశయాంబకాయ రవిచంద్రకృపీటభవాంబకాయ గో-\nపరివృఢకేతనాయ సితపర్వతకూటనికేతనాయ సు-\nస్థిరకరుణామతే భగవతే శివ తే నమ యంచు మొక్కెదన్\nచిరవిభవా! భవా! విజితచిత్తభవా! యభవా! మహాభవా!	champakamaala	vruttamu	కూచిమంచి తిమ్మకవి	bhakti	Chiravibhava
p311	శిరములు వేయిగల్గు నహిశేఖరుఁడైన చతుర్ముఖంబులన్\nబరగు విధాతయైన సులభంబుగ నొక్కిసుమంతయైన నీ\nచరితము లెన్నఁజాలరట శక్తులమే మముబోంట్ల మెన్నఁగాఁ\nజిరవిభవా! భవా! విజితచిత్తభవా! యభవా! మహాభవా!	champakamaala	vruttamu	కూచిమంచి తిమ్మకవి	bhakti	Chiravibhava
p312	ధరణి రథంబుగా శృతివితానము వాజులుగా రమామనో-\nహరుఁడు శరంబుగా మరుదహార్యము సింగిణిగా బిలేశయే-\nశ్వరుఁడు గుణంబుగా నలువ సారథిగాఁ దిగప్రోళ్లఁ గూల్చితౌ\nచిరవిభవా! భవా! విజితచిత్తభవా! యభవా! మహాభవా!	champakamaala	vruttamu	కూచిమంచి తిమ్మకవి	bhakti	Chiravibhava
p313	హరి మిము వేయుపద్మముల నర్చన చేసిన సర్వలోకభీ-\nకరఖరదైత్యసంహరణకారణమై కనుపట్టు చుట్టువా-\nలరుదుగ నిచ్చిమెచ్చి భువనైకధురంధరుఁ జేసి యేలితో\nచిరవిభవా! భవా! విజితచిత్తభవా! యభవా! మహాభవా!	champakamaala	vruttamu	కూచిమంచి తిమ్మకవి	bhakti	Chiravibhava
p314	శరధిశయానుఁడైన హరి సారసబంధుకులంబునందు దా-\nశరథి యనం జనించి బహుసంఖ్యలు మీఱిన లింగమూర్తులన్\nసరవిఁ బ్రతిష్ఠఁ జేసెనఁట శక్యమె నీ యధికత్వమెన్నఁగాఁ\nజిరవిభవా! భవా! విజితచిత్తభవా! యభవా! మహాభవా!	champakamaala	vruttamu	కూచిమంచి తిమ్మకవి	bhakti	Chiravibhava
p315	మెరమెర లేక నీవు మును మేదరిసెట్టియు బోయలెంకయున్\nబెరసుకులంపు చాకలియు బెట్టిన యోగిర మారగించితౌ\nసరిసరి నిన్ను నర్చనలు సల్పెడుచో నియమంబులేలయా\nచిరవిభవా! భవా! విజితచిత్తభవా! యభవా! మహాభవా!	champakamaala	vruttamu	కూచిమంచి తిమ్మకవి	bhakti	Chiravibhava
p316	విరసముతోడ నిన్ శిలల వ్రేసియు రోకటఁ గ్రుమ్మియున్ గృహాం-\nతరమునఁ గాపువెట్టియును సిద్ధముగా వెలివెట్టు కుంటిన-\nల్దిరగఁగఁ జేసినట్టి ఘనులే తగుభక్తవరేణ్యులైరి మేల్\nచిరవిభవా! భవా! విజితచిత్తభవా! యభవా! మహాభవా!	champakamaala	vruttamu	కూచిమంచి తిమ్మకవి	bhakti	Chiravibhava
p317	సురపతి వేణువుం గలిమికొమ్మమగండు మృదంగవాద్య మం-\nబురుహభవుండు తాళమును పొత్తముముత్తవ వీణఁ బూనఁగా\nహరిసతి బాడినం జదల నద్భుతతాండవకేళి సల్పితౌ\nచిరవిభవా! భవా! విజితచిత్తభవా! యభవా! మహాభవా!	champakamaala	vruttamu	కూచిమంచి తిమ్మకవి	bhakti	Chiravibhava
p318	పరుసము సోకి లోహము శుభస్థితి బంగరమైన రీతి స-\nద్గురుకరుణానిరీక్షణ మకుంఠితలీల నొకింత సోకినన్\nనరుఁడు మహాత్ముఁడై బుధజనస్తుతుఁడై నినుఁ జెందుఁబో తుదిన్\nచిరవిభవా! భవా! విజితచిత్తభవా! యభవా! మహాభవా!	champakamaala	vruttamu	కూచిమంచి తిమ్మకవి	bhakti	Chiravibhava
p319	గరుడముఁ గన్న పన్నగనికాయములట్ల మృగేంద్రుఁ గన్న కుం-\nజరములకైవడిన్ దురితసంఘములెల్లఁ దొలంగి పారుచో\nనరుఁడొకచో ననాస్థనయినం భవదాహ్వయ ముచ్చరించినన్\nచిరవిభవా! భవా! విజితచిత్తభవా! యభవా! మహాభవా!	champakamaala	vruttamu	కూచిమంచి తిమ్మకవి	bhakti	Chiravibhava
p320	ధరణిసురు న్వధించిన మదంబున గోనిధనంబొనర్చినం\nగురుసతిఁ గూడినన్ మధువుఁ గ్రోలిన హేమము మ్రుచ్చలించినన్\nదొరకొను పాతకంబు లొకతూరి శివా యనినన్ దొలంగుఁబో\nచిరవిభవా! భవా! విజితచిత్తభవా! యభవా! మహాభవా!	champakamaala	vruttamu	కూచిమంచి తిమ్మకవి	bhakti	Chiravibhava
p321	దురితము లేమిసేయు గ్రహదోషపిశాచరుజామృగోరగో-\nత్కరభయమేల కల్గు నృపతస్కరవహ్నిభయంబులే ప్రియం\nబెరయు నరుం డొకప్డు నినుఁ బేర్కొని నెమ్మది సంస్మరించినన్\nచిరవిభవా! భవా! విజితచిత్తభవా! యభవా! మహాభవా!	champakamaala	vruttamu	కూచిమంచి తిమ్మకవి	bhakti	Chiravibhava
p322	వెరవిరవార నేపగిది వేఁడినఁ గానియు నియ్యలేని ము-\nష్కరనరనాయకాధముల సావడులం బడి ప్రేలువారికిన్\nనిరతకృపార్ద్రదృష్టిమెయి నీవిడ కన్యుఁ డొసంగఁజాలునే\nచిరవిభవా! భవా! విజితచిత్తభవా! యభవా! మహాభవా!	champakamaala	vruttamu	కూచిమంచి తిమ్మకవి	bhakti	Chiravibhava
p323	హరువులు దీర్ప నీవు హృదయంబున నెప్పుడు గల్గియుండఁగా\nవెరవరి యందు నందులకు వేరడులై చనుచుంద్రు పామరుల్\nనెరయఁగ వెన్న చేతినిడి నేతికి ద్రిమ్మరు కైవడిం గటా!\nచిరవిభవా! భవా! విజితచిత్తభవా! యభవా! మహాభవా!	champakamaala	vruttamu	కూచిమంచి తిమ్మకవి	bhakti	Chiravibhava
p324	బురుదను హాళితో నురెడిపుర్వు మెలంగుచునుండి యెప్పుడు-\nన్బురుద యొకింతయైనఁ దనుఁ బొందకయుండ మెలంగునట్లు నే-\nర్పరి గృహమేధియయ్యు భవబంధమునంటక నిన్నుఁ జెందుఁబో\nచిరవిభవా! భవా! విజితచిత్తభవా! యభవా! మహాభవా!	champakamaala	vruttamu	కూచిమంచి తిమ్మకవి	bhakti	Chiravibhava
p325	నరుఁ డొకనాఁడు నీ నగరు నంగనఁ బట్టి విచిత్రఘంటికో-\nత్కరరవమాలకించిన నతండు వినం డెపుడున్ కృతాంతకా-\nసరగళఘంటికావ్రజవిశంకటసాంద్రఘణంఘణధ్వనుల్\nచిరవిభవా! భవా! విజితచిత్తభవా! యభవా! మహాభవా!	champakamaala	vruttamu	కూచిమంచి తిమ్మకవి	bhakti	Chiravibhava
p326	కరతలతాళవృంతములుఁ గ్రమ్మఁగ నెవ్వఁడు తావకాలయా-\nజిరమున నాఁడు నాతఁడు వసించు విరాజితరాజతావనీ-\nధరశిఖరాగ్రరత్నసముదంచితకాంచనసౌధవీధులన్\nచిరవిభవా! భవా! విజితచిత్తభవా! యభవా! మహాభవా!	champakamaala	vruttamu	కూచిమంచి తిమ్మకవి	bhakti	Chiravibhava
p327	పరిచితి మీఱ మీ శిరముపై పురిసెండు జలంబొకప్పుఁ డా-\nదరమునఁ జిల్కు బల్లిదుఁడు తథ్యముగా నఖిలాఘదూరుఁడై\nధరఁ గల పుణ్యతీర్థములఁ దప్పకఁ గ్రుంకు ఫలంబుఁ జేకొనున్\nచిరవిభవా! భవా! విజితచిత్తభవా! యభవా! మహాభవా!	champakamaala	vruttamu	కూచిమంచి తిమ్మకవి	bhakti	Chiravibhava
p328	తొరలెడు భక్తిఁ గప్పురపు ధూపము నీకు జనుం డొసంగుచో\nగొరగొర వానిమేనఁ గల ఘోరతరాఘపిశాచసంఘముల్\nబరువడి కూయి వెట్టుచును బారి చనుంగద తత్క్షణంబునన్\nచిరవిభవా! భవా! విజితచిత్తభవా! యభవా! మహాభవా!	champakamaala	vruttamu	కూచిమంచి తిమ్మకవి	bhakti	Chiravibhava
p329	గురుఁడవు బాంధవుండవు సఖుండవు తల్లివి దండ్రి వన్న వీ-\nశ్వరుఁడవు దాత వాప్తుఁడవు సర్వము నీవె యటంచు నమ్మితి-\nన్వరదుఁడవై కృపారసము వావిరి నాపయిఁ జిల్కి బ్రోవవే\nచిరవిభవా! భవా! విజితచిత్తభవా! యభవా! మహాభవా!	champakamaala	vruttamu	కూచిమంచి తిమ్మకవి	bhakti	Chiravibhava
p330	కెరలెడు ఘోరపాపతతికి న్మదిఁ గంపిలి యేయుపాయమున్\nదొరకక యొక్క పెన్వెరవు దోచిన నుబ్బుచు నిబ్బరంబుగా\nహరహర యంచుఁ బల్కితి నహా! దురితంబులు వీడి పారెఁబో\nచిరవిభవా! భవా! విజితచిత్తభవా! యభవా! మహాభవా!	champakamaala	vruttamu	కూచిమంచి తిమ్మకవి	bhakti	Chiravibhava
p331	గిరిశ నమోస్తు యోగిజనగేయ నమోస్తు మహోగ్రదోషసం-\nహరణ నమోస్తు భోగికులహార నమోస్తు సమస్తదేవతా-\nచరణ నమోస్తు తే యనుచు సారెకుఁ గోరి నమస్కరించెదన్\nచిరవిభవా! భవా! విజితచిత్తభవా! యభవా! మహాభవా!	champakamaala	vruttamu	కూచిమంచి తిమ్మకవి	bhakti	Chiravibhava
p332	వరద పరాకు భక్తజనవంద్య పరాకు సమస్తపాపసం-\nహరణ పరాకు భక్తనివహావహదక్ష పరాకు యోగిహృ-\nశ్చరణ పరాకు సేయకిఁక సయ్యన నా మనవాలకించవే\nచిరవిభవా! భవా! విజితచిత్తభవా! యభవా! మహాభవా!	champakamaala	vruttamu	కూచిమంచి తిమ్మకవి	bhakti	Chiravibhava
p333	పరవనితా పరాస్థ నరపాలకసేవలయందుఁ గోరికల్\nదొరలఁగనీక నీ చరణతోయజభక్తియు సూనృతోక్తి యె-\nవ్వరికినిఁ గీడు సేయమియు వాలెము నా కొనఁగూర్చి బ్రోవవే\nచిరవిభవా! భవా! విజితచిత్తభవా! యభవా! మహాభవా!	champakamaala	vruttamu	కూచిమంచి తిమ్మకవి	bhakti	Chiravibhava
p334	మురువుగ నక్షమాలయును మోదికఁ బూనితి భూతి దాల్చితిన్\nస్మరణగ నైదువర్ణముల మంత్రము వేమరు నుచ్చరించితిన్\nదురితపిశాచముల్ దొరగి దూరముగా జనకుండుటెట్లికన్\nచిరవిభవా! భవా! విజితచిత్తభవా! యభవా! మహాభవా!	champakamaala	vruttamu	కూచిమంచి తిమ్మకవి	bhakti	Chiravibhava
p335	గురువరభక్తి మీఱ మిముఁ గొల్చినవాఁడనటంచుఁ దద్దయుం\nగరువముతోడ నేను కృతకర్మము లెవ్వియుఁ జేయనైతి దు-\nర్భరదురితాత్ముఁడంచును దిరస్కృతిఁ జేయక నన్నుఁ బ్రోవవే\nచిరవిభవా! భవా! విజితచిత్తభవా! యభవా! మహాభవా!	champakamaala	vruttamu	కూచిమంచి తిమ్మకవి	bhakti	Chiravibhava
p336	కరిముఖ నందిభృంగిరిటికాశిసముద్భవ కాలభైరవా-\nద్యురు బలవన్మహాప్రమథయోధవరేణ్యులు గొల్వ ధారుణీ-\nధరసుతఁ గూడి నాకిపుడు తావక మోహనమూర్తిఁ జూపవే\nచిరవిభవా! భవా! విజితచిత్తభవా! యభవా! మహాభవా!	champakamaala	vruttamu	కూచిమంచి తిమ్మకవి	bhakti	Chiravibhava
p337	సరభసలీల నొక్కనిమిషంబును నిన్భజియింపలేక బల్\nదెరవుల దుర్విచారములఁ ద్రిమ్మరుచున్నది యెన్ని చెప్పిన-\nన్మరలదు పాపజాతిమతి నాకిపు డంకెము గాదికెట్లయా\nచిరవిభవా! భవా! విజితచిత్తభవా! యభవా! మహాభవా!	champakamaala	vruttamu	కూచిమంచి తిమ్మకవి	bhakti	Chiravibhava
p338	శ్రీరఘురామ చారుతులసీదళదామ శమక్షమాది శృం\nగారగుణాభిరామ త్రిజగన్నుతశౌర్యరమాలలామ దు\nర్వార కబంధరాక్షసవిరామ జగజ్జనకల్మషార్ణవో\nత్తారకనామ భద్రగిరి దాశరథీ! కరుణాపయోనిధీ!	vutpalamaala	vruttamu	కంచెర్ల గోపన్న	bhakti	Daasarathi
p339	రామ విశాలవిక్రమ పరాజిత భార్గవరామ సద్గుణ\nస్తోమ పరాంగనావిముఖ సువ్రతకామ వినీల నీరద\nశ్యామ కకుత్స్థవంశకలశాంబుధి సోమ సురారిదోర్బలో\nద్దామవిరామ భద్రగిరి దాశరథీ! కరుణాపయోనిధీ!	vutpalamaala	vruttamu	కంచెర్ల గోపన్న	bhakti	Daasarathi
p340	అగణితసత్యభాష శరణాగతపోష దయాలసజ్ఝరీ\nవిగతసమస్తదోష పృథివీసురతోష త్రిలోకపూతకృ\nద్గగనధునీమరంద పదకంజవిశేష మణిప్రభా ధగ\nద్ధగితవిభూష భద్రగిరి దాశరథీ! కరుణాపయోనిధీ!	champakamaala	vruttamu	కంచెర్ల గోపన్న	bhakti	Daasarathi
p341	శ్రీద సనందనాది మునిసేవితపాద దిగంతకీర్తిసం\nపాద సమస్తభూతపరిపాలవినోద విషాదవల్లికా\nచ్ఛేద ధరాధినాథకుల సింధుసుధామయపాద నృత్తగీ\nతాది వినోద భద్రగిరి దాశరథీ! కరుణాపయోనిధీ!	vutpalamaala	vruttamu	కంచెర్ల గోపన్న	bhakti	Daasarathi
p342	మసకొని రేఁగుబండ్లకును మౌక్తికముల్‌ వెలబోసినట్లు దు\nర్వ్యసనముజెంది కావ్యము దురాత్ములకిచ్చితి మోసమయ్యె నా\nరసనకుఁ బూతవృత్తిసుకరంబుగఁ జేకురునట్లు వాక్సుధా\nరసములు చిల్కఁ బద్యముఖరంగమునందు నటింపవయ్య సం\nతసమును జెంది భద్రగిరి దాశరథీ! కరుణాపయోనిధీ!	champakamaala	vruttamu	కంచెర్ల గోపన్న	bhakti	Daasarathi
p343	శ్రీరమణీయహార యతసీకుసుమాభశరీర భక్తమం\nదార వికారదూర పరతత్త్వవిహార త్రిలోకచేతనో\nద్ధార దురంతపాతకవితానవిదూర ఖరాదిదైత్యకాం\nతార కుఠార భద్రగిరి దాశరథీ! కరుణాపయోనిధీ!	vutpalamaala	vruttamu	కంచెర్ల గోపన్న	bhakti	Daasarathi
p344	దురితలతాలవిత్ర ఖరదూషణకాననవీతిహోత్ర భూ\nభరణకళావిచిత్ర భవబంధవిమోచనసూత్ర చారువి\nస్ఫురదరవిందనేత్ర ఘనపుణ్యచరిత్ర వినీలభూరికం\nధరసమగాత్ర భద్రగిరి దాశరథీ! కరుణాపయోనిధీ!	champakamaala	vruttamu	కంచెర్ల గోపన్న	bhakti	Daasarathi
p345	కనకవిశాలచేల భవకాననశాతకుఠారధార స\nజ్జనపరిపాలశీల దివిజస్తుతసద్గుణకాండ కాండసం\nజనిత పరాక్రమ క్రమవిశారద శారద కందకుంద చం\nదనఘనసార సారయశ దాశరథీ! కరుణాపయోనిధీ!	champakamaala	vruttamu	కంచెర్ల గోపన్న	bhakti	Daasarathi
p346	గురుతరమైన కావ్యరస గుంభనకబ్బురమంది ముష్కరుల్‌\nసరసులమాడ్కి సంతసిల జాలుదురోటు శశాంకచంద్రికాం\nకురముల కిందుకాంతమణికోటి స్రవించినభంగి వింధ్యభూ\nధరమున జాఱునే శిలలు దాశరథీ! కరుణాపయోనిధీ!	champakamaala	vruttamu	కంచెర్ల గోపన్న	bhakti	Daasarathi
p347	తరణికులేశ నానుడులఁ దప్పులు గల్గిన నీదునామ స\nద్విరచితమైన కావ్యము పవిత్రముగాదె వియన్నదీజలం\nబరుగుచువంకయైన మలినాకృతిఁబాఱినఁ దన్మహత్త్వముం\nదరమె గణింపనెవ్వరికి దాశరథీ! కరుణాపయోనిధీ!	champakamaala	vruttamu	కంచెర్ల గోపన్న	bhakti	Daasarathi
p348	దారుణపాతకాబ్ధికి సదాబడబాగ్ని భవాకులార్తి వి\nస్తార దవానలార్చికి సుధారసవృష్టి దురంతదుర్మతా\nచార భయంకరాటవికిఁ జండకఠోరకుఠారధార నీ\nతారకనామ మెన్నుకొన దాశరథీ! కరుణాపయోనిధీ!	vutpalamaala	vruttamu	కంచెర్ల గోపన్న	bhakti	Daasarathi
p349	ముప్పునఁ గాలకింకరులు ముంగిటవచ్చినవేళ రోగముల్‌\nగొప్పరమైనచోఁ గఫము కుత్తుక నిండినవేళ బాంధవుల్‌\nగప్పిన వేళ మీ స్మరణ గల్గునొ గల్గదొ నాఁటి కిప్పుడే\nతప్పక చేతు మీభజన దాశరథీ! కరుణాపయోనిధీ!	vutpalamaala	vruttamu	కంచెర్ల గోపన్న	bhakti	Daasarathi
p350	పరమదయానిధే పతిత పావననామ హరేయటంచు సు\nస్థిరమతులై సదా భజన సేయు మహాత్ముల పాదధూళి నా\nశిరమున దాల్తు మీరటకు జేరకుఁడంచు యముండు కింకరో\nత్కరముల కాన బెట్టునఁట దాశరథీ! కరుణాపయోనిధీ!	champakamaala	vruttamu	కంచెర్ల గోపన్న	bhakti	Daasarathi
p351	అజునకుదండ్రివయ్యు సనకాదులకుం బరతత్త్వమయ్యు స\nద్ద్విజమునికోటికెల్లఁ గులదేవతవయ్యు దినేశవంశ భూ\nభుజులకు మేటివయ్యు బరిపూర్ణుఁడవై వెలుగొందు పక్షిరా\nడ్ధ్వజ మిముఁ బ్రస్తుతించెదను దాశరథీ! కరుణాపయోనిధీ!	champakamaala	vruttamu	కంచెర్ల గోపన్న	bhakti	Daasarathi
p352	పండిత రక్షకుం డఖిల పాపవిమోచనుఁ డబ్జసంభవా\nఖండలపూజితుండు దశ కంఠవిలుంఠన చండకాండ కో\nదండకళాప్రవీణుఁడను తావక కీర్తివధూటికిత్తు బూ\nదండలుగాఁగ నా కవిత దాశరథీ! కరుణాపయోనిధీ!	vutpalamaala	vruttamu	కంచెర్ల గోపన్న	bhakti	Daasarathi
p353	శ్రీరమ సీతగాఁగ నిజసేవకబృందము వీరవైష్ణవా\nచారజనంబుగాఁగ విరజానది గౌతమిగా వికుంఠము\nన్నారయ భద్రశైలశిఖరాగ్రముగాఁగ వసించు చేతనో\nద్ధారకుఁడైన విష్ణుఁడవు దాశరథీ! కరుణాపయోనిధీ!	vutpalamaala	vruttamu	కంచెర్ల గోపన్న	bhakti	Daasarathi
p354	కంటి నదీతటంబుఁ బొడఁగంటిని భద్రనగాదివాసముం\nగంటి నిలాతనూజ నురు కార్ముకమార్గణ శంఖచక్రముల్‌\nగంటిని మిమ్ము లక్ష్మణునిఁ గంటి కృతార్థుడనైతి నో జగ\nత్కంటక దైత్యనిర్దళన దాశరథీ! కరుణాపయోనిధీ!	vutpalamaala	vruttamu	కంచెర్ల గోపన్న	bhakti	Daasarathi
p355	హలికునకున్‌ హలాగ్రమున నర్థము చేకురుభంగి దప్పిచే\nనలమటఁజెందువానికి సురాపగలో జలమబ్బినట్లు దు\nర్మలిన మనోవికారినగు మర్త్యుని నన్నొడఁగూర్చి నీపయిం\nదలపు ఘటింపఁజేసితివి దాశరథీ! కరుణాపయోనిధీ!	champakamaala	vruttamu	కంచెర్ల గోపన్న	bhakti	Daasarathi
p356	కొంజక తర్కవాదమను గుద్దలిచేఁ బరతత్త్వభూస్థలిన్‌\nరంజిలఁద్రవ్వి కన్గొనని రామనిధానము నేఁడు భక్తి సి\nద్ధాంజనమందు హస్తగత మయ్యె భళీయనగా మదీయహృ\nత్కంజమునన్‌ వసింపుమిఁక దాశరథీ! కరుణాపయోనిధీ!	vutpalamaala	vruttamu	కంచెర్ల గోపన్న	bhakti	Daasarathi
p357	చక్కరమాని వేము దినఁజాలిన కైవడి మానవాధముల్‌\nపెక్కురు బక్కదైవముల వేమఱుగొల్చెద రట్లకాదయా\nమ్రొక్కిన నీక మ్రొక్కవలె మోక్షమొసంగిన నీవ యీవలెన్‌\nదక్కినమాట లేమిటికి దాశరథీ! కరుణాపయోనిధీ!	vutpalamaala	vruttamu	కంచెర్ల గోపన్న	bhakti	Daasarathi
p358	రాకలుషంబులెల్ల బయలం బడద్రోచిన మా కవాటమై\nదీకొనిఁ బ్రోచు నిక్కమని ధీయుతులెన్నఁ దదీయవర్ణముల్‌\nగైకొని భక్తిచే నుడువఁ గానరు గాక విపత్పరంపరల్‌\nదాకొనుచే జగజ్జనుల దాశరథీ! కరుణాపయోనిధీ!	vutpalamaala	vruttamu	కంచెర్ల గోపన్న	bhakti	Daasarathi
p359	రామహరే కకుత్స్థకుల రామహరే రఘురామరామ శ్రీ\nరామహరే యటంచు మది రంజిల భేకగళంబులీల నీ\nనామము సంస్మరించిన జనంబు భవంబెడబాసి తత్పరం\nధామనివాసులౌదుఁరట దాశరథీ! కరుణాపయోనిధీ!	vutpalamaala	vruttamu	కంచెర్ల గోపన్న	bhakti	Daasarathi
p360	చక్కెర లప్పకున్‌ మిగుల జవ్వని కెంజిగురాకు మోవికిం\nజొక్కపుజుంటి తేనియకుఁ జొక్కులుచుం గనలేరుగాక నేఁ\nడక్కట రామనామ మధురామృతమానుటకంటె సౌఖ్యమా\nతక్కినమాధురీ మహిమ దాశరథీ! కరుణాపయోనిధీ!	vutpalamaala	vruttamu	కంచెర్ల గోపన్న	bhakti	Daasarathi
p361	అండజవాహ నిన్ను హృదయంబున నమ్మినవారి పాపముల్‌\nకొండలవంటివైన వెసఁ గూలి నశింపకయున్నె సంతతా\nఖండలవైభవోన్నతులు గల్గకమానునె మోక్షలక్ష్మికై\nదండయొసంగకున్నె తుద దాశరథీ! కరుణాపయోనిధీ!	vutpalamaala	vruttamu	కంచెర్ల గోపన్న	bhakti	Daasarathi
p362	చిక్కని పాలపై మిసిమిఁ జెందిన మీఁగడ పంచదారతో\nమెక్కినభంగి మీ విమల మేచకరూప సుధారసంబు నా\nమక్కువపళ్ళెరంబున సమాహిత దాస్యమనేటి దోయిటన్‌\nదక్కెనటంచు జుఱ్ఱెదను దాశరథీ! కరుణాపయోనిధీ!	vutpalamaala	vruttamu	కంచెర్ల గోపన్న	bhakti	Daasarathi
p363	సిరులిడ సీత పీడలెగజిమ్ముటకున్‌ హనుమంతుఁ డార్తి సో\nదరుఁడు సుమిత్రసూతి దురితంబులు మానుప రామనామమున్‌\nగరుణఁ దరిల్ప మానవులఁ గావఁగఁ బన్నిన వజ్రపంజరో\nత్కరముగదా భవన్మహిమ దాశరథీ! కరుణాపయోనిధీ!	champakamaala	vruttamu	కంచెర్ల గోపన్న	bhakti	Daasarathi
p364	హలి కులిశాంకుశ ధ్వజ శరాసన శంఖ రథాంగ కల్పకో\nజ్జ్వల జలజాత రేఖలను సాంకములై కనుపట్టుచున్న మీ\nకలితపదాంబుజ ద్వయము గౌతమపత్ని కొసంగినట్లు నా\nతలవునఁజేర్చి కావగఁదె దాశరథీ! కరుణాపయోనిధీ!	champakamaala	vruttamu	కంచెర్ల గోపన్న	bhakti	Daasarathi
p365	జలనిధిలోనదూఱి కులశైలముమీటి ధరిత్రిగొమ్మునం\nదలవడమాటి రక్కసుని యంగము గీటి బలీంద్రునిన్‌ రసా\nతలమునమాటి పార్థివకదంబముగూర్చిన మేటి రామనా\nతలఁపుననాటి రాఁగదవె దాశరథీ! కరుణాపయోనిధీ!	champakamaala	vruttamu	కంచెర్ల గోపన్న	bhakti	Daasarathi
p366	భండనభీముఁ డార్తజనబాంధవుఁ డుజ్జ్వలబాణతూణ కో\nదండకలాప్రచండ భుజతాండవకీర్తికి రామమూర్తికిన్‌\nరెండవసాటిదైవమిఁక లేఁడనుచున్‌ గడగట్టి భేరికా\nడాండ డడాండడాండ నినదంబు లజాండము నిండ మత్తవే\nదండము నెక్కిచాటెదను దాశరథీ! కరుణాపయోనిధీ!	vutpalamaala	vruttamu	కంచెర్ల గోపన్న	bhakti	Daasarathi
p367	ఖరకరవంశజా విను మఖండిత భూతపిశాచ ఢాకినీ\nజ్వరపరితాప సర్వభయవారకమైన భవత్పదాబ్జవి\nస్ఫురదురువజ్రపంజరముఁ జొచ్చితి నీయెడ దీనమానవో\nద్ధరబిరుదాంక యేమఱకు దాశరథీ! కరుణాపయోనిధీ!	champakamaala	vruttamu	కంచెర్ల గోపన్న	bhakti	Daasarathi
p368	జుఱ్ఱెద మీకథామృతము జుఱ్ఱెద మీపదకంజతోయమున్‌\nజుఱ్ఱెద రామనామమున జొబ్బిలుచున్న సుధారసంబు నే\nజుఱ్ఱెద జుఱ్ఱజుఱ్ఱఁగ రుచుల్‌ గనువారిపదంబుఁ గూర్పవే\nతఱ్ఱులతోడి పొత్తిడక దాశరథీ! కరుణాపయోనిధీ!	vutpalamaala	vruttamu	కంచెర్ల గోపన్న	bhakti	Daasarathi
p369	ఘోరకృతాంతవీరభటకోటికి గుండెదిగుల్‌ దరిద్రతా\nకారపిశాచసంహరణకార్యవినోది వికుంఠమందిర\nద్వార కవాటభేది నిజదాసజనావళికెల్ల ప్రొద్దు నీ\nతారకనామ మెన్నుకొన దాశరథీ! కరుణాపయోనిధీ!	vutpalamaala	vruttamu	కంచెర్ల గోపన్న	bhakti	Daasarathi
p370	గద్దరి యోగిహృత్కమల గంధరసానుభవంబుఁజెందు పె\nన్నిద్దపు గండుఁదేఁటి ధరణీసుత కౌఁగిలిపంజరంబునన్‌\nముద్దులు గుల్కు రాచిలక ముక్తినిధానమ రామ రాఁగదే\nతద్దయు నేఁడు నాకడకు దాశరథీ! కరుణాపయోనిధీ!	vutpalamaala	vruttamu	కంచెర్ల గోపన్న	bhakti	Daasarathi
p371	కలియుగ మర్త్యకోటి నినుఁ గన్గొనరాని విధంబొ భక్తవ\nత్సలతవహింపవో చటుల సాంద్రవిపద్దశ వార్ధిఁగ్రుంకుచో\nబిలిచినఁ బల్కవింతమఱపే నరులిట్లనరాదుగాక నీ\nతలఁపునలేదే సీత చెఱ దాశరథీ! కరుణాపయోనిధీ!	champakamaala	vruttamu	కంచెర్ల గోపన్న	bhakti	Daasarathi
p372	పాపము లొందువేళ రణపన్నగభూత భయజ్వరాదులం\nదాపద నొందువేళ భరతాగ్రజ మిమ్ము భజించువారికిం\nబ్రాపుగ నీవుఁ దమ్ముఁడిరు ప్రక్కియలంజని తద్విపత్తిసం\nతాపముమాన్పి కాతువఁట దాశరథీ! కరుణాపయోనిధీ!	vutpalamaala	vruttamu	కంచెర్ల గోపన్న	bhakti	Daasarathi
p373	అగణితజన్మకర్మదురితాంబుధిలోఁ బహుదుఃఖవీచికల్‌\nదెగిపడ నీఁదలేక జగతీధవ నీ పదభక్తినావచేఁ\nదగిలి తరింపగోరితిఁ బదంపడి నాదు భయంబుమాన్పవే\nతగదని చిత్తమందిడక దాశరథీ! కరుణాపయోనిధీ!	champakamaala	vruttamu	కంచెర్ల గోపన్న	bhakti	Daasarathi
p374	"నేనొనరించు పాపము లనేకములైనను నాదుజిహ్వకుం\nబానకమయ్యె మీపరమ పావననామము దొంటి చిల్క ""రా\nమా! ననుఁగావు""మన్న తుది మాటకు సద్గతిఁజెందెఁ గావునన్‌\nదాని ధరింపఁగోరెదను దాశరథీ! కరుణాపయోనిధీ!"	vutpalamaala	vruttamu	కంచెర్ల గోపన్న	bhakti	Daasarathi
p375	పరధనముల్‌ హరించి పరభామలనంటి పరాన్నమబ్బినన్‌\nమురిపముకాని మీఁదనగు మోసమెఱుంగదు మానసంబు దు\nస్తరమిది కాలకింకర గదాహతి పాల్పడనీక మమ్మునే\nతఱిదరిఁజేర్చి కాచెదవొ దాశరథీ! కరుణాపయోనిధీ!	champakamaala	vruttamu	కంచెర్ల గోపన్న	bhakti	Daasarathi
p376	పరుల ధనంబుఁజూచి పర భామల జూచి హరింపగోరు మ\nద్గురుతరమానసంబనెడు దొంగనుబట్టి నిరూఢదాస్య వి\nస్ఫురితవివేక పాశములఁ జుట్టి భవచ్చరణంబనే మరు\nత్తరువునఁ గట్టివేయఁగదె దాశరథీ! కరుణాపయోనిధీ!	champakamaala	vruttamu	కంచెర్ల గోపన్న	bhakti	Daasarathi
p377	దాసిన చుట్టమా శబరి దాని దయామతి నేలినావు నీ\nదాసుని దాసుడా గుహుడు తావక దాస్య మొసంగినావు నే\nజేసినపాపమో వినుతి చేసిన గావవు గావుమయ్య నీ\nదాసులలోన నేనొకఁడ దాశరథీ! కరుణాపయోనిధీ!	vutpalamaala	vruttamu	కంచెర్ల గోపన్న	bhakti	Daasarathi
p378	నీలఘనాభమూర్తివగు నిన్నుఁగనుంగొనఁగోరి వేడినన్‌\nజాలముసేసి డాగెదవు సంస్తుతికెక్కిన రామనామ మే\nమూలను దాచుకోఁగలవు ముక్తికి బ్రాపది పాపమూలకు\nద్దాలముగాదె మాయెడల దాశరథీ! కరుణాపయోనిధీ!	vutpalamaala	vruttamu	కంచెర్ల గోపన్న	bhakti	Daasarathi
p379	వలదు పరాకు భక్తజన వత్సల నీ చరితంబు వమ్ముగా\nవలదు పరాకు నీ బిరుదు వజ్రమువంటిది కావకూరకే\nవలదు పరాకు నా దురిత వార్ధికిఁదెప్పవుగా మనంబులో\nదలఁతుమె కా నిరంతరము దాశరథీ! కరుణాపయోనిధీ!	champakamaala	vruttamu	కంచెర్ల గోపన్న	bhakti	Daasarathi
p380	తప్పులెఱుంగలేక దురితంబులు సేసితినంటి నీవు మా\nయప్పవుగావుమంటి నిఁక నన్యులకున్‌ నుదురంటనంటి నీ\nకొప్పిదమైన దాసజను లొప్పిన బంటుకు బంటనంటి నా\nతప్పులకెల్ల నీవెగతి దాశరథీ! కరుణాపయోనిధీ!	vutpalamaala	vruttamu	కంచెర్ల గోపన్న	bhakti	Daasarathi
p381	జలనిధులేడునొక్క మొగిఁ జక్కికిఁదెచ్చె శరంబు ఱాతినిం\nపలరగఁ జేసెనాతిగఁ బదాబ్జపరాగము నీ చరిత్రముం\nజలజభవాది నిర్జరులు సన్నుతి సేయఁగ లేరు గావునం\nదలఁప నగణ్యమయ్య యిది దాశరథీ! కరుణాపయోనిధీ!	champakamaala	vruttamu	కంచెర్ల గోపన్న	bhakti	Daasarathi
p382	కోతికి శక్యమా యసుర కోటుల గెల్వను గెల్చెబో నిజం\nబాతని మేన శీతకరుఁడౌట దవానలుఁడెట్టివింత మా\nసీత పతివ్రతామహిమ సేవకు భాగ్యము మీ కటాక్షమున్‌\nధాతకు శక్యమా బొగడ దాశరథీ! కరుణాపయోనిధీ!	vutpalamaala	vruttamu	కంచెర్ల గోపన్న	bhakti	Daasarathi
p383	చరణము సోఁకినట్టి శిల జవ్వనిరూపగు టొక్కవింత సు\nస్థిరముగ నీటిపై గిరులు దేలిన దొక్కటి వింతగాని మీ\nస్మరణఁ దనర్చుమానవులు సద్గతిఁజెందిన దెంతవింత యీ\nధరను ధరాత్మజారమణ దాశరథీ! కరుణాపయోనిధీ!	champakamaala	vruttamu	కంచెర్ల గోపన్న	bhakti	Daasarathi
p384	దైవము తల్లిదండ్రి తగుదాత గురుండు సఖుండు నిన్నె కా\nభావన సేయుచున్న తఱిఁబాపములెల్ల మనోవికార దు\nర్భావితుఁజేయుచున్నవి కృపామతివై నను గావుమీ జగ\nత్పావనమూర్తి భద్రగిరి దాశరథీ! కరుణాపయోనిధీ!	vutpalamaala	vruttamu	కంచెర్ల గోపన్న	bhakti	Daasarathi
p385	వాసవ రాజ్యభోగ సుఖవార్ధిని దేలు ప్రభుత్వమబ్బినా\nఉయాసకు మేరలేదు కనకాద్రిసమానధనంబు గూర్చినం\nగాసును వెంటరాదు కని కానక చేసిన పుణ్యపాపముల్‌\nవీసరబోవ నీవు పదివేలకుఁజాలు భవంబునొల్ల నీ\nదాసునిగాఁగ నేలికొను దాశరథీ! కరుణాపయోనిధీ!	vutpalamaala	vruttamu	కంచెర్ల గోపన్న	bhakti	Daasarathi
p386	వారిచరావతారమున వారధిలోఁ జొఱఁబాఱిఁ క్రోధ వి\nస్తారగుడైన యా నిగమ తస్కరవీర నిశాచరేంద్రునిన్‌\nజేరి వధించి వేదముల చిక్కెడలించి విరించికిన్‌ మహో\nదారతనిచ్చితీవెగద దాశరథీ! కరుణాపయోనిధీ!	vutpalamaala	vruttamu	కంచెర్ల గోపన్న	bhakti	Daasarathi
p387	కరమనురక్తి మందరము గవ్వముగా నహిరాజు ద్రాడుగా\nదొరకొని దేవదానవులు దుగ్ధపయోధి మథించుచున్నచో\nధరణిచలింప లోకములు తల్లడమందఁగఁ గూర్మమై ధరా\nధరము ధరించితీవె కద దాశరథీ! కరుణాపయోనిధీ!	champakamaala	vruttamu	కంచెర్ల గోపన్న	bhakti	Daasarathi
p388	ధారుణి జాపజుట్టిన విధంబునగైకొని హేమనేత్రుఁడ\nవ్వారిధిలోన డాఁగినను వానివధించి వరాహమూర్తివై\nధారుణిఁ దొంటి కైవడిని దక్షిణశృంగమునన్‌ ధరించి వి\nస్తార మొనర్చితీవెకద దాశరథీ! కరుణాపయోనిధీ!	vutpalamaala	vruttamu	కంచెర్ల గోపన్న	bhakti	Daasarathi
p389	పెటపెట నుక్కు కంబమున భీకరదంత నఖాంకుర ప్రభా\nపటలము గప్ప నుప్పతిలి భండనవీథి నృసింహభీకర\nస్ఫుటపటుశక్తి హేమకశిపున్‌ విదలించి సురారిపట్టి నం\nతటఁగృపఁజూచితీవెకద దాశరథీ! కరుణాపయోనిధీ!	champakamaala	vruttamu	కంచెర్ల గోపన్న	bhakti	Daasarathi
p390	ఇరువదియొక్కమాఱు ధరణీశుల నెల్ల వధించి తత్కళే\nబర రుధిర ప్రవాహమునఁ బైతృకతర్పణ మొప్పఁజేసి భూ\nసురవరకోటికిన్‌ ముదము సొప్పడ భార్గవరామమూర్తివై\nధరణినొసంగితీవెకద దాశరథీ! కరుణాపయోనిధీ!	champakamaala	vruttamu	కంచెర్ల గోపన్న	bhakti	Daasarathi
p391	దురమునఁ దాటకం దునిమి ధూర్జటివిల్‌ దునుమాడి సీతనుం\nబరిణయమంది తండ్రిపనుపన్‌ ఘనకాననభూమి కేఁగి దు\nస్తరపటుచండ కాండకులిశాహతి రావణకుంభకర్ణ భూ\nధరములఁ గూల్చితీవెకద దాశరథీ! కరుణాపయోనిధీ!	champakamaala	vruttamu	కంచెర్ల గోపన్న	bhakti	Daasarathi
p392	అనుపమ యాదవాన్వయసుధాబ్ధిసుధానిధి కృష్ణమూర్తి నీ\nకనుజుఁడుగా జనించి కుజనావళి నెల్ల నడంచి రోహిణీ\nతనయుఁడనంగ బాహుబల దర్పమునన్‌ బలరామమూర్తివై\nతనరిన వేల్పవీవెకద దాశరథీ! కరుణాపయోనిధీ!	champakamaala	vruttamu	కంచెర్ల గోపన్న	bhakti	Daasarathi
p393	సంకరదుర్గమై దురిత సంకులమైన జగంబుజూచి స\nర్వంకషలీల నుత్తమ తురంగమునెక్కి కరాసిఁబూని వీ\nరాంక విలాసమొప్ప గలికాకృతి సజ్జనకోటికిన్‌ నిరా\nతంక మొనర్చితీవెకద దాశరథీ! కరుణాపయోనిధీ!	vutpalamaala	vruttamu	కంచెర్ల గోపన్న	bhakti	Daasarathi
p394	మనమున నూహపోహణలు మర్వకమున్నె కఫాదిరోగముల్‌\nదనువుననంటి మేనిబిగి దప్పకమున్నె నరుండు మోక్ష సా\nధన మొనరింపఁగావలయుఁ దత్త్వవిచారము మానియుండుట\nల్తనువునకున్‌ విరోధమిది దాశరథీ! కరుణాపయోనిధీ!	champakamaala	vruttamu	కంచెర్ల గోపన్న	bhakti	Daasarathi
p395	ముదమున కాటపట్టు భవమోహమద ద్విరదాంకుశంబు సం\nపదల కొటారు కోరికల పంట పరంబునకాది వైరుల\nన్నదన జయించుత్రోవ విపదబ్ధికి నావ గదా సదాభవ\nత్సదమల నామసంస్మరణ దాశరథీ! కరుణాపయోనిధీ!	champakamaala	vruttamu	కంచెర్ల గోపన్న	bhakti	Daasarathi
p396	దురితలతానుసారి భయదుఃఖకదంబము రామనామ భీ\nకరతర హేతిచేఁదెగి వకావకలై చనకుండ నేర్చు నే\nదరికొని మండుచుండు శిఖదార్కొనినన్‌ శలభాదికీటకో\nత్కరము విలీనమై చనదె దాశరథీ! కరుణాపయోనిధీ!	champakamaala	vruttamu	కంచెర్ల గోపన్న	bhakti	Daasarathi
p397	హరిపదభక్తి నింద్రియజయాన్వితుఁ డుత్తముఁడింద్రియంబులన్‌\nమరుగక నిల్పనూదినను మధ్యముఁడింద్రియపారవశ్యుఁడై\nపరగినచో నికృష్టుడని పల్కగ దుర్మతినైన నన్ను నా\nదరమున నెట్లుకాచెదవొ దాశరథీ! కరుణాపయోనిధీ!	champakamaala	vruttamu	కంచెర్ల గోపన్న	bhakti	Daasarathi
p398	వనకరిచిక్కె మైనసకు వాచవికిం జెడిపోయె మీను తా\nవినికికిఁ జిక్కెఁ జిల్వ గనువేఁదుఱు జెందెను లేళ్ళు తావిలో\nమనికినశించె దేఁటి తరమా యిరుమూఁటిని గెల్వనైదుసా\nధనములనీవె కావదగు దాశరథీ! కరుణాపయోనిధీ!	champakamaala	vruttamu	కంచెర్ల గోపన్న	bhakti	Daasarathi
p399	చిరతరభక్తి నొక్కతులసీదళ మర్పణ సేయువాఁడు ఖే\nచరగరుడోరగ ప్రముఖసంఘములో వెలుఁగన్‌ సదాభవత్‌\nస్ఫురదరవింద పాదములఁ బూజలొనర్చినవారికెల్లఁ ద\nత్పర మఱచేతిధాత్రిగద దాశరథీ! కరుణాపయోనిధీ!	champakamaala	vruttamu	కంచెర్ల గోపన్న	bhakti	Daasarathi
p400	భానుఁడు తూర్పునందు గనుపట్టినఁ బావక చంద్రతేజముల్‌\nహీనతఁజెందినట్లు జగదేకవిరాజితమైన నీ పద\nధ్యానముచేయుచున్నఁ బరదైవమరీచులడంగకుండునే\nదానవ గర్వనిర్దళన దాశరథీ! కరుణాపయోనిధీ!	vutpalamaala	vruttamu	కంచెర్ల గోపన్న	bhakti	Daasarathi
p401	నీ సతి పెక్కుగల్ములిడ నేర్పరి లోక మకల్మషంబుగా\nనీ సుత సేయు పావనము నిర్మితి కార్యధురీణదక్షుఁడై\nనీ సుతుఁడిచ్చు నాయువులు నిన్ను భజించినఁ గల్గకుండునే\nదాసుల కీప్సితార్థములు దాశరథీ! కరుణాపయోనిధీ!	vutpalamaala	vruttamu	కంచెర్ల గోపన్న	bhakti	Daasarathi
p402	వారిజపత్రమందిడిన వారివిధంబున వర్తనీయమం\nదారయ రొంపిలోన దనువంటని కుమ్మర పుర్వురీతి సం\nసారమునన్‌ మెలంగుచు విచారగుఁడై పరమొందుగాదె స\nత్కారమెఱింగి మానవుఁడు దాశరథీ! కరుణాపయోనిధీ!	vutpalamaala	vruttamu	కంచెర్ల గోపన్న	bhakti	Daasarathi
p403	ఎక్కడి తల్లితండ్రి సుతులెక్కడివారు కళత్రబాంధవం\nబెక్కడ జీవుఁడెట్టి తనువెత్తినఁ బుట్టుచుఁ బోవుచున్నవాఁ\nడొక్కఁడె పాపపుణ్యఫల మొందిననొక్కడె కానరాడు వే\nఱొక్కఁడు వెంటనంటిభవ మొల్లనయా కృపఁజూడవయ్య నీ\nటక్కరి మాయలందిడక దాశరథీ! కరుణాపయోనిధీ!	vutpalamaala	vruttamu	కంచెర్ల గోపన్న	bhakti	Daasarathi
p404	సిరిగలనాఁడు మైమఱచి చిక్కిననాఁడు దలంచి పుణ్యముల్‌\nపొరిఁబొరి సేయనైతినని పొక్కినఁగల్గునె గాలిచిచ్చుపైఁ\nగెరలినవేళఁ దప్పికొని కీడ్పడువేళ జలంబుగోరి త\nత్తరమునఁ ద్రవ్వినంగలదె దాశరథీ! కరుణాపయోనిధీ!	champakamaala	vruttamu	కంచెర్ల గోపన్న	bhakti	Daasarathi
p405	జీవనమింకఁ బంకమునఁ జిక్కినమీను చలింపకెంతయున్‌\nదావుననిల్చి జీవనమె దద్దయుఁ గోరువిధంబు చొప్పడం\nదావలఁమైనగాని గుఱి దప్పనివాఁడు తరించువాఁడయా\nతావకభక్తియోగమున దాశరథీ! కరుణాపయోనిధీ!	vutpalamaala	vruttamu	కంచెర్ల గోపన్న	bhakti	Daasarathi
p406	సరసుని మానసంబు సరసజ్ఞుఁడెఱుంగును ముష్కరాధముం\nడెఱిఁగి గ్రహించువాడె కొలనేక నివాసముఁగాగ దర్దురం\nబరయఁగ నేర్చునెట్లు వికచాబ్దమరంద రసైక సౌరభో\nత్కరము మిళిందమొందు క్రియ దాశరథీ! కరుణాపయోనిధీ!	champakamaala	vruttamu	కంచెర్ల గోపన్న	bhakti	Daasarathi
p407	నోఁచిన తల్లితండ్రికిఁ దనూభవుఁడొక్కడె చాలు మేటి చే\nచాఁచనివాఁడు వేఱొకఁడు చాచిన లేదనకిచ్చువాఁడు నో\nరాఁచి నిజంబకాని పలుకాడనివాఁడు రణంబులోన మేన్‌\nదాఁచనివాఁడు భద్రగిరి దాశరథీ! కరుణాపయోనిధీ!	vutpalamaala	vruttamu	కంచెర్ల గోపన్న	bhakti	Daasarathi
p408	ఎంతటి పుణ్యమో శబరి యెంగిలిగొంటివి వింతగాదె నీ\nమంతనమెట్టిదో యుడుతమైని కరాగ్ర నఖాంకురంబులన్‌\nసంతసమందఁజేసితివి సత్కులజన్మమ దేమిలెక్క వే\nదాంతముగాదె నీ మహిమ దాశరథీ! కరుణాపయోనిధీ!	vutpalamaala	vruttamu	కంచెర్ల గోపన్న	bhakti	Daasarathi
p409	బొంకనివాఁడె యోగ్యుఁ డరిబృందము లెత్తినచోటఁ జివ్వకుం\nజంకనివాఁడె జోదు రభసంబున నర్థికరంబు సాఁచినం\nగొంకనివాఁడె దాత మిముఁ గొల్చి భజించినవాఁడె పో నిరా\nతంకమనస్కుఁడెన్నగను దాశరథీ! కరుణాపయోనిధీ!	vutpalamaala	vruttamu	కంచెర్ల గోపన్న	bhakti	Daasarathi
p410	భ్రమరము గీటకంబుఁగొని పాల్పడి ఝాంకరణోపకారియై\nభ్రమరముగా నొనర్చునని పల్కుటఁజేసి భవాది దుఃఖసం\nతమసమెడల్చి భక్తి సహితంబుగ జీవుని విశ్వరూప త\nత్త్వమును ధరించుటేమరుదు దాశరథీ! కరుణాపయోనిధీ!	champakamaala	vruttamu	కంచెర్ల గోపన్న	bhakti	Daasarathi
p411	పట్టితి భట్టరార్యగురు పాదములిమ్మెయి నూర్ధ్వపుండ్రముల్‌\nవెట్టితి మంత్రరాజ మొడబెట్టితి నయ్యమకింకరాళికిం\nగట్టితి బొమ్మ మీ చరణ కంజములందుఁ దలంపుపెట్టి బో\nదట్టితిఁ బాపపుంజముల దాశరథీ! కరుణాపయోనిధీ!	vutpalamaala	vruttamu	కంచెర్ల గోపన్న	bhakti	Daasarathi
p412	శ్రీకైవల్యరమాధినాథ నిను నర్థిం గీర్తనల్‌జేసి కా\nదా కంజాతభవేంద్ర నారద శుకవ్యాసాంబరీషార్జునుల్‌\nనీకారుణ్యముఁ గాంచుటల్‌ ననుమతిన్‌ నేనెంతధన్యుండనో\nనాకుఁ జేకురె నట్టిభాగ్యములు కృష్ణా దేవకీనందనా.	saardulamu	vruttamu	వెన్నెలకంటి జన్నయ్య (1450)	bhakti	Devakinandana
p413	శ్రీవైకుంఠనివాసగోత్రధర లక్ష్మీనాథ గోపాల లీ\nలావిర్భావ పతంగవాహ యదువంశాంభోధిచంద్రోదయా\nనీవే దిక్కని యున్నవాఁడను దయన్‌ వీక్షించి రక్షించవే\nనావిజ్ఞాపన మాలకించు మది కృష్ణా దేవకీనందనా.	saardulamu	vruttamu	వెన్నెలకంటి జన్నయ్య (1450)	bhakti	Devakinandana
p414	శ్రీరామావసుధాకళత్రములపైఁ జెన్నొందు పాదాబ్జముల్‌\nగారామారఁగఁ జూచి శేషఫణి దాఁ గౌతూహలంబొప్పఁగా\nక్షీరాంభోనిధిఁ బవ్వళించి యమరుల్‌ సేవింపఁగా నొప్పుని\nన్నారాధింతు మదీయచిత్తమునఁ గృష్ణా దేవకీనందనా.	saardulamu	vruttamu	వెన్నెలకంటి జన్నయ్య (1450)	bhakti	Devakinandana
p415	నీడల్‌ దేఱెడు చెక్కుటద్దములతో నిద్దంపుఁగెమ్మోవితో\nకూడీకూడని చిన్నికూకటులతో గోపార్భకశ్రేణితో\nవ్రీడాశూన్య కటీరమండలముతో వేడ్కన్‌ వినోదించుచు\nన్నాఁ డా శైశవమూర్తి నేఁ దలఁతుఁ గృష్ణా దేవకీనందనా.	saardulamu	vruttamu	వెన్నెలకంటి జన్నయ్య (1450)	bhakti	Devakinandana
p416	అందెల్‌ చిన్నిపసిండిగజ్జియలు మ్రోయన్‌ మేఖలాఘంటికల్‌\nక్రందై మ్రోయఁగ రావిరేకనుదుటన్‌ గంపింప గోపార్భకుల్‌\nవందారుల్‌ గన వెన్నముద్దలకు నై వర్తించు మీబాల్యపుం\nజందం బాదివిజుల్‌ నుతించుటలు కృష్ణా దేవకీనందనా.	saardulamu	vruttamu	వెన్నెలకంటి జన్నయ్య (1450)	bhakti	Devakinandana
p417	వేదోద్ధారకుఁగా సుధాప్రభువుఁగా విశ్వంభరావాహుఁగా\nవాదావిర్భవుఁగా త్రయీవటువుఁగా వర్ధిష్ణుతాయుష్యుఁగా\nకోదండాశుగపాణిఁగా బలునిఁగా ఘోరవ్రతచ్ఛేదిఁగా\nనాదిబ్రహ్మముఁగాఁ దలంతు మదిఁ గృష్ణా దేవకీనందనా.	saardulamu	vruttamu	వెన్నెలకంటి జన్నయ్య (1450)	bhakti	Devakinandana
p418	సుకరంబై సురసేవ్యమై సులభమై సువ్యక్తమై యుక్తమై\nప్రకటంబై పరమార్థమై ప్రమదమై ప్రద్యోతమై పథ్యమై\nయకలంకామృతమై యమోఘతరమై యానందమై యందమై\nసకలంబున్‌ భరియించు మీమహిమ కృష్ణా దేవకీనందనా.	mattebhamu	vruttamu	వెన్నెలకంటి జన్నయ్య (1450)	bhakti	Devakinandana
p419	కొండల్వంటి కవీశ్వరుల్‌ శతకము ల్గూర్పంగఁ గోటానకో\nట్లుండన్‌ నీవును జెప్పఁబూనితి వదేమో యంటివా వింటివా\nవండేనేర్పులఁ బెక్కురీతుల రుచుల్‌ వర్తింపవే శాకముల్‌\nదండిన్‌ నామన వాలకింపు మదిఁ గృష్ణా దేవకీనందనా.	saardulamu	vruttamu	వెన్నెలకంటి జన్నయ్య (1450)	bhakti	Devakinandana
p420	చన్నే నిన్నును బాలుఁగాఁ దలఁచి యిచ్చం బూతనాకాంత దాఁ\nజన్నుల్నిండఁగఁ జేఁదుఁ బూసికొని యా చన్బాలు నీకిచ్చినం\nజన్నుంబాలకు లోనుగాక యసురన్‌ సాధించి యాయింతికిన్‌\nసన్నన్‌ ముక్తి యొసంగితీవు భళి కృష్ణా దేవకీనందనా.	saardulamu	vruttamu	వెన్నెలకంటి జన్నయ్య (1450)	bhakti	Devakinandana
p421	విలసిల్లన్‌ పదియాఱువేలసతులన్‌ వీక్షించి వారిండ్ల లో\nపల వర్తించుచునుండి వీటఁ గల గోపస్త్రీలనెల్లన్‌ గడుం\nబలిమిన్‌ బట్టి రమించినాఁడవు భళీ ప్రాజ్ఞుండ వీవౌదు భూ\nస్థలి నీవేకద కొంటెదేవరవు కృష్ణా దేవకీనందనా.	mattebhamu	vruttamu	వెన్నెలకంటి జన్నయ్య (1450)	bhakti	Devakinandana
p422	ఇల గోవర్ధన మెత్తితీ వనుచు బ్రహ్మేంద్రాదు లెంతో నినుం\nబలుమారున్నుతులొప్పఁ జేసెదరు పద్మాక్షా కుచాగ్రంబునం\nజులకన్నెత్తిన రాధనెన్న రిదిగో సొంపొంద సత్కీర్తి ని\nశ్చలపుణ్యంబునఁ గాక చొప్పడునె కృష్ణా దేవకీనందనా.	mattebhamu	vruttamu	వెన్నెలకంటి జన్నయ్య (1450)	bhakti	Devakinandana
p423	మౌళిం బింఛపుదండ యొప్పుగ నటింపంగౌను శృంగారపున్‌\nశ్రీ లెంచంగను పిల్లఁగ్రోవి రవమున్‌ జేకోలమున్‌ జెక్కుచున్‌\nగేలన్‌ మెచ్చొనరింపఁ గోపకులతోఁ గ్రీడారసస్ఫూర్తి నీ\nవాలం గాచువిధంబు నేఁ దలఁతుఁ గృష్ణా దేవకీనందనా.	saardulamu	vruttamu	వెన్నెలకంటి జన్నయ్య (1450)	bhakti	Devakinandana
p424	పెచ్చుల్‌ ప్రేలుచుఁ బిల్లఁగ్రోవి రవమున్‌ బెంపొందఁగాఁ జొక్కుచున్‌\nనిచ్చల్‌ నిన్ను భజింప గోపగణమున్‌ నిత్యోత్సవక్రీడమై\nనెచ్చల్‌ మచ్చిక ముచ్చటచ్చుపడఁగా హెచ్చించి కీర్తించి నీ\nసచ్చారిత్రము విన్నఁ బుణ్యమగుఁ గృష్ణా దేవకీనందనా.	saardulamu	vruttamu	వెన్నెలకంటి జన్నయ్య (1450)	bhakti	Devakinandana
p425	కలనైనన్‌ నగియైనఁ గోప మెసఁగంగా నైన మీనామ ని\nర్మలవర్ణద్వయ మెవ్వరేఁదలఁచినం బాపౌఘముల్వాయును\nజ్జ్వలభాన్వప్రతిమానచండకిరణవ్రాతాహతిం జీఁకటుల్‌\nచలనం బంది తొలంగుచందమునఁ గృష్ణా దేవకీనందనా.	mattebhamu	vruttamu	వెన్నెలకంటి జన్నయ్య (1450)	bhakti	Devakinandana
p426	నినునెవ్వాఁడు దలంచు నీమహిమ వర్ణింపంగ నెవ్వాఁడు నే\nర్పునఁబూనున్‌ నినుగొల్చునట్టిఘనుఁ డాపుణ్యాత్ములోకైకమా\nన్యునిఁగా ధన్యునిఁగా వివేకనిధిఁగా నుద్యద్గుణాంభోధిఁగా\nననిశంబుం గొనియాడఁ గోరుదురు కృష్ణా దేవకీనందనా.	mattebhamu	vruttamu	వెన్నెలకంటి జన్నయ్య (1450)	bhakti	Devakinandana
p427	శీలంబున్‌ గులమున్‌ వివేకనిధి లక్ష్మీకాంతవక్షస్స్థలిన్‌\nహాళింబాయకయుండు కాముకుఁడవై హంకారవృత్తిన్‌ సదా\nస్త్రీలోలుండన రాధతోఁ బెనఁగుట ల్చిత్రంబులు న్నౌర నీ\nజాలం బే మని సన్నుతించెదను కృష్ణా దేవకీనందనా.	saardulamu	vruttamu	వెన్నెలకంటి జన్నయ్య (1450)	bhakti	Devakinandana
p428	మద్దు ల్గూల్చినలాగొ వేగ మనిలో మన్నించి గాండీవికిన్‌\nబుద్దుల్‌ సెప్పినలాగొ మోదరసముప్పొంగన్‌ యశోదమ్మకున్‌\nముద్దుల్గా నటియించులాగొ వరుసన్‌ మువ్వేళలన్‌ వేడుకన్‌\nచద్దు ల్మెక్కి రహించులాగొ ధరఁ గృష్ణా దేవకీనందనా.	saardulamu	vruttamu	వెన్నెలకంటి జన్నయ్య (1450)	bhakti	Devakinandana
p429	అధివ్యాధిహరంబు జన్మమరణవ్యాపారదుష్కర్మ దు\nర్బోధావ్యాప్తినివారణంబు సతతస్ఫూర్జ జ్జగద్రక్షణో\nన్మేధాయుక్తము భక్తవాంఛితఫలానీకప్రధానైక దీ\nక్షాధౌరేయము నీమహామహిమ కృష్ణా దేవకీనందనా.	saardulamu	vruttamu	వెన్నెలకంటి జన్నయ్య (1450)	bhakti	Devakinandana
p430	హాలాహాలశిరోధిమౌళి నయనోద్యద్భీమ ధూమధ్వజ\nజ్వాలాభీలకరాళరూక్ష విషనిశ్వాసోష్ణకృష్ణానదాం\nభోలీలాస్పద కాళియస్ఫుటనటద్భోగాగ్ర మధ్యంబునన్‌\nహాళిన్‌ దాండవమాడు నిన్‌ దలఁతుఁ గృష్ణా దేవకీనందనా.	saardulamu	vruttamu	వెన్నెలకంటి జన్నయ్య (1450)	bhakti	Devakinandana
p431	తినదేచెట్టున నాకు మేఁక గుహ గొందిం బాము నిద్రింపదే\nవనవాసంబునఁ బక్షులున్‌ మృగములున్‌ వర్తింపవే నీటిలో\nమునుకల్‌ వేయవె మత్స్యకచ్ఛపములు న్మోక్షార్థమౌ ముక్తికిన్‌\nమనసే మూలము నీదుభక్తులకు కృష్ణా దేవకీనందనా.	mattebhamu	vruttamu	వెన్నెలకంటి జన్నయ్య (1450)	bhakti	Devakinandana
p432	వింటిం గొంతగ మీమహత్వమును నుర్విన్‌ దర్శనప్రాప్తిచే\nఘంటాకర్ణుని నుగ్రసేనతనయుం గైవల్యతేజంబు ని\nన్నంటంజేయవె మాటమాత్రమున నిట్లాశ్చర్యమున్‌ బొందఁగా\nనంటం బొందనివేల్పు నిన్‌ గొలుతుఁ గృష్ణా దేవకీనందనా.	saardulamu	vruttamu	వెన్నెలకంటి జన్నయ్య (1450)	bhakti	Devakinandana
p433	చతురంభోధిపరీత భూవలయరాజానేకకోటీర రం\nజితమాణిక్యవిరాజమానపద రాజీవుండు ధర్మాత్మజుం\nడతికారుణ్యముచేత మత్స్యపతికొ ల్వాసింపఁడే నీదు శా\nశ్వత కారుణ్యము గల్గునంతకును కృష్ణా దేవకీనందనా.	mattebhamu	vruttamu	వెన్నెలకంటి జన్నయ్య (1450)	bhakti	Devakinandana
p434	బలభేది న్నలయించి ఖాండవవనిన్‌ భస్మంబు గావించి ము\nన్నెలమిన్‌ దైత్యులఁద్రుంచి యొక్కటి శివున్నిర్జించి కౌరవ్యులన్‌\nబలి గావించి కిరీటి బోయలకు గోపస్త్రీల నొప్పింపఁడే\nయల నీతేజము నీవు గైకొనినఁ గృష్ణా దేవకీనందనా.	mattebhamu	vruttamu	వెన్నెలకంటి జన్నయ్య (1450)	bhakti	Devakinandana
p435	ఇలఁ దద్వైరి నృపాల ఫాలఫలక ప్రత్యగ్ర రక్తచ్ఛటా\nకలితోదార గదావిజృంభణ భుజాగర్వుండు భీముండు కు\nక్కలకుం జాపఁడె యేకచక్రపురి భిక్షావేళ యుష్మత్సము\nజ్జ్వలకారుణ్యము గల్గునంతకును కృష్ణా దేవకీనందనా.	mattebhamu	vruttamu	వెన్నెలకంటి జన్నయ్య (1450)	bhakti	Devakinandana
p436	బక దైతేయమహాబలున్‌ సమరభూభాగంబునన్‌ వాయుపు\nత్రకుఁ డీల్గించిన నేకచక్రపురివారల్‌ మెచ్చి యింటింట వం\nటకము ల్బెట్టిరిగాని భిక్షయనుమాటన్‌ మాన్పలేరైరి యం\nతకు వారల్‌ గొఱఁతేమి చాలుటకుఁ గృష్ణా దేవకీనందనా.	mattebhamu	vruttamu	వెన్నెలకంటి జన్నయ్య (1450)	bhakti	Devakinandana
p437	గహనావాసములోన నన్నలకుఁ దా గారాబుతమ్ముండునై\nవిహరించేతఱి భావికాలగతి నన్వేషించుచున్‌ శౌర్యసం\nగ్రహుఁడై యావులఁగాచె మత్స్యపురిలోఁ గర్మానుగుణ్యక్రియ\nస్సహదేవుం డతిధైర్యమార్గమునఁ గృష్ణా దేవకీనందనా.	mattebhamu	vruttamu	వెన్నెలకంటి జన్నయ్య (1450)	bhakti	Devakinandana
p438	రక్షింపం దగువీరుఁ డెవ్వఁ డననీరాజుల్‌ వృథాతేజులే\nమోక్షశ్రీయొసఁగున్‌ విభుండెవఁడు శ్రీమోహాకృతి న్దేవతల్‌\nరక్షోజాక్ష శుభప్రధానగరిమన్‌ రాజిల్లురాజేంద్రులన్‌\nసాక్షాద్బ్రహ్మము నీవె ధన్యులకుఁ గృష్ణా దేవకీనందనా.	saardulamu	vruttamu	వెన్నెలకంటి జన్నయ్య (1450)	bhakti	Devakinandana
p439	బలశౌర్యోన్నతి శత్రులం గెలిచి సప్తద్వీపవిశ్వంభరా\nస్థలి నేలించి సమస్తవైభవములన్‌ దీపించి దిక్పాలకా\nవళి కీర్తింప మెలంగునైషధుఁడు దా వర్తింపఁడే తొల్లి వం\nటలవాఁడై ఋతుపర్ణుచెంగటను కృష్ణా దేవకీనందనా.	mattebhamu	vruttamu	వెన్నెలకంటి జన్నయ్య (1450)	bhakti	Devakinandana
p440	క్రతువుల్‌ నూఱొనరించి యింద్రపదవిన్గర్వించియింద్రాణికై\nధృతిఁదూలన్‌ మరుఁడేచఁగా నహుషుఁడద్దేవేంద్రుభోగానుసం\nగతిగాఁ గోరినకుంభసంభవుఁడు గిన్కన్‌ దిట్టినన్‌ జెందఁడే\nసతతంబున్‌ పెనుబాముచందమును కృష్ణా దేవకీనందనా.	mattebhamu	vruttamu	వెన్నెలకంటి జన్నయ్య (1450)	bhakti	Devakinandana
p441	ఘనులన్‌ నీచుల నీచులన్‌ ఘనుల సత్కారాఢ్యులన్‌ దుష్క్రియా\nజనితోద్యోగుల నర్థవంతులను భిక్షాయుక్తులన్‌ భిక్షులన్‌\nధనికవ్రాతముగా నొనర్చుచును నిత్యంబున్‌ మహాగారడం\nబని నందించు వినోదరాయ హరి కృష్ణా దేవకీనందనా.	mattebhamu	vruttamu	వెన్నెలకంటి జన్నయ్య (1450)	bhakti	Devakinandana
p442	శ్రీలక్ష్మీధవ వాసుదేవ వరదా రాజీవపద్మాసనా\nవ్యాళాధీశ్వర శర్వ షణ్ముఖ శుకాద్యస్తోత్ర సత్పాత్ర గో\nపాలానీక ముఖాబ్జభాస్కర కృపాపాథోధి నన్‌ గావు మూ\nర్ధాలంకార మయూర పింఛధర కృష్ణా దేవకీనందనా.	saardulamu	vruttamu	వెన్నెలకంటి జన్నయ్య (1450)	bhakti	Devakinandana
p443	మీసామర్థ్యము గల్గునంతకును నెమ్మిన్‌ బాండుసూనుండు నా\nయాసం బొంద మహాద్భుతంబుగ విరాటాధీశుపట్ణంబులో\nగ్రాసోపాయము లేక భిక్ష మడుగన్‌ గాషాయముంబూని స\nన్యాసంబున్‌ ధరియింపఁడే యచటఁ గృష్ణా దేవకీనందనా.	saardulamu	vruttamu	వెన్నెలకంటి జన్నయ్య (1450)	bhakti	Devakinandana
p444	విరటుం గొల్చినవాఁడు నొక్కఁడిలఁ బృథ్వీనాథులన్‌ గూల్చి సం\nగరభూమిన్‌ ఘనవైరివీరతతులన్గారించుచున్‌ ద్రుంచి యి\nద్ధరకు న్నగ్రజు రాజుఁ జేసియు తుదిన్‌ దా నీకృపంబాయఁడే\nసరిపోదే భువి నింద్రసూనుధృతి కృష్ణా దేవకీనందనా.	mattebhamu	vruttamu	వెన్నెలకంటి జన్నయ్య (1450)	bhakti	Devakinandana
p445	అమరు ల్పద్మజువ్రాతఁదాఁటి యిపుడొక్కబ్దంబు పెద్దయ్య దు\nర్దమ దోర్దండపటుప్రతాప నిజసంరంభామరానీక వి\nక్రమ దుర్వారగజాసురప్రళయ మింకం జేయ ఫాలాక్షునిన్‌\nసమరక్షోణి జయించె నర్జునుఁడు కృష్ణా దేవకీనందనా.	mattebhamu	vruttamu	వెన్నెలకంటి జన్నయ్య (1450)	bhakti	Devakinandana
p446	అక్రూరాత్మకు లైన పాండవుల బాహశక్తియున్‌ ధాత్రి ని\nర్వక్రంబయ్యెడునట్లు జేతు ననుచున్‌ వాత్సల్య మింపొంద నా\nశక్రాత్మోద్భవు తేరిపై దురమునన్‌ సారథ్యముం జేసితౌ\nచక్రీ నీమునికోలకున్‌ జయము కృష్ణా దేవకీనందనా.	saardulamu	vruttamu	వెన్నెలకంటి జన్నయ్య (1450)	bhakti	Devakinandana
p447	గంభీరంబుగ రాయభారగరిమన్‌ గౌంతేయుకార్యార్థమై\nశుంభల్లీలల ధార్తరాష్ట్రుసభఁ దామూహించి తద్వాక్యము\nల్సంభాషింపఁగ వా రవజ్ఞ దలఁపన్‌ సర్వంబు నీవైనచో\nశంభుండేయెఱుఁగున్‌ భవన్మహిమ కృష్ణా దేవకీనందనా.	saardulamu	vruttamu	వెన్నెలకంటి జన్నయ్య (1450)	bhakti	Devakinandana
p448	ఏలావిద్యలు సొంపు రూపవిభవం బేలా కులీనత్వమున్‌\nశీలత్వంబును నేల యేటికి వచశ్శ్రీ యేల బాహాబలం\nబేలా చాతురి మీకృపాగరిమ నిక్షేపంబు లేకుండినన్‌\nజాలిం బొందినఁ గల్గునే సిరులు కృష్ణా దేవకీనందనా.	saardulamu	vruttamu	వెన్నెలకంటి జన్నయ్య (1450)	bhakti	Devakinandana
p449	సర్వజ్ఞుండును సర్వలోకగురుఁడున్‌ సర్వంసహానాథుఁడున్‌\nసర్వేశుండును సర్వసాధకుఁడునౌ సర్వేశ నీమూర్తి దా\nసర్వంబు న్గలిగించు పెంచునణఁచున్‌ సందేహమేలా స్మృతుల్‌\n'సర్వం విష్ణుమయం జగ'త్తనఁగ కృష్ణా దేవకీనందనా.	saardulamu	vruttamu	వెన్నెలకంటి జన్నయ్య (1450)	bhakti	Devakinandana
p450	పుడమిన్‌ బెద్దలబోటివారి నడుగం బోరాదె చోద్యంబు పా\nల్కడలిన్‌ గల్గినముద్దరాలు గలుగంగా పూర్వకాలంబునన్‌\nపొడవెల్లన్‌ గడుతగ్గి దానవునితో బొంకైనమాటాడి మూఁ\nడడుగు ల్నేలను వేఁడఁగాఁ జనవు కృష్ణా దేవకీనందనా.	mattebhamu	vruttamu	వెన్నెలకంటి జన్నయ్య (1450)	bhakti	Devakinandana
p451	రంగప్రౌఢిమ భార్గవుం గెలిచి కౌరవ్యుల్‌ భయం బంది వీ\nరాగంబుం ధరియించి జీవము సతంబై యుండ వర్తించునా\nగాంగేయుండు శిఖండిచేతఁ దెగె నీ కారుణ్యముం దప్పియుం\nడంగా మృత్యువుధాటి కోపుదురె కృష్ణా దేవకీనందనా.	saardulamu	vruttamu	వెన్నెలకంటి జన్నయ్య (1450)	bhakti	Devakinandana
p452	అక్రూరస్థితి నుండఁగా వలయు రాజాస్థానమధ్యంబునన్‌\nవక్రింపం బనిలేదు ధర్మమునకై వర్తింపఁగాఁ బోయినన్‌\nశుక్రాచార్యుని కన్నుఁ బో నడఁచవే సూటిన్‌ గుశాగ్రంబునన్‌\nజక్రీ నీకరపంకజాంతరముఁ గృష్ణా దేవకీనందనా.	saardulamu	vruttamu	వెన్నెలకంటి జన్నయ్య (1450)	bhakti	Devakinandana
p453	ధారాపూర్వముగాఁగ సంయమికి సప్తద్వీపముల్‌ సూనృత\nప్రారంభమున నిచ్చి చేతితడియాఱన్‌ లేక వర్తింపఁడే\nశారీరార్థ మటంచు భిక్షము హరిశ్చంద్రుండు యాగాదిసం\nచారుం డుండు మనండె తొల్లి హరి కృష్ణా దేవకీనందనా.	saardulamu	vruttamu	వెన్నెలకంటి జన్నయ్య (1450)	bhakti	Devakinandana
p454	తన శౌర్యోన్నతి యుగ్రసాధనముగా తాళాయణీశున్‌ శివున్‌\nదనరన్‌ మెచ్చఁగఁజేసి లోకముజయస్తంభంబు గావించియున్‌\nమును దాఁ జేసినకర్మవార్ధిఘనమై ముంపం గడుంబాలుచేఁ\nజనఁడే దుర్మతి విక్రమార్కుఁ డిల కృష్ణా దేవకీనందనా.	mattebhamu	vruttamu	వెన్నెలకంటి జన్నయ్య (1450)	bhakti	Devakinandana
p455	తెగువన్నిర్జరులన్‌ జయించుచు మదోద్రేకంబునన్‌ గానలో\nమృగనేత్రిన్‌ ధరణీతనూజ నసురు ల్మెచ్చంగఁ దాఁదెచ్చి నె\nవ్వగలం బెట్టి విధిప్రయత్నమున నిర్వంశంబుగా రాముచే\nజగతిం గూలఁడె యాదశాననుఁడు కృష్ణా దేవకీనందనా.	mattebhamu	vruttamu	వెన్నెలకంటి జన్నయ్య (1450)	bhakti	Devakinandana
p456	పరనారీహరణం బొనర్చినమహాపాపాత్ముఁ డారావణుం\nడరయ న్నాతని తమ్ముఁడైన దనుజుం డత్యంతసద్భక్తితో\nశరణన్నం దయఁజూచి యగ్రజునిరాజ్యం బిచ్చి రక్షింప వా\nసరణిన్‌ నీపదభక్తియే ఘనము కృష్ణా దేవకీనందనా.	mattebhamu	vruttamu	వెన్నెలకంటి జన్నయ్య (1450)	bhakti	Devakinandana
p457	కరితో దోమ మృగేంద్రుతో నరుఁడు బంగారంబుతోఁ గంచు భా\nస్కరుతో మిణ్గురుబుర్వు కల్పకముతోఁ గానుంగు రత్నాకరే\nశ్వరుతో నూషరపల్వలంబు నురుశేషస్వామితో మిడ్తయున్‌\nసరియైనన్‌ సరి మీకు దైవములు కృష్ణా దేవకీనందనా.	mattebhamu	vruttamu	వెన్నెలకంటి జన్నయ్య (1450)	bhakti	Devakinandana
p458	నుతలోకప్రతిసృష్ట నిర్మలకళానూత్నాబ్జగర్భున్‌ మహా\nప్రతిభున్‌ గౌశికుఁ గుక్కమాంసము భుజింపం జేసి మాలాతనిన్‌\nబతిమాలించవె చండచండతరశుంభత్వంబు పాల్మాలునా\nశతఁ బొందించవె దేవదేవమయ కృష్ణా దేవకీనందనా.	mattebhamu	vruttamu	వెన్నెలకంటి జన్నయ్య (1450)	bhakti	Devakinandana
p459	వరభోగాధ్వరదానధర్మగుణముల్‌ వర్జించి తృష్ణారతిన్‌\nనరులత్యంతము మూఢలోభమతులై నారీరతిం గూర్పఁగాఁ\nదరముం గాని ధనంబు తస్కరవరున్‌ ధాత్రీశులుం జేకొనన్‌\nసరఘవ్రాతము జేర్చుతేనెక్రియఁ గృష్ణా దేవకీనందనా.	mattebhamu	vruttamu	వెన్నెలకంటి జన్నయ్య (1450)	bhakti	Devakinandana
p460	బొంకు ల్లక్షలు నిత్యసంభరితసంభోగారతుల్‌ దుర్మదా\nహంకారంబులు కోట్లసంఖ్యయగు మోహంబాయనంతంబు దు\nష్పంకాభార మపార మిన్నిగల భూపవ్రాతసర్పాళి ని\nశ్శంకం బ్రాజ్ఞులు చేర వోవుదురె కృష్ణా దేవకీనందనా.	saardulamu	vruttamu	వెన్నెలకంటి జన్నయ్య (1450)	bhakti	Devakinandana
p461	చీమల్‌ పుట్టలు పెట్టుచుండ నవి విస్తీర్ణంబు గావించినన్‌\nపాముల్‌ జేరినరీతి లోభిజనసంపన్నార్థరాసుల్‌ వృథా\nభూమీపాలుల పాలుగాక చనునా పుణ్యంబులే లొల్లరో\nసామాన్యంబు ధనాధినాథులకుఁ గృష్ణా దేవకీనందనా.	saardulamu	vruttamu	వెన్నెలకంటి జన్నయ్య (1450)	bhakti	Devakinandana
p462	కీడున్‌ మేలును వచ్చుఁ గర్మవశతన్‌ క్రీడాగతిన్‌ జోకలై\nవాడల్‌ వచ్చును బండ్లునొక్కెడధర న్నొక్కప్పుడున్‌ బండ్లపై\nవాడల్‌ నౌఁ గద దేశకాలగతి శీతోష్ణంబు లీరీతి నే\nజాడన్‌ వచ్చును దుఃఖసౌఖ్యములు కృష్ణా దేవకీనందనా.	saardulamu	vruttamu	వెన్నెలకంటి జన్నయ్య (1450)	bhakti	Devakinandana
p463	అంతశ్శత్రుల గెల్వలేరు మమతాహంకారము ల్మానలే\nరింతే మూర్ఖము వీడలేరు భవదీయాంఘ్రిద్వయీచింతనా\nచింతారత్నముఁ గానలే రిలను దుశ్చిత్తు ల్వృథా వేదవే\nదాంతంబుల్‌ చదువంగ నేమి యగుఁ గృష్ణా దేవకీనందనా.	saardulamu	vruttamu	వెన్నెలకంటి జన్నయ్య (1450)	bhakti	Devakinandana
p464	నానావేదపురాణశాస్త్రముల నానందింపఁగా నిత్య మిం\nపౌనార్యు ల్వినుతింప ధార్మికరహస్యంబు ల్విన న్వచ్చునౌ\nమీ నామాంకభవద్వివేకులకు మున్నాశ్చర్యమే సత్వరా\nజ్ఞానాధిక్యము గానిముక్తిఁ గని కృష్ణా దేవకీనందనా.	saardulamu	vruttamu	వెన్నెలకంటి జన్నయ్య (1450)	bhakti	Devakinandana
p465	గట్రాలన్‌ బలుకానలన్‌ గుహల గంగాసింధుదేశంబులన్‌\nవట్రాఠావుల దేహమెల్లఁ జెదరన్‌ వర్తించినన్‌ మేరువున్‌\nచుట్రా యేఁబదిమార్లు మెట్టినమనశ్శుద్ధుండు గాకుండినన్‌\nచట్రా వాని ప్రయాస మంతయును గృష్ణా దేవకీనందనా.	saardulamu	vruttamu	వెన్నెలకంటి జన్నయ్య (1450)	bhakti	Devakinandana
p466	గంగాజన్మపదాబ్జమందు నభిషేకంబు ల్సదా గాంచెదన్‌\nనంగారార్చనచేసి యేరణమునన్‌ నర్పింతు నంభోధరా\nశృంగారాధిప కౌస్తుభాభరణ యేశృంగారముల్‌ జేతు మీ\nకంగీకారము గాఁగ నాతరమె కృష్ణా దేవకీనందనా.	saardulamu	vruttamu	వెన్నెలకంటి జన్నయ్య (1450)	bhakti	Devakinandana
p467	అతిమోహాంధులఁ బాపకర్ముల మహాహంకారులన్‌ దోషదూ\nషితులన్‌ గర్వితదుర్విచారులఁ బ్రశంసింపం బ్రశంసింపఁగా\nదితిపర్యాప్తిదినంబు లొంది త్రిజగద్విఖ్యాతియుష్మత్సము\nన్నతసేవాభిముఖుండ నైతి నిట కృష్ణా దేవకీనందనా.	mattebhamu	vruttamu	వెన్నెలకంటి జన్నయ్య (1450)	bhakti	Devakinandana
p468	ఉర్విం బాఱుమహానదీజలము లాయూరూరునందెల్లఁ గూ\nడురుఘోషంబున వంకలై కలియఁగా యోగ్యంబు లైనట్లు మీ\nస్మరణన్‌ నానుడువున్‌ సదాశుభములై సంపూజ్యమున్‌ గా భవ\nచ్చరణంబుల్‌ మది నిల్పి కొల్చెదను కృష్ణా దేవకీనందనా.	mattebhamu	vruttamu	వెన్నెలకంటి జన్నయ్య (1450)	bhakti	Devakinandana
p469	బాలక్రీడలఁ గొన్నినాళ్లు పిదపన్‌ భామాకుచాలింగనా\nలోలాభ్యున్నతిఁ గొన్నినాళ్లు మఱియిల్లున్‌ ముంగిలింగొన్ని నా\nళ్లీలీలన్‌ విహరించితిన్‌ సుఖఫలం బెందేనియున్‌ లేదుగా\nచాలన్‌ నీపదభక్తిఁ జేసెదను కృష్ణా దేవకీనందనా.	saardulamu	vruttamu	వెన్నెలకంటి జన్నయ్య (1450)	bhakti	Devakinandana
p470	మతిలో మిమ్ముఁదలంచు పుణ్యుఁడిలఁ దామాయన్‌ స్వదారాదుల\nన్వెతలం బొర్లఁడు భాగ్యవంతుఁడగుఠీవిన్‌ దివ్యమృష్టాన్న సం\nగతిలోనాడి మనుండు భిక్షమునొసంగన్‌ నేర్చునే శూలభృ\nచ్చతురాస్య ప్రముఖామర ప్రణుత కృష్ణా దేవకీనందనా.	mattebhamu	vruttamu	వెన్నెలకంటి జన్నయ్య (1450)	bhakti	Devakinandana
p471	అన్నంబైనను దక్రమైనఁ దగుతోయంబైన నభ్యాగతుల్‌\nదన్నాశించిన నేమియు న్నిడక యేధర్మంబునుం జేయ కే\nమన్న న్నూరకయుండు జీవశరమర్త్యశ్రేణి జేయ కే\nచన్న న్నేమగు నేమగున్‌ గలుగఁ గృష్ణా దేవకీనందనా.	saardulamu	vruttamu	వెన్నెలకంటి జన్నయ్య (1450)	bhakti	Devakinandana
p472	ప్రారబ్ధానుభవంబు దీఱ కపవర్గప్రాప్తి లేదండ్రుగా\nదీరశ్రేష్ఠు లనంతకోటులిఁక నైతే వారికర్మంబులున్‌\nప్రారబ్ధంబులు గావె ముందఱకు నోభావజ్ఞ సైరించి నా\nప్రారబ్ధంబులఁ దీర్పవే కరుణఁ గృష్ణా దేవకీనందనా.	saardulamu	vruttamu	వెన్నెలకంటి జన్నయ్య (1450)	bhakti	Devakinandana
p473	శ్రీజన్మప్రభుతావిశేషుఁ డగు రాజేంద్రుండు ధీపాలనా\nజ్ఞాజాగ్రత్వనిదానకీర్తియుత రక్షాలక్షణాధీశుఁడై\nరాజిల్లుం బహుకష్టుఁడైన ధరసామ్రాజ్యంబు బాలింపుచో\nనైజంబై తగునా విశేషములు కృష్ణా దేవకీనందనా.	saardulamu	vruttamu	వెన్నెలకంటి జన్నయ్య (1450)	bhakti	Devakinandana
p474	సమరద్వేషుల సంగరాంగణమునన్‌ సాధించి సామ్రాజ్య సౌ\nఖ్యముఁ దాఁగాంచి సహించి చొప్పడు వివేకప్రాజ్ఞతల్గాంచు భూ\nరమణశ్రేష్ఠుఁడు తావకానుచరుఁడై రాణించు శిక్షించు దు\nష్టమతి భ్రష్టమదాంధ శత్రువుల కృష్ణా దేవకీనందనా.	mattebhamu	vruttamu	వెన్నెలకంటి జన్నయ్య (1450)	bhakti	Devakinandana
p475	విగతక్లేశులు వీతకిల్బిషమయుల్‌ విజ్ఞానవిద్యానిధుల్‌\nనిగమార్థజ్ఞులు నిశ్చలవ్రతయుతుల్‌ నిర్వ్యాజనిష్ఠాయుతుల్‌\nసుగుణుల్‌ సూనృతవర్తనుల్‌ శుభకరుల్‌ శుద్ధాంతరంగుల్‌ శుభుల్‌\nజగతీమండలి నీదుసేవకులు కృష్ణా దేవకీనందనా.	mattebhamu	vruttamu	వెన్నెలకంటి జన్నయ్య (1450)	bhakti	Devakinandana
p476	దీనుల్గల్గిన నీదు రక్షణగుణాధిక్యంబు రాణించు నౌ\nదీనుండెవ్వఁడు లేఁడు నీదుకరుణాదృష్టిన్‌ గృతార్థుల్‌ జుమీ\nనేనే దీనుఁడ నన్నుఁ బ్రోవు శరణంటిం ద్వన్ముఖోదీర్ణ సు\nజ్ఞాన శ్రీకరమూర్తి నమ్మితిని కృష్ణా దేవకీనందనా.	saardulamu	vruttamu	వెన్నెలకంటి జన్నయ్య (1450)	bhakti	Devakinandana
p477	పాత్రాపాత్రవివేకము ల్సమసె పాపం బెచ్చె ధర్మంబునున్‌\nమిత్రఘ్నత్వము కల్లలాడుటయు స్వామిద్రోహముం గొండెమున్‌\nధాత్రిం బూజ్యము లయ్యె సజ్జనులచందం బెట్లు రక్షించెదో\nసత్రాజిత్తనయా మనోరమణ కృష్ణా దేవకీనందనా.	saardulamu	vruttamu	వెన్నెలకంటి జన్నయ్య (1450)	bhakti	Devakinandana
p478	అనుకూలాన్వితయైన భార్యయును ధర్మార్థంబునైనట్టి నం\nదనులున్‌ సజ్జనులైన సోదరులు యెన్నంగల్గు సంపత్క్రియా\nఘనుఁడైనట్టి మహానుభావుఁడె భవత్కారుణ్యదృగ్జాలభా\nజనుఁ డప్పుణ్యుని జూచినన్‌ శుభము కృష్ణా దేవకీనందనా.	mattebhamu	vruttamu	వెన్నెలకంటి జన్నయ్య (1450)	bhakti	Devakinandana
p479	శరణాగత్యనురక్తి భక్తి జనరక్షాసత్కృపాసేవ్యస\nత్కరుణాపూర సుధారసంబుగల శృంగారంబు మీమూర్తియుం\nదరణోపాయ మెఱుంగలేని కలుషాధారున్‌ ననుందావక\nస్మరణాధీశునిఁ జేయు మ్రొక్కెదను కృష్ణా దేవకీనందనా.	mattebhamu	vruttamu	వెన్నెలకంటి జన్నయ్య (1450)	bhakti	Devakinandana
p480	కుటిలారాతినిశాటకోటికదళీకూటాటవీభంజనో\nద్భటమత్తద్విపకేళిలోలము సముత్ప్రావీణ్య దైత్యాంగనా\nస్ఫుట ముక్తామణిరత్నహార తిలకాపుంజాతలూనక్రియా\nచటులజ్వాలము నీసుదర్శనము కృష్ణా దేవకీనందనా.	mattebhamu	vruttamu	వెన్నెలకంటి జన్నయ్య (1450)	bhakti	Devakinandana
p481	నక్రోదగ్రతఁ బ్రాణవాయువులు మేన న్నిల్వఁగా నోప వో\nచక్రీ నన్‌ దయ గావు మన్నకరుణన్‌ జాజ్జ్వల్యచక్రంబుచే\nనక్రంబుం దెగఁ జూచి కాచితిగదా నాగంబు వేగంబునన్‌\nశక్రాద్యామరవందితాంఘ్రియుగ కృష్ణా దేవకీనందనా.	saardulamu	vruttamu	వెన్నెలకంటి జన్నయ్య (1450)	bhakti	Devakinandana
p482	కరి నేలింది హుళక్కి ద్రౌపదికి కోకల్‌ మెచ్చి యిచ్చింది ద\nబ్బర కాకాసురునిం గటాక్షమునఁ జేపట్టిం దబద్ధం బహో\nశరణన్న బగవానితమ్మునికి రాజ్యం బిచ్చుట ల్కల్ల యి\nత్తఱి నన్నేలిన నిక్క మీకథలు కృష్ణా దేవకీనందనా.	mattebhamu	vruttamu	వెన్నెలకంటి జన్నయ్య (1450)	bhakti	Devakinandana
p483	ఈకృష్ణశతక మెప్పుడు\nపైకొని విన్నట్టివారు వ్రాసినవారల్‌\nచేకొని పఠించువారలు\nశ్రీకృష్ణునికరుణ కలిగి చెలఁగుదు రెలమిన్‌.	kandamu	jaathi	వెన్నెలకంటి జన్నయ్య (1450)	bhakti	Devakinandana
p484	ఏఁ బదునాల్గులోకముల-సృష్టియొనర్చుచుఁ బెంచి పిమ్మటన్‌\nదూబవలెన్‌ హరింతు నని-దొంగనుడుల్‌ వచియించు చుంటివే!\nయేఁబదిమాట లేమిటికి?-ఇట్టి ప్రచారము మానకున్నచో\nగూబలు సాఁగఁదీసెదను-గూయకు మిట్టివి ధూర్తమానవా!	vutpalamaala	vruttamu	త్రిపురనేని రామస్వామి	social	Dhoortamaanavaa
p485	ఎవ్వరు చూచినారు సృజి-యింపఁగ నీ పదునాల్గులోకముల్‌\nసువ్వన సువ్వి సువ్వి యను-చొప్పెకదా! యొకఁడైనఁ జూచెనే\nదవ్వులనుండియైన నొక-దానినినైన? వృథా ప్రగల్భముల్‌!\nనవ్వుల పాలుఁజేసెదవె-నన్నిటులాడుచు ధూర్తమానవా!	vutpalamaala	vruttamu	త్రిపురనేని రామస్వామి	social	Dhoortamaanavaa
p486	ప్రతివర్షంబును నా వివాహ మను పే-రన్‌ బెక్కుచందాల దు\nర్మతి చందాలు వసూలుచేసి ప్రతియూ-రన్‌ గజ్జకట్టింతువే!\nగతి యీమాత్రములేదె నాకరయ? నేఁ-గావించుకోలేనె? యీ\nగతి నన్నీవు పరాభవించుటకు సం-కల్పింతువే మానవా!	mattebhamu	vruttamu	త్రిపురనేని రామస్వామి	social	Dhoortamaanavaa
p487	కాపురముండ నిల్లు, నడ-కత్తెరలోఁ బడియుండఁ బెండ్లమున్‌,\nమాపులు కున్కఁగాఁ బడక-మంచము, నెక్కగ నెక్కిరింతలున్‌,\nసాపడఁ బైడికంచమును-జక్కగఁగూర్చి యుపన్యసింతువే?\nనీపనిఁ బట్టెదన్‌ వినుము-నీవిది మానవ ధూర్తమానవా!	vutpalamaala	vruttamu	త్రిపురనేని రామస్వామి	social	Dhoortamaanavaa
p488	కొస కేమౌనొ యెఱుంగకుండ నుసితోఁ-గోణంగివై నీవు నీ\nపుసికన్నుల్‌ మసిముక్కు దేబెమొగమున్‌-బువ్వాడు పెన్‌బోరెమున్‌\nతొసినోరున్‌ గలిగించి వంచకుఁడవై-దుర్జాతి, నన్నొక్క మా\nనిసినిం జేసెదవే! మనుష్యునివలెన్‌-నేనుంటినే మానవా!	mattebhamu	vruttamu	త్రిపురనేని రామస్వామి	social	Dhoortamaanavaa
p489	కాలుంజేతులు ముక్కు మోములును చం-కల్‌ చన్నులున్‌ బేర్లు నీ\nకేలా యున్నవొ; నాకు నట్లెకలవా?-యీరీతిగా నన్ను నీ\nవేలా వర్ణనచేసినాడ వకటా!-యెందాక సైరింతు? నిన్‌\nపాలార్తున్‌ మునుమున్న చెప్పితిని నీ-పాట్లన్నియున్‌ మానవా!	saardulamu	vruttamu	త్రిపురనేని రామస్వామి	social	Dhoortamaanavaa
p490	గుడులున్‌ గోపురముల్‌ కుశీలవుఁడవై-కూర్పించి చందాలతో\nమడిమాన్యంబులు నాదు పేరుననె ని-ర్మాణంబు గావించుచున్‌\nవడపప్పున్‌ బెరవారి కిచ్చెదవె? నీ-భావంబునం దేమి గీ\nల్పడఁగా నేర్చెడి? చెప్పు మింతటి దివా-లాఖోరువే మానవా!	mattebhamu	vruttamu	త్రిపురనేని రామస్వామి	social	Dhoortamaanavaa
p491	వేదము లెట్లు బ్రహ్మముఖ-వీథులనుండి హరింపఁగాఁ బడున్‌;\nపాదలి సోమకాసురుఁడు-వచ్చి త్రయిన్‌ హరియించె నంచు నే\nచీదరఁ బొందకుండ చొఱ-చేఁపను జేసితివే ననున్‌ - సరే!\nనీదయమీద నా బ్రదుకు-నిల్చెనె చెప్పుమ ధూర్తమానవా!	vutpalamaala	vruttamu	త్రిపురనేని రామస్వామి	social	Dhoortamaanavaa
p492	బలి యేపాపముఁ జేసినాఁ డతనిపై-వైరంబు నాకేల? త\nద్బలి రాజ్యంబు హరింప వంచకుండనై-ధర్మంబుఁ బోద్రోసి దో\nర్బలహీనుండగు నింద్రుఁ బ్రోవ నవతా-రం బెత్తినా నంచు లో\nకులు నమ్మన్‌ వచియింతు వింకయిన బొం-కుల్‌ మానవా? మానవా!	mattebhamu	vruttamu	త్రిపురనేని రామస్వామి	social	Dhoortamaanavaa
p493	పరులను, ధర్మదూరులను,-బంధురపాపనిమగ్నచిత్తులన్‌\nగరుణను గాచి ప్రోచుటకు-గా మఱితో బలిచక్రవర్తినిన్‌\nదిరిపెము నెత్తినాఁడ నని-దేబిరిగొట్టుమొగంబ, యెల్లెడన్‌\nనిరతము చాటుచుండెదవె!-నీపనిఁ బట్టెద ధూర్తమానవా!	champakamaala	vruttamu	త్రిపురనేని రామస్వామి	social	Dhoortamaanavaa
p494	తనువెల్లన్‌ గులపెట్టి జీర్ణసుఖ రు-గ్దద్రువ్యధాపీడచే\nత నహోరాత్రులు కామతృప్తి కొరకై-దారాడు స్వర్లోక నా\nథుని పక్షంబయి దానశీలుని మహ-త్పూజ్యున్‌ బలిన్‌ సత్యవా\nక్యనిరూఢున్‌ బొరియించినా ననుచుఁ బ-ల్కన్‌ జూతువే మానవా!	mattebhamu	vruttamu	త్రిపురనేని రామస్వామి	social	Dhoortamaanavaa
p495	ఒక్కఁడు తండ్రిఁ జంపెనని-యోరిమిలేకయె గండ్రగొడ్డటన్‌\nజక్కడగింప ధర్మువగు-నా కులమంతయు? దీనిజేయ నే\nనొక్కఁడనే కనంబడితి-నో! యిటువంటివి పూర్వమందు నే\nదిక్కులనేని విన్పడెనె?-తిక్కవదల్చెద ధూర్తమానవా!	vutpalamaala	vruttamu	త్రిపురనేని రామస్వామి	social	Dhoortamaanavaa
p496	ఉడుగక తొల్లి పెండ్లమును-నొక్కతె నామెడ కంటఁగట్టి యా\nబిడ నెవఁడో హరించె నని-వెంగలిమాటలు చెప్పి యామెకై\nయెడతెగకుండ బావురని-యేడ్చితినంచును నెన్నిరోజులో\nబడబడ పెద్దగ్రంథములు-వ్రాసితివేమిర? ధూర్తమానవా!	champakamaala	vruttamu	త్రిపురనేని రామస్వామి	social	Dhoortamaanavaa
p497	మిడిమేలంబుగఁ దెచ్చిపెట్టితివిగా-మేనత్తతోఁ గూటమిన్‌\nబడి మువ్వంకల ముండతోడ మధురా-పట్నంబులోఁ గూటమిన్‌\nమెడకుంగట్టితి వెంతవాఁడవుర! నీ-మిట్టాటలన్‌ మానవా!\nకడికండల్‌ తెగఁగోసివైచెదను గా-కశ్రేణికిన్‌ మానవా!	mattebhamu	vruttamu	త్రిపురనేని రామస్వామి	social	Dhoortamaanavaa
p498	అవతారంబులనెత్తి చేయగల న-న్యాయంబు లన్నింటి నే\nనవతారంబుల నెత్తకుండ మఱి చే-యన్‌ శక్తిలే దంచు న\nన్నవమానించితి వింతకాల మిటు? ని-న్నాపాదమస్తంబుగా\nనివురుంజేసెద నెవ్వరడ్డపడగా-నీ కుండిరో మానవా!	mattebhamu	vruttamu	త్రిపురనేని రామస్వామి	social	Dhoortamaanavaa
p499	స్మృతులన్‌ వ్రాసితి నందు; వాస్మృతులలోఁ-జిత్రించి శ్రుత్యర్థముల్‌\nప్రతిపాదించితినందు; వయ్యది నిజం-బా? యెంతకాలంబు దు\nష్కృతి సాగింతువు, లోకవంచనములన్‌-జేయింతువో, చేతువో\nపతితాత్మా, యిఁకనైన యీ వెడఁగు త్రో-వల్‌ మానవా? మానవా!	mattebhamu	vruttamu	త్రిపురనేని రామస్వామి	social	Dhoortamaanavaa
p500	కలలోఁ గన్పడుచుండు బట్టబయలన్‌-గన్పట్ట రాకుండు గ\nఱ్దలు గ్రంథంబులు జెప్పుఁ గట్టెదుటఁ బ్ర-త్యక్షంబుఁ జెప్పండు లో\nకులు కల్లోలపడంగ నీగతిని ట-క్కుల్‌ చెప్పు మాయావికిన్‌\nతలతిక్కన్‌ వదలింతు నీపయిని చి-త్తభ్రాంతిపో మానవా!	mattebhamu	vruttamu	త్రిపురనేని రామస్వామి	social	Dhoortamaanavaa
p501	ఈ టకటొంకు లేమిటికి?-నిల్లును వాకిలిఁ గట్టిపెట్టి యే\nటేటను బెండ్లి సేయుమని-యే నెపుడైనను గోరియుంటినే!\nచీటికి మాటికిన్‌ బరుల-జేబులు గొట్టుట ధర్మమార్గమే?\nఏటికి నీయబద్ధ మర-రే! యిఁక సాగునె? ధూర్తమానవా!	vutpalamaala	vruttamu	త్రిపురనేని రామస్వామి	social	Dhoortamaanavaa
p502	బొక్కెడుకూడు పట్టుమని-పొట్టకు తింటినె యొక్కపూటయేన్‌?\nజక్కగ నొంటినిండ నొక-జానెడు గుడ్డను గప్పుకొంటినే!\nఒక్కటియేని మ్రుచ్చిలిక-యుంచితివే? యిఁక నీదుపాటు లే\nనక్కయుఁ గుక్కయున్‌ బడదు;-నా పలుకుల్‌ విను ధూర్తమానవా!	vutpalamaala	vruttamu	త్రిపురనేని రామస్వామి	social	Dhoortamaanavaa
p503	పొక్కిలిగడ్డలేక, తన-పొయ్యికిఁ గట్టెలు లేక, మంటకున్‌\nబిక్కినఁ గుండలోనికిని-బియ్యపునూకలు లేక, గంజిలో\nలెక్కకు నుప్పుగల్లయిన-లేక, కృశించెడి పేదవానికిన్‌\nఱెక్కలు డుచ్చి సిల్గుల హ-రింతువె చెప్పర, ధూర్తమానవా!	vutpalamaala	vruttamu	త్రిపురనేని రామస్వామి	social	Dhoortamaanavaa
p504	మరణపు శయ్యమీఁద నొక-మారయినన్‌ నను దప్పకుండ సం\nస్మరణము చేసినంతటనె-స్వర్గము వచ్చునటందు, వేగతిన్‌\nబొరయును? నిట్లె నీ వెపుడు-బొంకుచునుందువు దీనికై నినున్‌\nగఱకఱ గొంతు కోసెదను-కానివి చెప్పకు ధూర్తమానవా!	champakamaala	vruttamu	త్రిపురనేని రామస్వామి	social	Dhoortamaanavaa
p505	ఏ నొకజాతికూడు భుజి-యించుచు మిక్కిలి తక్కుజాతులన్‌\nహీనముగాగఁ జూతునని-యెవ్వరు సెప్పిరి నీకు వంచకా!\nమానవు లందఱున్‌ సరిస-మానులు గారొకొనాకు? మాయురే!\nమానక నీవ యిట్టి యవ-మానముఁ జేతువె ధూర్తమానవా!	vutpalamaala	vruttamu	త్రిపురనేని రామస్వామి	social	Dhoortamaanavaa
p506	త్వరపడకుండ సంజపడు-దాఁకను తప్పుపనుల్‌ పొనర్చి పై\nబొరుగున నున్న తోఁటలను-బూవులు మ్రుచ్చిలి కోసి తెచ్చి నా\nశిరమునఁ బోసినంతటనె-చేసిన పాపము లొక్కసారిగా\nమఱచెడునట్టి వెంగలినె-మానక యిట్టివి ధూర్తమానవా!	champakamaala	vruttamu	త్రిపురనేని రామస్వామి	social	Dhoortamaanavaa
p507	పసులను, జెట్టుచేమలను,-బక్షితతిన్‌, గ్రిమికీటకాదులన్‌\nబుసుకున దాకినంతఁ దల-పోయవు స్నానముమాట; కాని మా\nనిసి నినుఁ దాకినంతఁ దల-నిండుగ స్నానము ధర్మమార్గమే!\nముసిముసినవ్వు నవ్వెదవు-మోరెగబట్టుక ధూర్తమానవా!	champakamaala	vruttamu	త్రిపురనేని రామస్వామి	social	Dhoortamaanavaa
p508	బొచ్చు నొసంగి యెట్లు పరి-పూర్ణమనోరథసిద్ధిఁ బొందగా\nవచ్చును? బిచ్చివాఁడనని-భావమునం దలపోయుచుంటివా?\nపుచ్చును నీదు పాపములు-పోరచి మానుము యిట్టి వానినిన్‌;\nబొచ్చెము లిట్లుచెప్పి ప్రజ-మోసము చేయకు ధూర్తమానవా!	vutpalamaala	vruttamu	త్రిపురనేని రామస్వామి	social	Dhoortamaanavaa
p509	ఒక దేవాలయమందు స్త్రీలకు రహ-స్యోత్సాహివై బోధముల్‌\nనికరాదాయముతోడ జోడుచెవులున్‌-నిండించుచున్నావఁటే!\nఅకటా కొంపల నెన్ని దీసితివొ య-త్యాచారముల్‌ సల్పి, నీ\nమొకమున్‌ రాసెద మానకున్న యెడలన్‌-ముమ్మాటికిన్‌ ధూర్తమానవా!	mattebhamu	vruttamu	త్రిపురనేని రామస్వామి	social	Dhoortamaanavaa
p510	"బిడ్డలకోసరమ్ము విల-పించెడి యా జవరాండ్రతోడుతన్‌\nబిడ్డలు తప్పకుండఁ బ్రభ-వించెదరంచు సమాదరంబునన్‌\nగడ్డముపట్టి ""గర్భగుడి""-గర్భముఁ జేర్చుదువట్టెరేల నో\nవెడ్డరి! నాకు మంచి పని-వెట్టితి వింతకు ధూర్తమానవా!"	vutpalamaala	vruttamu	త్రిపురనేని రామస్వామి	social	Dhoortamaanavaa
p511	వాజను మానకున్న నప-వాదులు; తప్పవు శృంగభంగముల్‌;\nరోజులు నీకుఁ జాల విసి-రో! జులుమింతకు మానకున్నచోఁ\nబాజివియౌదు వీవు నగు-బాటు ఘటిల్లును; నింక మీఁద నీ\nపోజును జూచి మోసపడి-పోవుట గల్గదు ధూర్తమానవా!	vutpalamaala	vruttamu	త్రిపురనేని రామస్వామి	social	Dhoortamaanavaa
p512	తిరిపెము నెత్తియెత్తి యతి-దీనతఁ దిర్గుచు జోలి బట్టుచున్‌\nతిరుపతికొండ మీఁది కెగ-దేకుచు నచ్చట చెప్పుదెబ్బ లీ\nవొరువుగఁ దిన్న లేశము ప్ర-యోజన ముండదు ధర్మమార్గమున్‌\nబిఱిఁదికిఁ ద్రోసిపుచ్చి పర-పీడకుఁ బూనిన ధూర్తమానవా!	champakamaala	vruttamu	త్రిపురనేని రామస్వామి	social	Dhoortamaanavaa
p513	తిరుపతిఁ బుట్టి; రంగపురి-తెన్నుల వర్ధిలి; కాశిలోపలన్‌\nమరణము పొందినప్పటికి-మారదు కర్మఫలానుభూతి; నీ\nవెరిగియు దీని స్వార్థరతి-నెల్లవిధంబుల నెంతమందినో\nపురపుర నెల్లవేళలను-మోసముఁ జేతువే ధూర్తమానవా!	champakamaala	vruttamu	త్రిపురనేని రామస్వామి	social	Dhoortamaanavaa
p514	ఇతరులఁ బర్వుతో బ్రదుక-నిచ్చుట నెన్నఁడు నేర్చికొందు వా\nయతమగు నీ ప్రపంచసుఖ-మన్నది యొక్కటె నీ సుఖంబుగాఁ\nబ్రతిదినమున్‌ స్మరించు సమ-భావము నెన్నఁడు నేర్చికొందు వు\nన్నతిఁ గనుచుండి నీ ప్రజ ల-నారతమున్‌ నినుమెచ్చ మానవా!	champakamaala	vruttamu	త్రిపురనేని రామస్వామి	social	Dhoortamaanavaa
p515	చేసినవేమో చేసితివి-చెన్నటివై; యని నేను సైరణన్‌\nజేసితి; నింకముందయినఁ-జేసిన తప్పుల దిద్దుబాటుకై\nగాసిలియైన యత్నములు-గట్టిగఁ జేయక యూరకున్నచో\nవేసరఁబోక కట్టి కుడి-పించెదఁ దప్పదు ధూర్తమానవా!	vutpalamaala	vruttamu	త్రిపురనేని రామస్వామి	social	Dhoortamaanavaa
p516	నే వచ్చి నీకుఁ గలలో\nవావిరి చెప్పినది యెల్ల వ్రాయుటచేతన్‌\nనీవే ధన్యుఁడ వైతివి\nరావోయీ! త్రిపురనేని రామస్వామీ!	kandamu	jaathi	త్రిపురనేని రామస్వామి	social	Dhoortamaanavaa
p517	పైగా నాతనినే విమానముపయిన్‌-స్వర్గంబు గొంపోయి త\nద్భోగావాప్తిని గూర్చినాఁడ నని సు-ద్దుల్‌ చెప్పుచున్నాఁడవా?\nజాగీరిచ్చునె యే ప్రభుండయిన రా-జద్రోహికిన్‌ స్వర్గమా?\nనీ గాండ్రింపులు గట్టిపెట్ట నిఁకనే-నిన్‌ బూనవా? మానవా!	saardulamu	vruttamu	త్రిపురనేని రామస్వామి	social	Dhoortamaanavaa
p518	ఎడ్డెతనంబుఁ జూపెదవె!-యెంతని నే సహియింతు నిన్ను; నీ\nకడ్డము వచ్చినంతటనె-యాతఁడు ధర్మవిదూరుడౌనె? పెన్‌\nగడ్డము లేకయున్న నెటు-కాఁగలడయ్య ఋషీంద్రుఁ డెందు! నీ\nనడ్డి విఱుంగు నింకపయి-నన్‌ మతిదప్పిన ధూర్తమానవా!	vutpalamaala	vruttamu	త్రిపురనేని రామస్వామి	social	Dhoortamaanavaa
p519	ఆ యాచార్యుఁ డెవఁడో తెల్పవుగ య-త్యాచారముం జల్పుచున్‌\nకాయంబెల్లను రాజయక్ష్మయను రో-గంబందుటన్‌ గ్రుళ్ళి వే\nయాయాసంబునఁ దూలుచున్నతఁడు నా-యాచార్యులం దొక్కఁడా?\nనాయాజ్ఞా పరిపాలురం దొకఁడ! నన్‌-వంచింతువా? మానవా!	saardulamu	vruttamu	త్రిపురనేని రామస్వామి	social	Dhoortamaanavaa
p520	శ్రీపార్థసారథీ! నేఁ బాపాత్ముఁడ నీదుపాలఁ బడినాఁడ ననుం\nగాపాడుమనుచు నాంతర కోపాదు లడంచి వేడు గువ్వలచెన్నా!	kandamu	jaathi		niti	Guvvalachenna
p521	ఎంతటి విద్యల నేర్చిన సంతసముగ వస్తుతతులు సంపాదింపన్‌\nజింతించి చూడ నన్నియు గొంతుకఁ దడుపుకొను కొఱకె గువ్వలచెన్నా!	kandamu	jaathi		niti	Guvvalachenna
p522	సారాసారము లెఱుఁగని బేరజులకు బుద్ధిఁజెప్పఁ బెద్దలవశమా?\nనీరెంత పోసి పెంచినఁ గూరగునా నేలవేము?గువ్వలచెన్నా!	kandamu	jaathi		niti	Guvvalachenna
p523	పదుగురికి హితవు సంపత్ప్రదమును శాస్త్రోక్తమైన పద్ధతి నడువన్‌\nజెదరదు సిరి హరిభక్తియుఁ గుదురునుగద మదిని నెన్న గువ్వలచెన్నా!	kandamu	jaathi		niti	Guvvalachenna
p524	అంగీలు పచ్చడంబులు సంగతిఁగొనుశాలుజోడు సరిగంచులమేల్‌\nరంగగు దుప్పటు లన్నియు గొంగళి సరిపోల వన్న! గువ్వలచెన్నా!	kandamu	jaathi		niti	Guvvalachenna
p525	పురుషుండు తటస్థించిన తరుణమునం దరుణిగునముఁ దరుణిదనంతన్‌\nదొరికినఁ బురుషుని గుణమును గురుబుద్ధీ! తెలియవలయు గువ్వలచెన్నా!	kandamu	jaathi		niti	Guvvalachenna
p526	బుడ్డకు వెండ్రుకలున్నన్‌ గడ్డముకానట్ల కార్యకరణుల సభలన్‌\nదొడ్డుగఁ జూతురె? తలపై గుడ్డలు బుట్టంత లున్న? గువ్వలచెన్నా!	kandamu	jaathi		niti	Guvvalachenna
p527	కలుఁద్రావి నంజుడుం దిను ఖలుసుతుఁడు వకీలె యైన ఘనమర్యాదల్‌\nతెలియవు బ్రాహ్మణుఁడైనను కులపాంసనుఁ డనఁగఁదగును గువ్వలచెన్నా!	kandamu	jaathi		niti	Guvvalachenna
p528	వారిది వారిది ధనమొక కారణమున వచ్చిపడఁగఁ గన్నులుగన కె\nవ్వారినిఁ దిరస్కరించును గోరెఁడు ధర్మంబు లేక గువ్వలచెన్నా!	kandamu	jaathi		niti	Guvvalachenna
p529	సంపద గలిగిన మనుజుని కొంపకు బంధువులు కుప్పకుప్పలుగాఁగన్‌\nసొంపుగ వత్తురు పేదకుఁ గుంపటు లన నుంద్రువారె గువ్వలచెన్నా!	kandamu	jaathi		niti	Guvvalachenna
p530	నీచునకు ధనము గల్గిన వాచాలత గల్గి పరుషవాక్కు లఱచుచున్‌\nనీచ కృతి యగుచు మది సంకోచము లేకుండఁదిరుగు గువ్వలచెన్నా!	kandamu	jaathi		niti	Guvvalachenna
p531	ధర నాఁడుపడుచు సిరిచే నిరతంబును బొట్ట నించి నీల్గెడుమనుజుం\nడొరులెఱుఁగకుండ ఱాతో గురుతుగ నూఁతఁబడు టొప్పు గువ్వలచెన్నా!	kandamu	jaathi		niti	Guvvalachenna
p532	సవతితన మున్న చుట్టలు భువి నెఱసుగ నుండి సమయమున దూరంబై\nనవుచుందురు రావేడినఁ గువచనములు పల్కుచుంద్రు గువ్వలచెన్నా!	kandamu	jaathi		niti	Guvvalachenna
p533	అతి చనువిచ్చి మెలంగఁగ సుతసతులైన నిరసించి చులకనచేతుర్‌\nమతమెఱిఁగి చరింపందగుఁ గుతుకముతో మనుజుఁడెపుడు గువ్వలచెన్నా!	kandamu	jaathi		niti	Guvvalachenna
p534	చెన్న యనుపదము మునుగల చెన్నగుపుర మొకటి దీనిచెంతను వెలయున్‌\nసన్నుతులు వేల్పునుతులును గొన్నాతని కరుణచేత గువ్వలచెన్నా!	kandamu	jaathi		niti	Guvvalachenna
p535	కసకసలు కాయగూరల బుసబుసలగు ఱొంపనుండు బుడుతలయందున్‌\nరుసరుసలు కోపియందును గుసగుసలు రహస్యమందు గువ్వలచెన్నా!	kandamu	jaathi		niti	Guvvalachenna
p536	కలిమిగల లోభికన్నను విలసితమగు పేదమేలు వితరణియైనన్‌\nజెలమైన మేలుకాదా? కులనిధియంభోధికన్న గువ్వలచెన్నా!	kandamu	jaathi		niti	Guvvalachenna
p537	సజ్జనులు సేయునుపకృతి సజ్జను లెఱుఁగుదురుగాక సజ్జనదూష్యుల్‌\nమజ్జనమునైన నెఱుఁగరు గుజ్జగు నంబలినిగాక గువ్వలచెన్నా!	kandamu	jaathi		niti	Guvvalachenna
p538	ఎన్నఁగలజీవరాసుల యన్నిఁటిగర్భమునఁబుట్టి యటమనుజుండై\nతన్నెఱిఁగి బ్రతుకవలెరా కొన్నాళ్ళకు నెచటనున్న గువ్వలచెన్నా!	kandamu	jaathi		niti	Guvvalachenna
p539	ధనమే మైత్రినిఁదెచ్చును ధనమేవైరమునుదెచ్చు ధనమేసభలన్‌\nఘనతనుదెచ్చును నెంతటి గొనముల కుప్పలకునైన గువ్వలచెన్నా!	kandamu	jaathi		niti	Guvvalachenna
p540	అక్కఱకగు చుట్టములకుమ్రొక్కఁగవలెఁగానిచూచి మూల్గెడువారల్‌\nలెక్కిడుట కొఱకెయోర్వని కుక్కలు మేఁకమెడచళ్లు గువ్వలచెన్నా!	kandamu	jaathi		niti	Guvvalachenna
p541	నిజవారకాంతలైనన్‌ బొజుఁగులలారఁగమరందభుజులనధములన్‌\nగజిబిజిలేక గ్రహించుచు గుజగుజ బిట్ట కలరింత్రు గువ్వలచెన్నా!	kandamu	jaathi		niti	Guvvalachenna
p542	ఇల్లాలబ్బెనటంచును దల్లింగని తిట్టికొట్టి తరిమెడితనుభృ\nత్తల్లజునకు భువిఁ గీర్తియు గుల్లలుగద దివిసుఖములు గువ్వలచెన్నా!	kandamu	jaathi		niti	Guvvalachenna
p543	వేములఁ దినునలవాటును భామలగని వీడుటయును బరితోషమునన్‌\nబాములమైత్రియునేర్చినఁ గోమటితోమైత్రివలయు గువ్వలచెన్నా!	kandamu	jaathi		niti	Guvvalachenna
p544	ఇలఁగోమటి జెలికానిగఁ దలఁచుచు దద్ధితముగాఁగఁ దలనాల్కవలెన్‌\nమెలఁగుట నేర్చిన గడుసగు కులకర్ణిని గూడవలయు గువ్వలచెన్నా!	kandamu	jaathi		niti	Guvvalachenna
p545	తనహితవుఁ గోరుసతికల దనుకనె గృహనివసనంబు తగుఁ బురుషునకున్‌\nదనుకడుపు శక్తికొలదిగ గొనవలయుఁ బదార్థములను గువ్వలచెన్నా!	kandamu	jaathi		niti	Guvvalachenna
p546	పరువునకొకటగు బంధూ త్కరమున ధనవంతునధికుగా నధనికునిన్‌\nగరమల్పునిగాఁ జూతురు గురినెన్న ధనంబు తిరమె? గువ్వలచెన్నా!	kandamu	jaathi		niti	Guvvalachenna
p547	తొత్తునకే శివమెత్తఁగ నత్తఱి మ్రొక్కవలెననెడి నార్యోక్తివలెన్‌\nదొత్తుకొడుకైన రాజును క్రొత్తగ సేవింపవలయు గువ్వలచెన్నా!	kandamu	jaathi		niti	Guvvalachenna
p548	జాలివిడిన చెలికానిని మాలనిగా నెన్నవలయు మఱియును బనికిన్‌\nమాలినదై చెట్టెక్కెడి గోలాంగూలమనవలయు గువ్వలచెన్నా!	kandamu	jaathi		niti	Guvvalachenna
p549	ముట్టంచు మాసమునకొక కట్టడిచేయఁబడె దాని కట్టుఁదెలియకే\nర ట్టొనరింతురు గర్భపు గుట్టుం దెలియుటకుఁగాదె? గువ్వలచెన్నా!	kandamu	jaathi		niti	Guvvalachenna
p550	ఆలికిఁ జనువిచ్చినచోఁ దేలికకులమందుదైనఁ దేలికచేయున్‌\nలాలించిన కొలఁదిగ ననుకూలతఁ గొను నధికకులజ గువ్వలచెన్నా!	kandamu	jaathi		niti	Guvvalachenna
p551	ధనవద్గర్వులు కొందఱు ఘనమనుచుం బంక్తిభేద కలితమ్ముగ భో\nజనముం గావింతు రటులఁ గొను టఘమందురు బుధాళి గువ్వలచెన్నా!	kandamu	jaathi		niti	Guvvalachenna
p552	మేడయొకటి కలదనికడు వేడుకలంబడుచు విఱ్ఱవీగుచు నీచుం\nడాడకుఁ బరులెవ్వరు రాఁ గూడదనుచుఁ బల్కుచుండు గువ్వలచెన్నా!	kandamu	jaathi		niti	Guvvalachenna
p553	సిరిగలుగ సుఖము గలుగును సిరిసంపదలున్న సుఖము చింత్యము భువిలోఁ\nదరువు చిగిర్చినగోమగు గురుతఁగొనదె కాయలున్న? గువ్వలచెన్నా!	kandamu	jaathi		niti	Guvvalachenna
p554	వెలయాండ్రవలెను బనిపాటలువిడి సంగీతమును నటన మభినయమున్‌\nగులవిద్యలుగాఁ గైకొని కులసతులు చరింత్రు ముందు గువ్వలచెన్నా!	kandamu	jaathi		niti	Guvvalachenna
p555	ఎప్పటికైనను మృత్యువు తప్పదని యెఱింగియుండి తగినచికిత్సం\nదప్పింప నెఱుఁగకత్తఱి గుప్పున నేడ్చెదరదేల? గువ్వలచెన్నా!	kandamu	jaathi		niti	Guvvalachenna
p556	పరమార్థము నొక్కటెఱిఁగి నరుఁడు చరింపంగవలయు నలువురిలోఁ బా\nమరుఁడనఁగ దిరిగినను దన గురియొక్కటి విడువకుండ గువ్వలచెన్నా!	kandamu	jaathi		niti	Guvvalachenna
p557	గుడివడును నూయిపూడును వడినీళ్లకుఁ జెరువుదెగును వనమిలఖిలమౌ\nచెడనిది పద్యముసుమ్మీ కుడియెడమలుచూడకన్న గువ్వలచెన్నా!	kandamu	jaathi		niti	Guvvalachenna
p558	ఇప్పద్యము లన్నిఁటిలోఁ జెప్పిన నీతులను మదినిఁజేర్చి తెలిసినన్‌\nదప్పక పదుగురిలోఁగడు గొప్పగ నీతిపరుఁడగును గువ్వలచెన్నా!	kandamu	jaathi		niti	Guvvalachenna
p559	నా సామి నీవని నమ్మియున్నా నని | చిన్నెల వలపించి కొన్నినాళ్లు\nమన నేస్తములకు సమంబు లేదనిపింతు | వన్నెకాడా! యని కొన్నినాళ్లు\nమేను నీ సొమ్మని మెఱమెచ్చుకాడంచుఁ | గోరికల్ గల్పించి కొన్నినాళ్లు\nనీదాన నేనని నిశ్చయింపుమటంచు | నెన్నరాని విధానఁ గొన్నినాళ్లు	seesamu	upajaathi	నృసింహాచార్య	srngara	Kaantaalalaama
p560	మేలుదాన వటంచుఁ జాల నమ్మితిఁగాని | దోసకారి వటంచుఁ దోఁచదయ్యె\nదయదాన వంచుఁ జిత్తమున నెంచితిఁ గాని | నీ చుల్కఁదన మింత తోఁచదయ్యె\nనాదరింతు వటంచు ననుసరించితిఁ గాని | ద్రోహబుద్ధి వటంచుఁ దోఁచదయ్యె\nమమతదాన వటంచు మది నెంచితిని గాని | తొలుతనే నీ మట్టు తోఁచదయ్యె	seesamu	upajaathi	నృసింహాచార్య	srngara	Kaantaalalaama
p561	దయ మీఱఁగాను జెంతకుఁ జేరఁగాఁ దీసి | చెలిమి రంజిల్ల మచ్చికలు సేసి\nగమకించి యంతరంగము మెచ్చ మాటాడి | మక్కువఁ జేర రమ్మనుచుఁ బిలిచి\nవలసిన కోర్కు లవ్వారిగా మదిఁ గోరి | వచ్చిన యపుడెల్ల వద్ద జేరి\nసరిలేని రతుల నిచ్చలుఁ జాల నుబ్బించి | కపురంపుఁదాని బాగాలొసంగి	seesamu	upajaathi	నృసింహాచార్య	srngara	Kaantaalalaama
p562	మోము తప్పక నీవు ముదితరో చూచినఁ | జూపుతోఁబడి నన్నుఁ జూచిచూచి\nచూచిన హాయిచే నీ చకోరాక్షికి | బాళి కద్దని చాల బ్రమసి బ్రమసి\nబాళి కల్గెనటంచు బలిమిఁ జేసినయంత | మోసమౌనని చింత ముఁనిగి మునిఁగి\nచింతింపఁ బనియేమి యింతి నా సొమ్మని | యాసచే యోజనఁ జేసి చేసి	seesamu	upajaathi	నృసింహాచార్య	srngara	Kaantaalalaama
p563	వారి వీరి వితాన నూరక యుండక | చెలియ! నీ మోముఁ జూచినదె తప్పు\nమనకేల యని యెంచి మాటల నిల్వక | లేమ! నీ తోడఁ బల్కినదె తప్పు\nవరులయ ట్లందంద పరికించి మెలఁగక | ననబోఁడి! నిన్నుఁ జేరినదె తప్పు\nతగురీతిగా దవ్వుదవ్వుల మెలఁగక | లేమ! నిన్ రతుల నేలినదె తప్పు	seesamu	upajaathi	నృసింహాచార్య	srngara	Kaantaalalaama
p564	గబ్బిగుబ్బ లురంబుఁ గదియ నానింపుచు | హెచ్చి కౌగిటఁ గదియించు వింత\nతనువు జల్లుమనంగఁ దమక ముప్పొంగఁగాఁ | జెక్కిలి కొనగోట నొక్కు వింత\nకసిదీర మొనపంట గంటి సేయుచు మోవి | నిండార నాని యానించు వింత\nతమి యగ్గలంబుగాఁ దలిరువిల్తునికేళి | యింపు మీఱఁగ దనియించు వింత	seesamu	upajaathi	నృసింహాచార్య	srngara	Kaantaalalaama
p565	అలుక సేతురు గాని యతివరో! నీవలెఁ | బలుమాఱు నలిగెడి పడఁతి గలదె?\nచలమొనర్తురు గాని జలజాక్షి నీవలెఁ | బగ వట్టి సాధించు మగువ గలదె?\nనేరమెంతురు గాని నెలఁతరో నీవలెఁ | బలుచనగాఁ జూచు చెలువ గలదె?\nపలుకకుందురు గాని భామరో! నీవలె | మిన్నక విడనాడు మెలఁత గలదె?	seesamu	upajaathi	నృసింహాచార్య	srngara	Kaantaalalaama
p566	నీదు చొక్కపుమాట నీదు చల్లనిపాట | నీ వింతసయ్యా ట నీదు తేట\nనీదు యొయారంబు నీదు గంభీరంబు | నీదు తిన్నఁదనంబు నీదు గుణము\nనీ యొయారపుఁజూపు నీ వింతతరితీపు | నీదు చక్కనిరూపు నీదు వైపు\nనీ నడకలబెళ్కు నీదు గుబ్బలతళ్కు | నీదు చిలుకపల్కు నీదు కుల్కు	seesamu	upajaathi	నృసింహాచార్య	srngara	Kaantaalalaama
p567	పలుమాఱు వట్టిమాటలను బ్రేలించేవు | తీరునా విరహాగ్ని దీనిచేత?\nమనసీయ కొకజాడ మాటగాఁ బలికేవు | మానునా మరుబాళి దానిచేత?\nనలయించి వింతచిన్నెలను దేలించేవు | హితమని తోచునా యిందుచేతఁ?\nగపటవృత్తికిఁ జొచ్చి కాంక్ష వెచ్చించేపు | హాయి చేకూరునా యందుచేత?	seesamu	upajaathi	నృసింహాచార్య	srngara	Kaantaalalaama
p568	కన్నాతలాగించి కౌఁగిట బిగియించి | మోము మోమునఁ జేర్చి ముద్దులిచ్చి\nతొడతొడయును గ్రుమ్మి యెడసూయకయె నెమ్మి | కులుకు గుబ్బలఁ గ్రుమ్మి గోటఁ జిమ్మి\nతోరమౌ కసిఁబూని తోఁపునూకులనాని | సరిమోపులాని వైఖరులఁబూని\nయెదురొత్తులొత్తి పన్నిదపుఁ బైసరమెత్తి | కంతుని మదహస్తికరణి హత్తి	seesamu	upajaathi	నృసింహాచార్య	srngara	Kaantaalalaama
p569	నా సామిగా నిన్నె నమ్మియున్నానని | చిన్నెలు పచరించి కొన్నినాళ్ళు\nనీదాన నేనని నిక్కమెంచు మటంచుఁ | గూర్చి ప్రియంబునఁ గొన్నినాళ్ళు\nమన నేస్తమునకు సమంబులే దరసిన | వన్నెకాడ వటంచుఁ గొన్నినాళ్ళు\nమేను నీ సొమ్మని మెఱమెచ్చు లాడించి | కోరిక హెచ్చించి కొన్నినాళ్ళు	seesamu	upajaathi	నృసింహాచార్య	srngara	Kaantaalalaama
p570	మేలుదాన వటంచుఁ జాల నమ్మితిఁ గాని | దోసకారివటంచుఁ దోఁచదాయె\nనీ చెల్మి సతమని తోఁచి యుండితిఁ గాని | తొలుత నేనిట్లౌట దోఁచదాయె\nమమతదాన వటంచు మదిని నమ్మితిఁ గాని | యేఁచుదానవటంచుఁ దోఁచదాయె\nనాదరింతు వటంచు ననుసరించితిఁ గాని | ద్రోహబుద్ధి వటంచుఁ దోఁచదాయె	seesamu	upajaathi	నృసింహాచార్య	srngara	Kaantaalalaama
p571	ముద్దాడితే నిన్ను మోహమెల్లను దీరు | ముదిత! నీ మోమున మోము నిల్పి\nగదియఁ బట్టిన నాదు కలఁక యెల్లను తీరు | కలికి! నీ సిబ్బెపుగబ్బిచనులు\nకౌఁగిలించిన నాదు కాఁక యెల్లను దీరు | పూని నీ మేను నా మేను జేర్చి\nకూడి యేలినఁగదా కోర్కులెల్లను దీరు | నెనరున పైకొని నిన్నుఁ గలసి	seesamu	upajaathi	నృసింహాచార్య	srngara	Kaantaalalaama
p572	మనసు రంజిల్లఁగా నెనరుచే నొకసారి | మొగమెత్తి చూడవే ముద్దుగుమ్మ!\nవీనులవిందుగా వినియెద చల్లగా | మాఱుమాటాడవే మందగమన!\nకోపించుమదనుని తాపమారును గాని | మోవి నానెద నిమ్ము మోహనాంగి!\nకోరినకోర్కి చేకూరంగ నీవేళ | బిగికౌఁగిలీయవే చిగురుఁబోణి!	seesamu	upajaathi	నృసింహాచార్య	srngara	Kaantaalalaama
p573	ఎన్నెన్ని కోరిక లెన్నితినో యన్ని | తడయక నీవీ విధంబుఁ జేసి\nఎన్నెన్ని ముచ్చట లెన్నితినో యన్ని | వెలయించు మనసెల్ల విఱుగఁ జేసి\nఎన్నెన్ని సరసోక్తు లెన్నితినో యన్ని | పలుమాఱు విరిపాన్పు పాలు సేసి\nఎన్నెన్ని యోచన లెన్నితినో యన్ని | చేకూర కునికిఁ జీకాకు సేసి	seesamu	upajaathi	నృసింహాచార్య	srngara	Kaantaalalaama
p574	నిలచిన దిక్కున నిల్వనీయదు గుండె | జల్లని వేమాఱుఁ దల్లడిల్లు\nమాటలాడెదనన్న మాటాడనీయదు | తనువునఁ బ్రాణముల్ తత్తరించు\nనిదురపోయెదనన్న నిదుర కంటికి రాదు | మరుతాపమున మేను మఱుఁగుచుండు\nనన్నపానంబుల నాశించబోయినఁ | చెలియ! నా జిహ్వకు జేఁదు దోఁచు	seesamu	upajaathi	నృసింహాచార్య	srngara	Kaantaalalaama
p575	నీ చక్కఁదనమును నీదు నొయ్యారంబు | నీ మందగమనంబు నీదు సొంపు\nనీ తిన్నఁదనమును నీదు శాంతగుణంబు | నీ వితరణమును నీదు రచన\nనీ యౌవనంబును నీదు జాణతనంబు | నీ నెనరును నీటు నీదు వగలు\nనీ బెళ్కు నీ తళ్కు నీ చక్కఁదనమును | నీ పల్కుప్రియమును నీదు నయము	seesamu	upajaathi	నృసింహాచార్య	srngara	Kaantaalalaama
p576	మగువ! నిన్నే కాని మనసులో వేఱొక్క | తెరవఁ దలంప భూదేవి యాన\nయతివ! నిన్నే కాని యాసలో వేఱొక్క | వనితఁ గోరను నభోవాణి యాన\nసుదతి! నిన్నే కాని చూడను వేఱొక్క | పడఁతిని భారతీభర్త యాన\nపొలఁతి! నిన్నే కాని పూనిక వేఱొక్క | కలికి నెంచను రమాకాంతు నాన	seesamu	upajaathi	నృసింహాచార్య	srngara	Kaantaalalaama
p577	నీకుఁ దక్కితి నంచు నీవిట్టు లేఁచేవు | మది యింకఁ దాళదే మందయాన!\nనా యౌవనముఁ జూచి నవలఁబోవఁ డటంచు | మోడి వహించేవు ముద్దుగుమ్మ!\nచెప్పినమాటలు చేకొని నిను నంచుఁ | గపటంబు లెంచేవు కంబుకంఠి!\nరసికత్వ మెంచియు రవ్వఁ గావించేవు | పసివాఁడనా నేను పద్మగంధి!	seesamu	upajaathi	నృసింహాచార్య	srngara	Kaantaalalaama
p578	మదనాగ్నిఁ బడియున్న మనసీయవైతివి | కలికి నీ మది నెంత గట్టితనమె\nశరణంచు మొక్కినఁ గరుణించవైతివి | కోమలి! నీ కెంత గుంభితంబె\nజాలిగొన్నప్పుడు పాలించవైతివి | వనిత నీ కెంత కువాదమొక్కొ\nరతికేళికై వేఁడ రమ్మనవై తివి | రామ! నీ కెంత చట్రాయితనమె	seesamu	upajaathi	నృసింహాచార్య	srngara	Kaantaalalaama
p579	వగకాఁడ! యింతలో మిగులమాటల నెన్ని | తేకువల్ గురియించ నీకు దగునె?\nభ్రమకాఁడ! యింతలో బావినీళ్ళన్నియు | వెల్లువఁ బోవ నీ వెంచఁదగునె?\nచెలికాఁడ! నీవేలు చిత్తజు రాజ్యంబు | నొకరు నేలుదురంచు నుండఁదగునె?\nలయకాఁడ! దుర్గముల్ పరుల చేతికి నబ్బు- | నంచు నీ మదిలోన నెంచఁదగునె?	seesamu	upajaathi	నృసింహాచార్య	srngara	Kaantaalalaama
p580	పొంచి తల్లిని మఱపించి బాళ్వామొల | నూల్చిఱుగంటల నుడి నడంచి\nపసిఁడిగజ్జెలను జొప్పడెడు చప్పుడుకుంచి | కుందనపు మురిడిగొలుసును మురుఁ-\nగునఁ గట్టిగ బిగించి గూనలఁ చెయి ముంచి | చిన్ని బొజ్జపయి పాల్చినుకఁ గనక-\nహస్తపల్లవమున హస్తపల్లవము నొం- | డొండ నుంచి భుజంబు లుబ్బఁ బెంచి	seesamu	upajaathi	వైదర్సు అప్పయకవి	bhakti	Karivelpu
p581	తళుకుబంగరు పారదంపుమువ్వాయెనో? | గాటంపు ఱోల్మొలఁ గట్టుకొనుట!\nదినము మ్రుచ్చుతనానఁ దిను వెన్న యఱుఁగనో? | చొచ్చి కార్చిచ్చును జుఱ్ఱికొనుట!\nపూతన చనుపాలఁ బొడము చేఁదడఁగనో? | వ్రేతవాతెర మేల్నవాతు గొనుట!\nబడిబడి నేతెంచు పగఱకు వెఱచియో? | పసికాఁపుపూఁబోండ్ల ప్రాపుఁ గొనుట!	seesamu	upajaathi	వైదర్సు అప్పయకవి	bhakti	Karivelpu
p582	సొగసుగా నునుకురు లెగదువ్వి కట్టిన | తళుకుబంగరుజోరెత్రాఁడు సెలఁగ,\nనెలనెలఁ గల చెన్నునెన్ను నెన్నుదుటిపై | జిలుఁగుకస్తురిరేఖ చెలువు మీఱ,\nనొడికమై చెవుల నొప్పెడి గొప్పసుప్పాణి | చౌకట్ల తెలిడాలు చౌకళింప,\nగుదిఁగూర్చి యెదఁ జేర్చుకొనిన గుప్పెడుతళ్కు | బంగరుగొలుసులు రంగులీన,	seesamu	upajaathi	వైదర్సు అప్పయకవి	bhakti	Karivelpu
p583	నీ నగుమోము నీ నిద్దంపుఁజెక్కులు | నీ నిగారంపు పెన్నెరులు నీ రు-\nవారంపుకౌను నీ వాటంపుచూపు నీ | చిగురాకుమోవి నీ సొగసులౌ క-\nనుబొమలు నీ చిన్నినూనూఁగుమీసపు | రేఖలు నీ ముప్పిరిగొనిన పెను-\nదొడలు నీ తలిరాకుటడుగులు నీ చొకా- | టపుసోఁగముక్కు నీ డంబయిన గ-	seesamu	upajaathi	వైదర్సు అప్పయకవి	bhakti	Karivelpu
p584	సిరిపొత్తునకు నిన్నుఁ జేరనీయదొ కదా | వ్రేపల్లెఁ బెఱుఁగుట వినియెనేని,\nకలిమితొయ్యలి నెమ్మొగంబుఁ ద్రిప్పునొ కదా | చిల్లరకథలెల్లఁ జెవులఁబడిన,\nననవిలుతల్లి పక్కున నవ్వునే గదా | వావిమాలిన యత్తవార్త వినిన,\nరేరేనితోఁబుట్టు గ్రేణి సేయునె కదా | సత్య పెన్‍జడవేటు జాడఁ గన్న-	seesamu	upajaathi	వైదర్సు అప్పయకవి	bhakti	Karivelpu
p585	కర్ణాటకపు సిగ గనుపట్టు నునుపట్టు | పొంది క్రొందళ్కులందందుఁ బర్వ\nసొగసు రా రాజాతి మగరాకళాసిగీ | గెల్లాపటాతేట గ్రేళ్లు దాఁట\nతోరమౌ ముత్యాలఁ దులకింపు కెంపుల | చెంపఖల్లీరుచుల్ చెంగలింప\nనపరంజిప్రతిమ నిద్దపు మనీలాపని | బాజుబందుల ఠీవి పరిఢవిల్ల	seesamu	upajaathi	వైదర్సు అప్పయకవి	bhakti	Karivelpu
p586	తొడరు రేజోతి చేఁతులకాఁక వడఁదాఁక | కలువపూటరిగెలఁ గ్రమ్మిక్రమ్మి,\nపయిఁగ్రమ్ము పువుదుమ్ముఁ బాయననంటి లేఁ- | దలిరుపేటురుమాళ్లఁ దరిమితరిమి,\nశుకపికాదుల పల్కులకు నుల్కుఁగొన కమ్మ- | వీనుల నంగుళు లానియాని,\nచలిగాలి యుడుకుసోఁకుల ఢాకకై సారె | దట్టంపుటీరాలఁ దార్చితార్చి,	seesamu	upajaathi	వైదర్సు అప్పయకవి	bhakti	Karivelpu
p587	కళుకులూఱఁగఁ జాలు కమ్మపౌజుల డాలు | వాలుచూపులకు నివాళులీయ,\nపుక్కిటి నెత్తావిఁ బొల్చు వీడెపుఁ గావి | మోవికెంపునకుఁ జేమోడ్పులిడఁగ,\nజిగికడానిమెఱుంగు చీరకుచ్చు చెఱంగు | తొడబెడంగులకుఁ బావడలు వీవ,\nపదములఁ దళ్కొత్తు పదనులత్తుక జొత్తు | మీఁగాళ్లరుచికిఁ గైలాగొసంగ,	seesamu	upajaathi	వైదర్సు అప్పయకవి	bhakti	Karivelpu
p588	మూఁపునఁ గేలూది మురియుచుఁ గూర్చున్న | తరిగుబ్బ గోరొత్తఁ దగ్గుజగ్గు\nబలిమిఁ బైపడి మోవి బలునాటఁ గిలకిల | నగుచు నావలిమొగంబగు హొరంగు\nమగలాగు సల్ప నెమ్మొగము తప్పక చూడ | వాలుగన్నులు దేలవైచు బాగు\nకలియకు మలసి చక్కనిసామి నన్నిఁక | గాసిచేయకుమను కనికరంబుఁ	seesamu	upajaathi	వైదర్సు అప్పయకవి	bhakti	Karivelpu
p589	మాటికిఁ జెలియిచ్చు మడుపులఁ గైకుంద- | నంపుగాజుల నిగ్గు సొంపునింపఁ\nజెలికత్తె కైదండఁ జెలఁగు దాఁపలి కేలి | రతనంపుటుంగరా ల్రంగులీన\nహొయలౌ ననుచు నెచ్చెలి “యెలా బలే”యన | ముఱిపంపుటెలనవ్వు మొలకలెత్త\nసఖులకు సెలవీయ జడబెడం గడరంగ | పెడమర్లు హొయలు పింపిళ్లుగూయ	seesamu	upajaathi	వైదర్సు అప్పయకవి	bhakti	Karivelpu
p590	మేఘంబుఁ గదిసి క్రొమ్మెఱుఁగు తళుక్కను | లీల నీలపుకిటికీల మ్రోల\nనిలిచి నెచ్చెలులకు సెలవొసంగెడువేళ | నోరగా దిండుపై నొత్తిగిల్లి\nచెలినోర్తు మదిఁ గూర్చి చెక్కిటఁ జే చేర్చి | చింతింపుచుఁ బరాకుసేయు నిన్ను\nగని, మును తన్నంతటనె చూచిరావె నా | ప్రాణేశ్వరీ! యంచుఁ బారఁజాపు	seesamu	upajaathi	వైదర్సు అప్పయకవి	bhakti	Karivelpu
p591	ఒకవేళ దోర్మూల చకచక ల్విలసిల్ల | విరులవీవనఁ బూని విసరి విసరి,\nయొకవేళ సందిటి పికిలిచెం డ్లల్లాడ | నలరునూనియఁ దల నంటి యంటి,\nయొకవేళఁ గొనగోళ్ల చికిలిడా ల్తిలకింప | దులకింపఁ బెన్నెరుల్ దువ్వి దువ్వి,\nయొకవేళఁ గరతలద్యుతులు పేరెమువాఱ | నిచ్చగా మడుపు లందిచ్చి యిచ్చి,	seesamu	upajaathi	వైదర్సు అప్పయకవి	bhakti	Karivelpu
p592	నెఱిలేక యొకవేళ నీటుగా నిలుచున్న | మడుఁగుగడంగు నున్దొడ బెడంగు\nసొమ్ములే కొకవేళ నెమ్మెమై నిలుచున్న | మిసిమిఁ జెలంగు నెమ్మెయి వెలుంగు\nఱవికలే కొకవేళ హవుసుగా నిలుచున్న | పయ్యెదఁ బొంగు గుబ్బల మెఱుంగు\nముడికొల్ప కొకవేళఁ దడియార్ప నిలుచున్న | పిఱుఁద నెసంగు పెన్నెఱుల రంగు	seesamu	upajaathi	వైదర్సు అప్పయకవి	bhakti	Karivelpu
p593	కులుకు సిబ్బెపు గబ్బిగుబ్బ లుబ్బడగ మైఁ | జేర్చి కూకీరవాల్ సెప్పి సెప్పి,\nకుందనపుం జాయ గొనబూను తొడ లవి | నొవ్వఁ గేలను బట్టి నులిమి నులిమి,\nకొదకెడు తఱిఁ గాంచి పెదవిచక్కెరముక్క | మచ్చికలొప్ప నందిచ్చి యిచ్చి,\nగడియసేపుకుఁ గాఁచి కదియరాఁ దలయూఁచి | చూపు జంకెనవాడిఁ జూపి చూపి,	seesamu	upajaathi	వైదర్సు అప్పయకవి	bhakti	Karivelpu
p594	కలికి నెమ్మెయి సాముకంబంబుఁ బెనఁగించి, | మోవిమార్పుల వెన్క మొగ్గు నిల్పి,\nకలయికఁ దారుమారుల డింకిఁ దొలఁగించి, | మిసిమి నున్దొడలఁ గొక్కెస ఘటించి,\nకొనగోటఁ జిక్కటా ర్మొనవైరిఁ గావించి, | పొలయల్క మార్మోము తొలఁగఁ దెలిపి,\nరాణించు కీల్జడ రాణావిసరుఁ జూపి, | చక్కిలిగింత హెచ్చరికఁ దెలిపి,	seesamu	upajaathi	వైదర్సు అప్పయకవి	bhakti	Karivelpu
p595	ప్రక్కమో మటుచేసి పవళింపఁ దొడనాని, | యిటుమొగం బగుమని యెచ్చరించి,\nతనమొగంబుగఁ జేసికొని గ్రుచ్చి కౌగిటఁ | గదియించి పలుకెంపుఁ బెదవి నుంచి,\nయుద్దిలో మీఁదగు గద్దరిపికిలి కై- | వడి డింకికొను పారువంబు కరణిఁ,\nబైఁ దొర్లి పేరెదఁ బవళించి ఱొమ్ముల | పొగరడంగఁగఁ గసిపోక లేచి,	seesamu	upajaathi	వైదర్సు అప్పయకవి	bhakti	Karivelpu
p596	కబరీభరము వీడి కడుహొయల్నెఱపుచు | డామూఁపుపై చొకాటంబు నింపఁ,\nబొరిపొరిఁ బుచ్చు నూర్పులసారె చనుదోయి | నిక్కి పయ్యెదపైనఁ బిక్కటిల్ల,\nసొంపున నరసొక్కు చూపులచే నిక్కు | బెళుకు కన్గ్రేవల బిత్తరింప,\nనొఱఁగి నీ భుజపీఠి నూనిన చెమటఁ గ్రొం- | దళ్కెక్కు చెక్కుటద్దంబు గులుకఁ,	seesamu	upajaathi	వైదర్సు అప్పయకవి	bhakti	Karivelpu
p597	పలునొక్కులకు నోసరిలు చెక్కునను జెక్కు | నధరంబుఁ గదియంగ నద్దుముద్దు,\nదుడుకుసేతకు సారె సడికొట్టు కైవడిఁ | బెనుచు వాతెర, పయిఁ బెట్టు మట్టు,\nనీటుగా వగఁబూను నెపమునఁ దివిరి దాఁ | జూచుచు ఠీవిని జూపుకోపు,\nకులుకుగుబ్బల డాఁచికొను హొరంగున నీవి- | పైఁ బరాకొక్కింత బఱపునొఱపు,	seesamu	upajaathi	వైదర్సు అప్పయకవి	bhakti	Karivelpu
p598	ఆణిముత్తెపునత్తు హవుసుగా సవరించి, | రతనాలబేసరి జతను పఱచి,\nబసుమాబుటేదారు బలుఫేషు వాజుపై | చెంపఖల్లీ రుచుల్ చిందుఁ ద్రొక్క\nసొగసైన బిందీలు తగు చేరుచుక్కతో | నుదుటిపై నాడుచుఁ బొదలుచుండ\nసెసిపువ్వు రాఁకడి యసియాడ జడ చాల | పిఱుఁదుపై హొయలునఁ బెనఁగొనంగ	seesamu	upajaathi	వైదర్సు అప్పయకవి	bhakti	Karivelpu
p599	మగరాల బిందీలు సొగసుగా రాణించు | నల చేరుచుక్కతో నందగింప\nతళుకుగుబ్బలమీఁద ధగధగమనియెడి | చంద్రహారంబులు చౌకళింప\nబాజుబందుల ఠీవి పైఠాణిరవికతో | బిగిగబ్బిపాలిండ్లు పిక్కటిల్ల\nకరపల్లవంబునఁ గళుకు లూఱఁగఁజాలు | రతనాలపోచీలు రవళి నింప	seesamu	upajaathi	వైదర్సు అప్పయకవి	bhakti	Karivelpu
p600	జిలుగులాహిరిదారు బలుకినేరా జరీ | వజమీఱు బలుఫేషు వాజుఁ దొడిగి,\nరాణించు వేణిపై రతనాలరాఁకడి | తళుకులు ముసుఁగునఁ గళుకులూర,\nహురుమంజిముత్యముల్ హొయలుగాఁ గూర్చిన | చంద్రహారంబులు చౌకళింప,\nజాతిడాల్గల బులాకీ తేఁటకెంపుల | మిన్నాకళాసిగీ వన్నె మీఱ,	seesamu	upajaathi	వైదర్సు అప్పయకవి	bhakti	Karivelpu
p601	శ్రీ రుక్మిణీశ కేశవ\nనారద సంగీతలోల నగధర శౌరీ\nద్వారకనిలయ జనార్దన\nకారుణ్యముతోడ మమ్ముఁ గావుము కృష్ణా.	kandamu	jaathi	నృసింహ కవి	bhakti	Krishna
p602	నీవే తల్లివి తండ్రివి\nనీవే నా తోడు నీడ నీవే సఖుడౌ\nనీవే గురుడవు దైవము\nనీవే నా పతియు గతియు నిజముగఁ గృష్ణా.	kandamu	jaathi	నృసింహ కవి	bhakti	Krishna
p603	నారాయణ పరమేశ్వర\nధారాధర నీలదేహ దానవవైరీ\nక్షీరాబ్ధిశయన యదుకుల\nవీరా ననుగావు కరుణ వెలయగఁ గృష్ణా.	kandamu	jaathi	నృసింహ కవి	bhakti	Krishna
p604	అల్ల జగన్నాథుకు వ్రే\nపల్లియ క్రీడార్థ మయ్యెఁ పరమాత్మునకున్‌\nగొల్లసతి యా యశోదయుఁ\nదల్లియునై చన్నుగుడిపెఁ దనరఁగఁ కృష్ణా.	kandamu	jaathi	నృసింహ కవి	bhakti	Krishna
p605	అందెలు గజ్జెలు మ్రోయఁగఁ\nజిందులు ద్రొక్కుచును వేడ్క చెలువారంగా\nనందుని సతి యాగోపిక\nముందఱ నాడుదువు మిగుల మురియుచుఁ గృష్ణా.	kandamu	jaathi	నృసింహ కవి	bhakti	Krishna
p606	హరిచందనంబు మేనునఁ\nగరమొప్పెడు హస్తములను గంకణ రవముల్‌\nఉరమున రత్నము మెఱయఁగఁ\nబరఁగితివౌ నీవు బాల ప్రాయము కృష్ణా.	kandamu	jaathi	నృసింహ కవి	bhakti	Krishna
p607	మడుగుకుఁ జని కాళీయుని\nపడగలపై భరతశాస్త్ర పద్ధతి వెలయన్‌\nగడువేడుకతో నాడెడు\nనడుగులు నా మదిని దలఁతు నచ్యుత కృష్ణా.	kandamu	jaathi	నృసింహ కవి	bhakti	Krishna
p608	బృందావనమున బ్రహ్మా\nనందార్భకమూర్తి వేణు నాదము నీ వా\nమందార మూలమున గో\nవిందా పూరింతువౌర వేడుకఁ గృష్ణా.	kandamu	jaathi	నృసింహ కవి	bhakti	Krishna
p609	వారిజ నేత్రలు యమునా\nవారిని జలకంబులాడ వచ్చిన నీ వా\nచీరలు మ్రుచ్చిలి యిచ్చితి\nనేరుపురా యదియు నీకు నీతియె కృష్ణా.	kandamu	jaathi	నృసింహ కవి	bhakti	Krishna
p610	దేవేంద్రుఁ డలుకతోడను\nవావిరిగా ఱాళ్ళవాన వడిఁ గురియింపన్‌\nగోవర్ధనగిరి యెత్తితి\nగోవుల గోపకులఁ గాచు కొఱకై కృష్ణా.	kandamu	jaathi	నృసింహ కవి	bhakti	Krishna
p611	పదియాఱువేల నూర్వురు\nసుదతులు నెనమండ్రు నీకు సొంపుగ భార్యల్‌\nవిదితంబుగ బహురూపుల\nవదలక రమియింతువౌర వసుధను గృష్ణా.	kandamu	jaathi	నృసింహ కవి	bhakti	Krishna
p612	అంగన పనుపున దోవతి\nకొంగున నటుకులను ముడుచుకొని వచ్చిన యా\nసంగతి విని దయనొసఁగితి\nరంగుగ సంపదలు లోక రక్షక కృష్ణా.	kandamu	jaathi	నృసింహ కవి	bhakti	Krishna
p613	హా వసుదేవకుమారక\nకావుము నా మాన మనుచు కామిని వేఁడన్‌\nఆ వనజాక్షికి నిచ్చితి\nశ్రీవర యక్షయ మటంచు జీరలు కృష్ణా.	kandamu	jaathi	నృసింహ కవి	bhakti	Krishna
p614	జయమును విజయున కియ్యవె\nహయముల ములుకోల మోపి యదలించి మహా\nరయమున రొప్పవె తేరును\nభయమున రిపుసేన విఱిగి పాఱఁగఁ గృష్ణా.	kandamu	jaathi	నృసింహ కవి	bhakti	Krishna
p615	దివిజేంద్రసుతునిఁ జంపియు\nరవిసుతు రక్షించినావు రఘురాముఁడవై\nదివిజేంద్రసుతునిఁ గాచియు\nరవిసుతుఁ బరిమార్చితౌర రణమునఁ గృష్ణా.	kandamu	jaathi	నృసింహ కవి	bhakti	Krishna
p616	విశ్వోత్పత్తికి బ్రహ్మవు\nవిశ్వము రక్షింపఁ దలఁచి విష్ణుఁడ వనగా\nవిశ్వము జెఱుపను హరుఁడవు\nవిశ్వాత్మక నీవె యగుచు వెలయుదు కృష్ణా.	kandamu	jaathi	నృసింహ కవి	bhakti	Krishna
p617	అగణితవైభవ కేశవ\nనగధర వనమాలి యాది నారాయణ యో\nభగవంతుఁడ శ్రీమంతుఁడ\nజగదీశ్వర శరణు శరణు శరణము కృష్ణా.	kandamu	jaathi	నృసింహ కవి	bhakti	Krishna
p618	దశకంఠునిఁ బరిమార్చియు\nగుశలముతో సీతఁదెచ్చి కొనియు నయోధ్యన్‌\nవిశదముగఁ గీర్తి నేలిన\nదశరథరామావతార ధన్యుఁడ కృష్ణా.	kandamu	jaathi	నృసింహ కవి	bhakti	Krishna
p619	వనజాక్ష భక్తవత్సల\nఘనులగు త్రైమూర్తులందుఁ గరుణానిధివై\nకన నీ సద్గుణజాలము\nసనకాది మునీంద్రు లెన్నఁ జాలరు కృష్ణా.	kandamu	jaathi	నృసింహ కవి	bhakti	Krishna
p620	పంచేంద్రియమార్గంబులఁ\nగొంచెపు బుద్ధిని జరించి కొన్ని దినంబుల్‌\nఇంచుక సజ్జన సంగతి\nనెంచగ మిమ్మెఱిఁగినాఁడ నిప్పుడె కృష్ణా.	kandamu	jaathi	నృసింహ కవి	bhakti	Krishna
p621	కుంభీంద్రవరద కేశవ\nజంభాసురవైరి దివిజ సన్నుత చరితా\nఅంభోజనేత్ర జలనిధి\nగంభీరా నన్నుఁ గావు కరుణను గృష్ణా.	kandamu	jaathi	నృసింహ కవి	bhakti	Krishna
p622	దిక్కెవ్వరు ప్రహ్లాదుకు\nదిక్కెవ్వరు పాండుసుతుల దీనుల కెపుడున్‌\nదిక్కెవ్వ రయ్యహల్యకు\nదిక్కెవ్వరు నీవె నాకు దిక్కువు కృష్ణా.	kandamu	jaathi	నృసింహ కవి	bhakti	Krishna
p623	హరి నీవె దిక్కు నాకును\nసిరితో నేతెంచి మకరి శిక్షించి దయన్‌\nబరమేష్ఠి సురలు పొగడఁగ\nకరిఁ గాచిన రీతి నన్నుఁ గావుము కృష్ణా.	kandamu	jaathi	నృసింహ కవి	bhakti	Krishna
p624	పురుషోత్తమ లక్ష్మీపతి\nసరసిజగర్భాది మౌనిసన్నుతచరితా\nమురభంజన సురరంజన\nవరదుఁడ వగు నాకు భక్త వత్సల కృష్ణా.	kandamu	jaathi	నృసింహ కవి	bhakti	Krishna
p625	గజరాజవరద కేశవ\nత్రిజగత్కల్యాణమూర్తి దేవ మురారీ\nభుజగేంద్రశయన మాధవ\nవిజయాప్తుఁడ నన్నుఁగావు వేగమె కృష్ణా.	kandamu	jaathi	నృసింహ కవి	bhakti	Krishna
p626	గోపాల కృష్ణ మురహర\nపాపాలను బాఱఁదోలు ప్రభుఁడవు నీవే\nగోపాలమూర్తి దయతో\nనాపాలిటఁగలిగి ప్రోవు నమ్మితిఁ గృష్ణా.	kandamu	jaathi	నృసింహ కవి	bhakti	Krishna
p627	బలమెవ్వఁడు కరిఁ బ్రోవను\nబలమెవ్వఁడు పాండుసుతుల భార్యను గావన్‌\nబలమెవ్వఁడు రవిసుతునకు\nబలమెవ్వఁడు నాకు నీవ బలమౌఁ గృష్ణా.	kandamu	jaathi	నృసింహ కవి	bhakti	Krishna
p628	ఏతండ్రి కనకకశ్యపు\nఘాతకుఁడై యతనిసుతుని గరుణను గాచెన్‌\nప్రీతి సురకోటి పొగడఁగ\nనా తండ్రీ నిన్ను నేను నమ్మితి గృష్ణా.	kandamu	jaathi	నృసింహ కవి	bhakti	Krishna
p629	ఏవిభుఁడు ఘోరరణమున\nరావణుఁ వధియించి లంకరాజుగ నిలిపెన్‌\nదీవించి యావిభీషణు\nనావిభు నేఁ దలఁతు మదిని నచ్యుత కృష్ణా.	kandamu	jaathi	నృసింహ కవి	bhakti	Krishna
p630	గంగ మొదలైన నదులను\nమంగళముగఁ జేయునట్టి మజ్జనములకున్‌\nసంగతి గలిగిన ఫలములు\nరంగుగ మిముఁదలఁచు సాటి రావుర కృష్ణా.	kandamu	jaathi	నృసింహ కవి	bhakti	Krishna
p631	ఆ దండకావనంబున\nకోదండముఁదాల్చినట్టి కోమలమూర్తీ\nనాదండ గావ రమ్మీ\nవేదండము కాచినట్టి వేల్పువు కృష్ణా.	kandamu	jaathi	నృసింహ కవి	bhakti	Krishna
p632	చూపుము నీరూపంబును\nబాపపు దుష్కృతము లెల్లఁ బంకజనాభా\nపాపుము నాకును దయతో\nశ్రీపతి నిను నమ్మినాఁడ సిద్ధము కృష్ణా.	kandamu	jaathi	నృసింహ కవి	bhakti	Krishna
p633	నీ నామము భవహరణము\nనీ నామము సర్వసౌఖ్య నివహకరంబున్‌\nనీ నామ మమృత పూర్ణము\nనీ నామము నేఁదలంతు నిత్యము కృష్ణా.	kandamu	jaathi	నృసింహ కవి	bhakti	Krishna
p634	కంటికి ఱెప్ప విధంబున\nబంటుగదా యనుచు నన్నుఁ బాయక యెపుడున్‌\nజంటయు నీ వుండుట నే\nకంటక మగు పాపములను గడచితిఁ గృష్ణా.	kandamu	jaathi	నృసింహ కవి	bhakti	Krishna
p635	యమునకు నిఁక నే వెఱువను\nకమలాక్ష జగన్నివాస కామితఫలదా\nవిమలమగు నీదు నామము\nనమఁరఁగఁ దలఁచెదను వేగ ననిశము కృష్ణా.	kandamu	jaathi	నృసింహ కవి	bhakti	Krishna
p636	దండమయా విశ్వంభర\nదండమయా పుండరీక దళనేత్ర హరీ\nదండమయా కరుణానిధి\nదండమయా నీకు నెపుడు దండము కృష్ణా.	kandamu	jaathi	నృసింహ కవి	bhakti	Krishna
p637	నారాయణ లక్ష్మీపతి\nనారాయణ వాసుదేవ నందకుమారా\nనారాయణ నిను నమ్మితి\nనారాయణ నన్నుఁ బ్రోవు నగధర కృష్ణా.	kandamu	jaathi	నృసింహ కవి	bhakti	Krishna
p638	శ్రీలక్ష్మీనారాయణ\nవాలాయము నిన్నుఁ దలఁతు వందితచరణా\nఏలుము నను నీ బంటుగఁ\nజాలఁగ నిను నమ్మినాను సరసుఁడ కృష్ణా.	kandamu	jaathi	నృసింహ కవి	bhakti	Krishna
p639	అనుదినము కృష్ణశతకము\nవినినఁ బఠించినను ముక్తి వేడుక గలుగున్‌\nధనధాన్యము గోగణములు\nతనయులు నభివృద్ధిఁ బొందు దద్దయుఁ గృష్ణా.	kandamu	jaathi	నృసింహ కవి	bhakti	Krishna
p640	కొక్కుఁ జొక్కువయాళి జక్కి నెక్కెడి వేల్పు | మినుసికయెకిమీని యనుఁగుఁబట్టి\nమేల్కడాని పసిండిమేని జేజేమిన్న | యిద్దఱుతల్లుల ముద్దుఁగొడుకు\nగుజ్జుదేవర వ్రేలుబొజ్జ మేటిమగండు | మొలకపూవుల పూజ నలరు వలఁతి,\nచిలువజన్నిదముల చెలువుండు సికను లేఁ- | దొగవిందుతునె పూను సొగసుకాఁడు	seesamu	upajaathi	కూచిమంచి తిమ్మకవి	bhakti	Kukkuteswara
p641	దండ ముద్దండదోర్దండకోదండవి- | ఖండిత చండవేదండ, నీకు!\nజోహారు హారామరాహారనీహార- | గోహర గోహీరదేహ, నీకు!\nనతి శతక్రతుముఖాదితిసుతాతతకృత- | స్తుతికృతామితహిత కుతుక, నీకు!\nజేజే పరాజితోగ్రాజివిరాజిత- | వ్యాజనిరీజసమాజ, నీకు!	seesamu	upajaathi	కూచిమంచి తిమ్మకవి	bhakti	Kukkuteswara
p642	పలుకుఁగ్రొన్ననఁబోఁడి కులుకు వీణియ మీట | వేయుఁగన్నులవేల్పు వేణువూదఁ\nగలుములతొగకంటి చెలఁగి గానము సేయ | నలువ కైతాళ మింపలర వ్రేయ\nమధుదైత్యమథనుండు మద్దెల వాయింప | సకలపారిషదు లెచ్చరికసేయ\nనందిభృంగీశు లందంద సందడి దీర్ప | మొనసి దేవతలెల్ల మ్రొక్కి కొలువ	seesamu	upajaathi	కూచిమంచి తిమ్మకవి	bhakti	Kukkuteswara
p643	పుఱియలు పునుకలు నెఱియఁ బేర్లుగ వైచి | కుత్తుక గరళంబు కుదురు కొలిపి\nకడఁగి పెన్బాముల తొడపులుగాఁ బెట్టి | పచ్చియేనుఁగుతోలు పైని గప్పి\nనెమ్మేన శవభస్మ మిమ్ముమీఱ నలంది | బికిరంబు చలికూడు ప్రేమఁ దినుచు\nభూతపిశాచముల్ ప్రీతిఁ గొల్వగఁ బ్రేత- | భూములయందు నబ్బురము మీఱ	seesamu	upajaathi	కూచిమంచి తిమ్మకవి	bhakti	Kukkuteswara
p644	విధవాకుచంబుల విధమున ససి చెడ్డ | పాడింట నిడిన దీపంబు కరణి,\nగాననాంతరమునఁ గాయు వెన్నెల రీతి | షండున కబ్బిన చాన పోల్కిఁ\nగ్రోఁతి చే నొదవిన కొబ్బరికాయ య- | ట్లంబుధిం బడిన తోయంబు మాడ్కి\nముసిడిఁ బండిన ఫలమ్ముల చందమున దుష్ట- | ఫణిశిరంబున వెల్గు మణి విధమున	seesamu	upajaathi	కూచిమంచి తిమ్మకవి	bhakti	Kukkuteswara
p645	వేదశాస్త్రపురాణవిద్య లక్కఱగావు | పరిహాసవిద్యలు పనికివచ్చు\nగద్యపద్యవిచిత్రకవితలు కొఱగావు | గొల్లసుద్దుల కతల్ పెల్లుమీఱు\nదేవతాభాషల తీరు లేమియుఁ గావు | పారసీకోక్తులు ప్రణుతి కెక్కు\nశైవవైష్ణవమతాచారంబు లొప్పవు | పాషండమతములు బాళి నలరు	seesamu	upajaathi	కూచిమంచి తిమ్మకవి	bhakti	Kukkuteswara
p646	సల్లగా మాలదాసర సటారయగారి | తిర్నామములు సాన తేప వింటి\nగొల్లమారన బోయ దెల్లఁగా సతికితే | బొల్లేవు పోట్లాటలెల్ల యింటి\nజయన యెంకటబొట్లు సబ్బండుసారాలు | పూరాండములు సెప్పఁ గోరి యింటి\nసరవయ్య బయలీదు జమిలికతోఁ బాడు | నంకమ్మపాట లెన్నైన యింటి	seesamu	upajaathi	కూచిమంచి తిమ్మకవి	bhakti	Kukkuteswara
p647	పాతపొత్తపుకట్ట సేత పట్టుకవచ్చి | దోసిబాపఁడనంట దోసిలొట్టి\nజలము సంద్రుఁడటంట సని సాలదనుకొంట | సెడుగు వాసారులు సెప్పుకుంట\nతిండికిఁ దెమ్మంట దేయిరింపుచు తూపె- | తూపెకు సేతులు సాపు గాని\nమఱఁదలెన్నఁడు పెదమనిసైనదంటేను | తప్పక మూత్రంబె సెప్పలేఁడు	seesamu	upajaathi	కూచిమంచి తిమ్మకవి	bhakti	Kukkuteswara
p648	కరణాలటంటను కైలకట్టల యిప్పి | పాతికలంటను పరిగలంట\nకాన్లంట గీన్లంట కలయి లేనియి కొన్ని | సెల్లులు బాకీలు సెప్పుకొంట\nబిరబిర గంటాలు గిరగిర దిప్పుతా | నాకులన్నియు నెడ గోఁకుకుంట\nయెగరాసి దిగరాసి సగమేసి యెగదొబ్బి | కొంపలు పడదోసి సంపుతారు	seesamu	upajaathi	కూచిమంచి తిమ్మకవి	bhakti	Kukkuteswara
p649	యెద్దుమందను గూర్చి యెగసాయమిడితేను | తుది నది యధికారి దోసుకొనియె\nదాపుదప్పులకంట దర్మకర్చులకంట | కాసువీసము లాగె కరణపయ్య\nసల్లమ్మి పవకమ్మి సిల్లర దాసితే | కోమటి నాబంటుకొడుకు దొబ్బె\nకళ్ళము కంకులు గాలిఁ బట్టగఁ బోతె | బట్టుబాపనవోళ్ళు బతగనీయ-	seesamu	upajaathi	కూచిమంచి తిమ్మకవి	bhakti	Kukkuteswara
p650	దేశాటనంబును దేవతోపాస్తియుఁ | బండితస్నేహంబు బహుపురాణ-\nశోధకత్వము పరిశుద్ధతయును మహా- | ప్రతిభయుఁ గల్పనాపాటవంబు\nఛందోముఖాశేషశాస్త్రవేదిత్వంబు | సంగీతసాహిత్యసౌష్ఠవంబు\nనిఖిలకలానైపుణియు నహంకారరా- | హిత్యంబు జనహితకృత్యములును	seesamu	upajaathi	కూచిమంచి తిమ్మకవి	bhakti	Kukkuteswara
p651	వలవని చెలువతో మెలగువాఁ డొకకూళ | వాసిడించి చరించువాఁడు కూళ\nసిరి గల్గి కుడువక చిక్కువాఁ డొకకూళ | వనిత కుంకువ చెప్పువాఁడు కూళ\nచెడి బంధునింటికిఁ జేరువాఁ డొకకూళ | వసుధేశుఁ జెడనాడువాఁడు కూళ\nధనికుతోఁ బగవెట్టుకొనెడువాఁ డొకకూళ | వడిలేని దొరఁ గొల్చువాఁడు కూళ	seesamu	upajaathi	కూచిమంచి తిమ్మకవి	bhakti	Kukkuteswara
p652	కొఱగాని పంచమకులునైన నడిగించుఁ | బరదేశములవెంటఁ దిరుగఁజేయుఁ\nగులములో వన్నె తక్కువయై మెలంగించు | మదిని హింసాంభోధిఁ గుదురుపఱచు\nసభ నాడుమాట హాస్యరసాస్పదము సేయు | తెలివి యొక్కపుడైనఁ గలుగనీదు\nతివిరి సాధులఁ బట్టి తెరవాట్లు కొట్టించు | గడలేని యిడుమలఁ గుడువఁజేయు	seesamu	upajaathi	కూచిమంచి తిమ్మకవి	bhakti	Kukkuteswara
p653	బంధుజాతములోన బహుమాన మెడలించు | సభలలో మాటాడఁ జనవులేదు\nపరమైన విజ్ఞానసరత సిద్ధించదు | కుమతులు గెగ్గెర్లఁ గొట్టుచుంద్రు\nపరభూమి కేఁగినఁ బాటింపరెవ్వరుఁ | బ్రతిభావిశేషంబు పట్టువడదు\nధారుణీపతు లొక్కదానమే నొసఁగరు | కులసతి యతనిఁ దక్కువగఁ జూచు	seesamu	upajaathi	కూచిమంచి తిమ్మకవి	bhakti	Kukkuteswara
p654	కడుపార ఘృతమాంసఖండముల్ కడు మెక్కి | పుక్కిటఁ దమలంబు తుక్కు ద్రొక్కి\nలావగు గడితంపుఠీవి గన్గొని నిక్కి | విడువక గేస్తుల మెడలు నొక్కి\nకూర్చు రొక్కము చందుగులఁ గ్రిక్కిఱియఁ గ్రుక్కి | కసరుచు జనులపై విసము గ్రక్కి\nకవిబుధవరుల ఢాకలకు మూలలఁ జిక్కి | కక్కుచుఁ బల్లకీ కుక్కులెక్కి	seesamu	upajaathi	కూచిమంచి తిమ్మకవి	bhakti	Kukkuteswara
p655	మొదవుల బదివేలు కదుపులు గూర్చిన | దూడ యొక్కటియైనఁ దోడరాదు\nమాత లసంఖ్యముల్ మాటుగా నించినఁ | బసిఁడి వీసమును వెంబడిని రాదు\nకోకలు మేట్లుగా గొట్ల నిండించిన | గుడ్డ యొక్కటియైనఁ గూడరాము\nగొలుసులు రాసులు బలుపాతరల నిడ్డ | గింజ యొక్కటియన గెలన రాదు	seesamu	upajaathi	కూచిమంచి తిమ్మకవి	bhakti	Kukkuteswara
p656	నిరతాన్నదానవైఖరిఁ జెలంగెడివారు | నెనరొప్ప దీనుల మనుచువారు\nగోవిప్రబాంధవగురుభక్తి గలవారు | శివు విష్ణుఁ బూజలు సేయువారు\nపరధన పరవధూపరతఁ జెందనివారు | పరహితాచరణులై పరఁగువారు\nసుజ్ఞానసహితులై సొబగు మీఱెడివారు | సత్యవచోరూఢి సలుపువారు	seesamu	upajaathi	కూచిమంచి తిమ్మకవి	bhakti	Kukkuteswara
p657	న్యాయపద్ధతి భూషణము ధరాధిపునకుఁ | బొలఁతికి మానంబు భూషణంబు\nశమదమంబులు భూషణములు నిశ్చలునకుఁ | బొసఁగ నింటికి సతి భూషణంబు\nనరుని కల్మికి భూషణము దానవైఖరి | భూసురునకు విద్య భూషణంబు\nనలినబంధుఁడు భూషణము నభోవీధికిఁ | బుడమికి సస్యంబు భూషణంబు	seesamu	upajaathi	కూచిమంచి తిమ్మకవి	bhakti	Kukkuteswara
p658	పురుషోత్తమము భద్రగిరి యహోబలము శ్రీ- | శైలంబు వేంకటాచలము కాంచి\nసింహాచలంబును శ్రీరంగమును ప్రయా- | గంబు కేదారంబు కాళహస్తి\nకుంభకోణంబు శ్రీకూర్మంబు కాశి సు- | బ్రహ్మణ్యమును చిదంబర మయోధ్య\nభీమేశ్వరంబును రామేశ్వరంబును | గోకర్ణమును హిమక్షోణిధరము	seesamu	upajaathi	కూచిమంచి తిమ్మకవి	bhakti	Kukkuteswara
p659	సిరికిఁ దోఁబుట్టువౌ జ్యేష్ఠామహాదేవి | దీనత నింటింటఁ దిరుగఁజాగె\nహరికిఁ గూరిమిపట్టి యగు మకరాంకుండు | మెయిలేక సోకుఁడై మెలఁగుచుండె\nమృడునకు గాదిలికొడుకైన వెనకయ్య | యిప్పటికిని బెండ్లి యెఱుఁగఁడయ్యె\nనలినాసనునకు మానసపుత్రుఁడైన ద- | క్షుం డుక్కు సెడి తలకొట్లఁ బడియె	seesamu	upajaathi	కూచిమంచి తిమ్మకవి	bhakti	Kukkuteswara
p660	ఘనగహనాంతరోద్గతతృణానీకంబు | ధేనువునందుఁ బాలైనయట్లు\nవితతదుర్వర్ణరూపితలోహపిండంబు | రసమునఁ బసిడియై యొసఁగినట్లు\nసాంద్రాభ్రవారివృషత్కదంబము శుక్తి- | యందు ముక్తామణియైనయట్లు\nభూరికుల్యాతకవారి రసాలమూ- | లమునఁ బానకమై చెలంగినట్లు	seesamu	upajaathi	కూచిమంచి తిమ్మకవి	bhakti	Kukkuteswara
p661	శ్రీభామినీ మనోహర\nసౌభాగ్యు దయాస్వభావు సారసనాభున్‌\nలో భావించెద నీకున్‌\nవైభవము లొసంగుచుండ వసుధ కుమారా!	kandamu	jaathi	ఫక్కి వేంకట నరసింహ కవి	niti	Kumaara
p662	సతతముఁ బ్రాతఃకాలో\nచిత విధులను జరుపు మరసి శీఘ్రముగ నహః\nపతి పూర్వపర్వతాగ్రా\nగతుఁడగుటకు మున్నె వెరపు గల్గి కుమారా!	kandamu	jaathi	ఫక్కి వేంకట నరసింహ కవి	niti	Kumaara
p663	పోషకుల మతముఁ గనుఁగొని\nభూషింపక కాని ముదముఁ బొందఁడు మఱియున్‌\nదోషముల నెంచుచుండును\nదోషివయిన మిగులఁ గీడు దోఁచుఁ గుమారా!	kandamu	jaathi	ఫక్కి వేంకట నరసింహ కవి	niti	Kumaara
p664	నరవరుఁడు నమ్మి తను నౌ\nకరిలో నుంచునెడ వాని కార్యములందున్‌\nసరిగా మెలంగ నేర్చిన\nపురుషుఁడు లోకమునఁగీర్తి బొందుఁ గుమారా!	kandamu	jaathi	ఫక్కి వేంకట నరసింహ కవి	niti	Kumaara
p665	పనులెన్ని కలిగి యున్నను\nదిన దినముల విద్యపెంపు ధీయుక్తుఁడవై\nవినఁగోరుము సత్కథలను\nకని విబుధులు సంతసించు గతినిఁ గుమారా!	kandamu	jaathi	ఫక్కి వేంకట నరసింహ కవి	niti	Kumaara
p666	ధరణీనాయకు రాణియు\nగురురాణియు నన్నరాణి కులకాంతను గ\nన్నరమణి దను గన్నదియును\nధర నేవురు తల్లులనుచుఁ దలఁపుఁ గుమారా!	kandamu	jaathi	ఫక్కి వేంకట నరసింహ కవి	niti	Kumaara
p667	సదమల మతితోఁ బెద్దల\nమది కింపుగ మెలఁగు, నింద మానుము పరులన్‌\nమృదు మార్గములను వదలకు\nవిదితంబుగ దానఁగీర్తి వెలయుఁ గుమారా!	kandamu	jaathi	ఫక్కి వేంకట నరసింహ కవి	niti	Kumaara
p668	ఆచార్యున కెదిరింపకు\nబ్రోచిన దొర నిందసేయఁ బోకుము కార్యా\nలోచనము లొంటిజేయకు\nమాచారము విడువఁబోకుమయ్య! కుమారా!	kandamu	jaathi	ఫక్కి వేంకట నరసింహ కవి	niti	Kumaara
p669	తనకును విద్యాభ్యాసం\nబును జేసిన వానికన్న బొలుపుఁగ బదిరె\nట్లను దూఁగుఁ దండ్రి, వానికి\nజననియుఁ బదిరెట్లు తూఁగు జగతి కుమారా!	kandamu	jaathi	ఫక్కి వేంకట నరసింహ కవి	niti	Kumaara
p670	తమ్ములు తమ యన్న యెడ భ\nయమ్మును భక్తియును గలిగి యారాధింపన్‌\nదమ్ముల నన్నయు సమ్మో\nదమ్మునఁ బ్రేమింపఁ గీర్తి దనరుఁ గుమారా!	kandamu	jaathi	ఫక్కి వేంకట నరసింహ కవి	niti	Kumaara
p671	లోకులు తనుఁ గొనియాడ వి\nవేకి యదియు నింద గాక విననొల్లఁడు సు\nశ్లోకుల చరితం బిట్టిది\nచేకొనవలె నట్టి నడత చిన్ని కుమారా!	kandamu	jaathi	ఫక్కి వేంకట నరసింహ కవి	niti	Kumaara
p672	పనిఁబూని జనులు సంతత\nమునఁ దాలిమి సత్యశౌచములను బ్రవర్తిం\nచిన యశము నొందుచుందురు\nగనుగొను మిదె దొడ్డనడక గాఁగ కుమారా!	kandamu	jaathi	ఫక్కి వేంకట నరసింహ కవి	niti	Kumaara
p673	ఒరు లెవ్వరేని దనతోఁ\nబరిభాషించినను మేలు పలుకవలయు సా\nదరము గల చోటఁ గీడు\nన్గరము నొనర్పంగరాదు గదర! కుమారా!	kandamu	jaathi	ఫక్కి వేంకట నరసింహ కవి	niti	Kumaara
p674	సిరి చేర్చు బంధువుల నా\nసిరియే శుభముల నొసంగు చెలువులఁ గూర్చున్‌\nసిరియే గుణవంతుండని\nధరలోఁబొగడించునంచుఁ దలఁపు కుమారా!	kandamu	jaathi	ఫక్కి వేంకట నరసింహ కవి	niti	Kumaara
p675	ఆకులతఁబడకు మాపద,\nనేకతమునఁ జనకు త్రోవ, నింతికిఁదగు నం\nతే కాని చన వొసంగకు,\nలోకులు నిన్నెన్న సుగుణ లోల! కుమారా!	kandamu	jaathi	ఫక్కి వేంకట నరసింహ కవి	niti	Kumaara
p676	మనుజుఁడు సభ్యుఁడు దానై\nగనియున్న యధార్థమెల్ల గానని యట్లా\nమనుజుండు పలుకకున్నను\nఘనమగు పాతకము నాఁడు గనును గుమారా!	kandamu	jaathi	ఫక్కి వేంకట నరసింహ కవి	niti	Kumaara
p677	అల దేవగృహము కడ పయి\nరుల గోవాటములయందుఁ ద్రోవలలో ర\nచ్చల కొట్టములను నొప్పదు\nమలమూత్ర విసర్జనంబు మహిని గుమారా!	kandamu	jaathi	ఫక్కి వేంకట నరసింహ కవి	niti	Kumaara
p678	తనుజులను గురుల వృద్ధుల\nజననీ జనకులను సాధు జనుల నెఁవడు దా\nఘనుఁడయ్యుఁ బ్రోవఁడో యా\nజనుఁడే జీవన్మృతుండు జగతిఁ గుమారా!	kandamu	jaathi	ఫక్కి వేంకట నరసింహ కవి	niti	Kumaara
p679	ధీరుఁడు తనదగు సంపద\nజారినయెడఁ జింత నొందఁజాలక తా ల\nక్ష్మీరమణుని వరచరణాం\nభోరుహములు గొలిచి ముక్తిఁ బొందుఁ గుమారా!	kandamu	jaathi	ఫక్కి వేంకట నరసింహ కవి	niti	Kumaara
p680	జగడంబు లాడుచోటను\nమగువలు వసియించుచోట మదగజము దరిన్‌\nబగతుండు తిరుగుచోటన్‌\nమగిడి చనఁగవలయుఁ జలము మాని గుమారా!	kandamu	jaathi	ఫక్కి వేంకట నరసింహ కవి	niti	Kumaara
p681	కాయమున నాటు శరము లు\nపాయంబునఁ దీయవచ్చు బహు నిష్ఠురతన్‌\nగూయ మది నాటుమాటలు\nపాయవుగా యెపుడు వెగడు పరచుఁ గుమారా!	kandamu	jaathi	ఫక్కి వేంకట నరసింహ కవి	niti	Kumaara
p682	ధరణీజాతము లే యే\nతరి నెట్లెట్లను ఫలించుఁ దగనటు పూర్వా\nచరణ ఫలంబు ననుభవముఁ\nగరమనుభవనీయ మగును గాదె? కుమారా!	kandamu	jaathi	ఫక్కి వేంకట నరసింహ కవి	niti	Kumaara
p683	సద్గోష్ఠి సిరియు నొసఁగును\nసద్గోష్ఠియె కీర్తిఁబెంచు సంతుష్ఠిని నా\nసద్గోష్ఠియె యొనఁగూర్చును\nసద్గోష్ఠియె పాపములను జంపుఁ గుమారా!	kandamu	jaathi	ఫక్కి వేంకట నరసింహ కవి	niti	Kumaara
p684	జారులతోఁ జోరులతోఁ\nగ్రూరులతో నెపుడు పొత్తుఁ గోరక మది స\nత్పూరుష పదాంబుజాతా\nధారుఁడవై బ్రతుకు, కీర్తి తనరఁ గుమారా!	kandamu	jaathi	ఫక్కి వేంకట నరసింహ కవి	niti	Kumaara
p685	జ్ఞానుల చరితము వీనుల\nనానుచు సత్పురుషగోష్ఠి ననఘం బనుచున్‌\nబూనుము, ధర్మపథంబును\nదానెఱిఁగిన యంత మఱవఁ దగదు కుమారా!	kandamu	jaathi	ఫక్కి వేంకట నరసింహ కవి	niti	Kumaara
p686	రోషావేశము జనులకు\nదోషము తలపోయ విపుల దుఃఖకరమునౌ,\nరోషము విడిచిన యెడ సం\nతోషింతురు బుధులు హితము దోఁపఁ గుమారా!	kandamu	jaathi	ఫక్కి వేంకట నరసింహ కవి	niti	Kumaara
p687	సభలోపల నవ్వినయెడ\nసభకులు నిరసింతు రెట్టి జనుని, న్నెఱి నీ\nకభయం బొసంగె నేనియుఁ\nబ్రభు కరుణము నమ్మి గర్వ పడకు కుమారా!	kandamu	jaathi	ఫక్కి వేంకట నరసింహ కవి	niti	Kumaara
p688	గుణవంతుని సంగతి ని\nర్గుణులకు గుణములు ఘటించు, గుసుమాది సమ\nర్పణమున వస్త్రాదిక మా\nక్షణమునఁ పరిమళము నొందు కరణిఁ గుమారా!	kandamu	jaathi	ఫక్కి వేంకట నరసింహ కవి	niti	Kumaara
p689	మును మనుజుఁడు జన్మాంతర\nమునఁజేసిన పుణ్యపాపములు పుడమిని వా\nనిని బొందక విడువవు, దే\nవుని నిందింపకుము కీడు వొడముఁ గుమారా!	kandamu	jaathi	ఫక్కి వేంకట నరసింహ కవి	niti	Kumaara
p690	మనుజుల తమసౌఖ్యము కొఱ\nకును సంరక్షణము నవనిఁ గోరుదు, రొగి నే\nజనపాలుఁడు సంరక్షిం\nపను దగియును బ్రోవఁ డతఁడె పాపి కుమారా!	kandamu	jaathi	ఫక్కి వేంకట నరసింహ కవి	niti	Kumaara
p691	మండలపతి దండార్హుల\nదండింపక యుండరాదు ధారుణి నతఁడా\nఖండల సమానుఁడైనను\nమెండగు పాపంబునొంది మెలఁగుఁ గుమారా!	kandamu	jaathi	ఫక్కి వేంకట నరసింహ కవి	niti	Kumaara
p692	కత్తిని చేతంబట్టుచు\nమొత్తఁదలఁచి వచ్చువాని ముఖ్యముగా మే\nల్హత్తించిన నదె ప్రాయ\nశ్చిత్త మతనిఁ జంపఁదగదు చిన్ని కుమారా!	kandamu	jaathi	ఫక్కి వేంకట నరసింహ కవి	niti	Kumaara
p693	చమురింకిపోయినను దీ\nపము శమియించిన విధంబు పౌరుషము విహీ\nనమె యగును, దైవ మనుకూ\nలము గాకుండినను భూతలమునఁ గుమారా!	kandamu	jaathi	ఫక్కి వేంకట నరసింహ కవి	niti	Kumaara
p694	ఎటువంటి వరకులంబునఁ\nబటుతరముగఁ బుట్టెనేని పరఁగఁగ మును గ\nన్నటువంటి కర్మఫలములఁ\nగటగట! భోగింపవలయుఁ గాదె? కుమారా!	kandamu	jaathi	ఫక్కి వేంకట నరసింహ కవి	niti	Kumaara
p695	ధనవంతుఁడె కులవంతుఁడు\nధనవంతుఁడె సుందరుండు, ధనవంతుండే\nఘనవంతుఁడు బలవంతుఁడు\nధనవంతుఁడె ధీరుఁడనుచుఁ దలఁపు కుమారా!	kandamu	jaathi	ఫక్కి వేంకట నరసింహ కవి	niti	Kumaara
p696	విను ప్రాణరక్షణమునన్‌\nధనమంతయు మునిగిఁపోవు తఱిఁ బరిణయమం\nదున గురుకార్యమున వధూ\nజన సంఘములందు బొంకఁ జనును గుమారా!	kandamu	jaathi	ఫక్కి వేంకట నరసింహ కవి	niti	Kumaara
p697	ధర నొక్క బుద్ధిహీనునిఁ\nదిరముగ రోటనిడి దంచెఁ దేనియుఁ బెలుచం\nదురు మగును గాని, యతనికి\nసరసత్వము గలుగదండ్రు సతము కుమారా!	kandamu	jaathi	ఫక్కి వేంకట నరసింహ కవి	niti	Kumaara
p698	ఋణ మధిక మొనర్చి సమ\nర్పణ జేసిన తండ్రి, విద్య రాని కొడుకు, ల\nక్షణశాలి రాణి దుశ్చా\nరిణి యగు జననియును దలప రిపులు కుమారా!	kandamu	jaathi	ఫక్కి వేంకట నరసింహ కవి	niti	Kumaara
p699	మర్మము పరులకుఁ దెలుపకుఁ\nదుర్మార్గున చెంత నెపుడు దూరకు, మిల దు\nష్కర్మములఁ జేయ నొల్లకు,\nనిర్మలమతి నుంట లెస్స నిజము కుమారా!	kandamu	jaathi	ఫక్కి వేంకట నరసింహ కవి	niti	Kumaara
p700	శ్రీ భూ నీళా హైమవ\nతీ భారతు లతుల శుభవతిగ నెన్నుచు స\nత్సౌభాగ్యము నీ కొసఁగఁగ\nలో భావించెదరు ధర్మలోల కుమారీ!	kandamu	jaathi	ఫక్కి వేంకట నరసింహ కవి	niti	Kumaari
p701	చెప్పెడి బుద్ధులలోపలఁ\nదప్పకు మొకటైన సర్వ ధర్మములందున్‌\nమెప్పొంది యిహపరంబులఁ\nదప్పింతయు లేక మెలగఁ దగును కుమారీ!	kandamu	jaathi	ఫక్కి వేంకట నరసింహ కవి	niti	Kumaari
p702	ఆటలఁ బాటలలో నే\nమాటయు రాకుండఁ దండ్రి మందిరమందున్‌\nబాటిల్లుఁ గాపురములో\nవాట మెఱిఁగి బాల! తిరుగ వలయుఁ గుమారీ!	kandamu	jaathi	ఫక్కి వేంకట నరసింహ కవి	niti	Kumaari
p703	పెనిమిటి వలదని చెప్పిన\nపని యెన్నఁడుఁ జేయరాదు బావల కెదుటన్‌\nకనఁబడఁగ రాదు కోపము\nమనమున నిడుకొనక యెపుడు మసలు కుమారీ!	kandamu	jaathi	ఫక్కి వేంకట నరసింహ కవి	niti	Kumaari
p704	తిట్టిన దిట్టక, కొట్టిన\nగొట్టక, కోపించెనేనిఁ గోపింపక, నీ\nపుట్టినయింటికిఁ, బాదము\nపెట్టినయింటికిని వన్నె పెట్టు కుమారీ!	kandamu	jaathi	ఫక్కి వేంకట నరసింహ కవి	niti	Kumaari
p705	దబ్బరలాడకు కదిమిన\nబొబ్బలు పెట్టకుము మంచి బుద్ధిగలిగి యెం\nదెబ్బెఱికముఁ బూనక కడుఁ\nగొబ్బునఁ జిత్తమున వానిఁ గూర్పు కుమారీ!	kandamu	jaathi	ఫక్కి వేంకట నరసింహ కవి	niti	Kumaari
p706	పతి భుజియించిన పాత్రను\nమెతు కొక్కటియైన భార్య మెసఁగుటకై తా\nహిత మూనకున్న నది యొక\nసతియే? కడుఁ బాపజాతి జగతి కుమారీ!	kandamu	jaathi	ఫక్కి వేంకట నరసింహ కవి	niti	Kumaari
p707	తన బావల పిల్లల యెడఁ\nదన మఱఁదుల పిల్లలందుఁ దనపిల్లల కం\nటెను మక్కువ యుండవలెన్‌\nవనితల కటులైన వన్నె వచ్చుఁ గుమారీ!	kandamu	jaathi	ఫక్కి వేంకట నరసింహ కవి	niti	Kumaari
p708	ధనహీనుఁడైనఁ గడు దు\nర్జనుఁడైనఁ గురూపియైన జారుండైనన్‌\nవిను పాపియైన నెప్పుడుఁ\nదనపతియే తనకు దైవతంబు కుమారీ!	kandamu	jaathi	ఫక్కి వేంకట నరసింహ కవి	niti	Kumaari
p709	ధనవంతు డైనఁ యప్పుడుఁ\nపెనిమిటి చిత్తం బెఱింగి పెండ్లాము మెలం\nగును లేమి మెలఁగ నేర్చిన\nవనితకు లోకమున వన్నె వచ్చుఁ గుమారీ!	kandamu	jaathi	ఫక్కి వేంకట నరసింహ కవి	niti	Kumaari
p710	తలిదండ్రు లన్నదమ్ములు\nతులఁ దూగఁగ నిమ్ము పసిడిఁ తోనైనను వా\nరలయింట సతత ముండుట\nవెలఁదికి మర్యాదగాదు వినవె కుమారీ!	kandamu	jaathi	ఫక్కి వేంకట నరసింహ కవి	niti	Kumaari
p711	పతి కత్తకు మామకు స\nమ్మతిగాని ప్రయోజనంబు మానఁగవలయున్‌\nహిత మాచరింపవలయును\nబ్రతుకున కొకవంక లేక పరఁగు గుమారీ!	kandamu	jaathi	ఫక్కి వేంకట నరసింహ కవి	niti	Kumaari
p712	పోకిళ్ళు పోక పొందిక\nనాకులలోఁ బిందెరీతి నడఁకువగా నెం\nతో కలిసిమెలసి యుండిన\nలోకములోపలను దా వెలుంగుఁ గుమారీ!	kandamu	jaathi	ఫక్కి వేంకట నరసింహ కవి	niti	Kumaari
p713	అత్తపయిన్‌ మఱఁదలిపయి\nనెత్తిన కోపమున బిడ్డ నేడ్పించుటకై\nమొత్తినఁ దనకే కీడగుఁ\nజిత్తములో దీనిఁ జింత సేయు కుమారీ!	kandamu	jaathi	ఫక్కి వేంకట నరసింహ కవి	niti	Kumaari
p714	మృతియైనను బ్రతుకైనం\nబతితోడనె సతికిఁ జెల్లుఁ బతిబాసిన యా\nబ్రతు కొక బ్రతుకా! జీవ\nన్మృతి గాక వధూటి కెన్న నిదియుఁ గుమారీ!	kandamu	jaathi	ఫక్కి వేంకట నరసింహ కవి	niti	Kumaari
p715	మగని ప్రియ మబ్బె ననుచును\nదెగ నీలిగి యింటివారి దిగఁద్రొక్కుచు దుం\nడగురాలై తిరిగిన సరి\nమగువలలో నిదియె తప్పు మాట కుమారీ!	kandamu	jaathi	ఫక్కి వేంకట నరసింహ కవి	niti	Kumaari
p716	జీవములు భర్తపద రా\nజీవములని చిత్తమందు జింతించిన ల\nక్ష్మీవల్లభు చరణంబుల\nసేవ లతాంగులకు నెమ్మిఁ జేయుఁ గుమారీ!	kandamu	jaathi	ఫక్కి వేంకట నరసింహ కవి	niti	Kumaari
p717	కడు బుద్ధిగలిగి మెలఁగినఁ\nబడఁతుక పుట్టింటివారు పదివేలవరా\nలిడుకంటెఁ గీర్తియగు ద\nమ్మిడి లేకుండినను నేర్చి మెలఁగు కుమారీ!	kandamu	jaathi	ఫక్కి వేంకట నరసింహ కవి	niti	Kumaari
p718	తనకెంత మేలు చేసిన\nమనమున కింపైన పనులుఁ మసలిన దాసీ\nవనితల కెన్నటికైనం\nజనవిచ్చి మెలంగరాదు జగతిఁ గుమారీ!	kandamu	jaathi	ఫక్కి వేంకట నరసింహ కవి	niti	Kumaari
p719	కులదేవతలకుఁ బెట్టిన\nపొలుపునఁ దనయింటయాఁడు బొట్టెల కెల్లం\nగలమాత్ర మొసఁగకుండినఁ\nగలఁత పొడము దాన మేలు గాదు కుమారీ!	kandamu	jaathi	ఫక్కి వేంకట నరసింహ కవి	niti	Kumaari
p720	వేకువజామున మేల్కని\nపైకి వెడలి వచ్చి ప్రాచి పనిఁ దీర్పవలెన్‌\nలేకున్నఁ దెల్లవాఱిన\nలోకులు నవ్వుదురు సభల లోనఁ గుమారీ!	kandamu	jaathi	ఫక్కి వేంకట నరసింహ కవి	niti	Kumaari
p721	తలవాకిట నెల్లప్పుడు\nనిలువఁగ రా దెప్పు డెంత నిద్దురయైనన్‌\nమెలఁకువ విడరాదు సుమీ\nతల నడుచుచు విప్పికొనుట తగదు కుమారీ!	kandamu	jaathi	ఫక్కి వేంకట నరసింహ కవి	niti	Kumaari
p722	వారికి వీరికిఁ గలిగెను\nగోరిన వస్తువులు మాకుఁ గొదవాయె నటం\nచూరక గుటకలు మ్రింగుట\nనేరముగాఁ దలఁపవలయు నెలఁత కుమారీ!	kandamu	jaathi	ఫక్కి వేంకట నరసింహ కవి	niti	Kumaari
p723	పొంతఁ బని సేయ కెన్నఁడు\nపంతంబులు పలుకఁబోకు ప్రాఙ్ముఖముగ నీ\nదంతంబులు దోమకు మే\nకాంతంబులు బయలుపఱుప కమ్మ! కుమారీ!	kandamu	jaathi	ఫక్కి వేంకట నరసింహ కవి	niti	Kumaari
p724	నవ్వంగ రాదు పలుమఱు\nనవ్వినఁ జిఱునవ్వు గాని నగరా దెపుడున్‌\nగవ్వలవలె దంతంబులు\nజవ్వునఁ గానంగ బడెడి జాడఁ గుమారీ!	kandamu	jaathi	ఫక్కి వేంకట నరసింహ కవి	niti	Kumaari
p725	ఎంగిలి పరులకుఁ బెట్టకు\nక్రంగున మ్రోయంగనీకు కాల్మెట్టియలన్‌\nబంగారు లాభ ముండిన\nదొంగతనము సేయుబుద్ధి దొలఁచు కుమారీ!	kandamu	jaathi	ఫక్కి వేంకట నరసింహ కవి	niti	Kumaari
p726	తనకడుపు కట్టుకొని యై\nనను జుట్టమ్మునకు బెట్టి నను గీర్తి వహిం\nచును భుక్తి ముక్తు లబ్బును\nదన కెవ్వరు సాటిరారు ధరణిఁ గుమారీ!	kandamu	jaathi	ఫక్కి వేంకట నరసింహ కవి	niti	Kumaari
p727	వడి దనిపించుకొనుటకున్‌\nగడి యైననుఁ బట్టకుండుఁ గాంతలలో నె\nక్కుడు గుణవతి యనిపించెడి\nనడవడి నేర్చుటయె కడు ఘనంబు కుమారీ!	kandamu	jaathi	ఫక్కి వేంకట నరసింహ కవి	niti	Kumaari
p728	తనకంటెఁ బేదరాండ్రం\nగని యంతకుఁ దనకు మేలు గా యనవలయున్‌\nదనకంటె భాగ్యవంతులఁ\nగని గుటకలు మ్రింగ మేలు గాదు కుమారీ!	kandamu	jaathi	ఫక్కి వేంకట నరసింహ కవి	niti	Kumaari
p729	కలహపడునింట నిలువదు\nకలుముల జవరాలు కానఁ గలకాలం బే\nకలహములు లేక సమ్మతి\nమెలఁగంగా నేర్చెనేని మేలు కుమారీ!	kandamu	jaathi	ఫక్కి వేంకట నరసింహ కవి	niti	Kumaari
p730	పవళించునపుడు రంభా\nకువలయదళనేత్రభంగి గోరినరీతిన్‌\nధవుని కొనఁగూర్పవలయును\nదివి భువి నుతిఁ బొందునట్టి తెఱవ కుమారీ!	kandamu	jaathi	ఫక్కి వేంకట నరసింహ కవి	niti	Kumaari
p731	దృశ్యపదార్థము లెల్లను\nనశ్యము లని తలపఁ కుండినను లోపంబౌ\nదృశ్యంబున నస్థిరత న\nవశ్యము చిత్తమునఁ దలఁప వలదె కుమారీ!	kandamu	jaathi	ఫక్కి వేంకట నరసింహ కవి	niti	Kumaari
p732	జనియించెడు నజ్ఞానం\nబున మోహగుణంబు, ధర్మమునఁ బరికింపం\nదునుమాడఁ బడును దీనిం\nగనుఁగొని మెలఁగంగ వలయుఁ గాదె కుమారీ!	kandamu	jaathi	ఫక్కి వేంకట నరసింహ కవి	niti	Kumaari
p733	ఎన్నాళ్లు బ్రతుకఁ బోదురు\nకొన్నాళ్లకు మరణదశలఁ గ్రుంగుట జగమం\nదున్నట్టివారి కందఱి\nకిన్నిహితము సతము మంచి కీర్తి కుమారీ!	kandamu	jaathi	ఫక్కి వేంకట నరసింహ కవి	niti	Kumaari
p734	మును నాథుఁడు దరలినచో\nవెనువెంటనె పోయి యెల్ల వేల్పులు పొగడం\nగని యెందు నిందు నందును\nఘనకీర్తులఁ బొందుచుండుఁ గాదె కుమారీ!	kandamu	jaathi	ఫక్కి వేంకట నరసింహ కవి	niti	Kumaari
p735	ఆకు లొకిన్నియుఁ జేకొని\nపోఁక నమిలి సున్న మడుగఁ బోయినఁ గని యీ\nలోకులు నవ్వుదురు సుమీ!\nకైకొనవలె మంచినడత ఘనతఁ గుమారీ!	kandamu	jaathi	ఫక్కి వేంకట నరసింహ కవి	niti	Kumaari
p736	ఇద్దఱు గూడుక యొక చో\nనొద్దిక మాటాడుచుండ నొదిఁగి యొదిఁగి యా\nయొద్దకుఁ జనఁగూడదు తన\nపెద్దతనంబెల్ల నణఁగ బెట్టుఁ గుమారీ!	kandamu	jaathi	ఫక్కి వేంకట నరసింహ కవి	niti	Kumaari
p737	తుడుపుదుమారమ్మును జెరు\nగుడుధూళియు మేషరజముఁ గూడ దెపుడు మైఁ\nబడ నెఱిఁగి తిరుగ నేర్చిన\nబడఁతుల మర్యాద లెఱిఁగి బ్రతుకు కుమారీ!	kandamu	jaathi	ఫక్కి వేంకట నరసింహ కవి	niti	Kumaari
p738	గొంటరులఁ దుంటరుల గుమిగూర్చి సృష్టిఁ\nజేసి చీటికి మాటికి డాసి వారు\nతన్నుకొని చచ్చుచుండంగఁ దనియుచుండు\nగొప్ప వానికి జేజేలు కుప్పుసామి.	teytageethi	upajaathi	త్రిపురనేని రామస్వామి	social	Kuppusaami
p739	ఏడొ, పద్నాలుగో, మూఁడొ యెన్నొ, జగము\nలెల్ల సృష్టించి నటువంటి యీశుఁడొకరొ\nయిర్వురో, యెందఱో వారి కెల్ల నేటి\nకోళ్ళ నర్పింతు భక్తితోఁ గుప్పుసామి.	teytageethi	upajaathi	త్రిపురనేని రామస్వామి	social	Kuppusaami
p740	చిన్న పిల్లలకును దల్లి చెప్పునటులఁ\nదెలుఁగు మాటల పొంకంబుఁ దీర్చి దిద్ది\nతెలిసి తెలియక యర్థంబు తెలియునటులఁ\nజెప్పఁ బూనితిఁ గఱదలు కుప్పుసామి.	teytageethi	upajaathi	త్రిపురనేని రామస్వామి	social	Kuppusaami
p741	మున్ను పెద్దలు చెప్పిన వెన్నొ కలవు,\nఎన్నకుండిన నీతులు కొన్ని కలవు\nపేరుగాఁ గ్రుచ్చి మెడలోన వేతువానిఁ\nగుతిల పడకుండఁ దాల్చుము కుప్పుసామి.	teytageethi	upajaathi	త్రిపురనేని రామస్వామి	social	Kuppusaami
p742	కమ్మ నెత్తావి దెసలెల్లఁ జిమ్మునట్టి\nగంధఫలి చెంతఁజేరదు గండు తేఁటి\nతేనె లేదన్న సంగతిఁ దెలిసికొనుచుఁ\nదప్ప కీనీతి స్మరియింపు కుప్పుసామి.	teytageethi	upajaathi	త్రిపురనేని రామస్వామి	social	Kuppusaami
p743	పూలు తెగఁబూసినప్పుడు మూఁగుచుండుఁ\nదేనెటీఁగలు పైఁబడి తేనెకొఱకు\nస్నేహితులు కొంద ఱీరీతిఁ జేరుచుందు\nరప్పుడప్పుడు కనిపెట్టు కుప్పుసామి.	teytageethi	upajaathi	త్రిపురనేని రామస్వామి	social	Kuppusaami
p744	పండ్ల చెట్లక్రిందకు నెట్టి బాటసారి\nయూఱకేరాఁడు ఫలమును గోరివచ్చు\nవాని నొకకంటఁ గనిపెట్ట వలసియుండు\nగోల గాకుండ సుంతైనఁ గుప్పుసామి.	teytageethi	upajaathi	త్రిపురనేని రామస్వామి	social	Kuppusaami
p745	ఒకనియెడఁ గృతఘ్నతఁజూపి యున్న వాని\nనమ్మియుండుట తగదు లేశమ్ము కూడఁ\nదనకు లాభంబు కల్గుచోఁ దత్క్షణంబ\nముప్పు తప్పక చేకూర్చుఁ గుప్పుసామి.	teytageethi	upajaathi	త్రిపురనేని రామస్వామి	social	Kuppusaami
p746	ఒక్కమానవుండు డొక్కచీల్చినఁగాని\nనారికేళఫలము నీరు నీదు\nగొంటుకాని నిట్లు గోరాడకుండిన\nనొప్పుకలుగఁనీడు కుప్పుసామి.	aataveladi	upajaathi	త్రిపురనేని రామస్వామి	social	Kuppusaami
p747	పిలువకుండ వచ్చి పెద్దమాటలు చెప్పు\nవానినెపుడు నమ్మ వలదు, వలదు\nమేలుకలుగబోదు మెఱమెచ్చుల కతండు\nతప్పుచెప్పుచుండుఁ గుప్పుసామి.	aataveladi	upajaathi	త్రిపురనేని రామస్వామి	social	Kuppusaami
p748	నీతిలేనివాని నిరసించు జగమెల్ల\nనీతిశాలి కెపుడు నెగడు లేదు\nనీతిశాలి నెపుడు నీతియే కాపాడుఁ\nగుజనుబారినుండి కుప్పుసామి.	aataveladi	upajaathi	త్రిపురనేని రామస్వామి	social	Kuppusaami
p749	నాలిమ్రుచ్చు నెపుడు నమ్మరా దాతండు\nకొంపఁదీయగలఁడు; కుదులకుండఁ\nగొండచిలువ యట్టె గుటుకున దిగమ్రింగుఁ\nగుతిలపడఁగ జీవి కుప్పుసామి.	aataveladi	upajaathi	త్రిపురనేని రామస్వామి	social	Kuppusaami
p750	పరుని నీముందుఁ దిట్టెడు వాఁడు నిన్ను\nనొరుని ముందటఁ దిట్టక యుండఁబోఁడు\nచనవు రవ్వంత వాని కొసంగరాదు\nముప్పువచ్చుఁ దప్పక దానఁ గుప్పుసామి.	teytageethi	upajaathi	త్రిపురనేని రామస్వామి	social	Kuppusaami
p751	నమ్మకంబున్న లేకున్న నచ్చకున్నఁ\nబరులమాటకుఁ దలయూఁచు వాఁడు సత్య\nమాత్మ గౌరవమేలేని యట్టివాఁడు\nముప్పుపుట్టు వానిని నమ్మఁ గుప్పుసామి.	teytageethi	upajaathi	త్రిపురనేని రామస్వామి	social	Kuppusaami
p752	ఒరుల గొప్పతనముఁజూచి యోర్వలేని\nపురుషుఁ డెందు వేదనఁబడి పొక్కిపొక్కి\nతెవులులేకయే తెగటారుఁ జివరకతఁడు\nతప్ప దీమాట వేదంబు కుప్పుసామి.	teytageethi	upajaathi	త్రిపురనేని రామస్వామి	social	Kuppusaami
p753	వదరి యూరకే ఱంకెలు వైచువాఁడు\nపట్టుమన నెట్టిపనికైనఁ బనికిరాఁడు\nవానఁ గురియదు శారద వారిదంబు\nతప్ప కుఱుముచుండునుగాని కుప్పుసామి.	teytageethi	upajaathi	త్రిపురనేని రామస్వామి	social	Kuppusaami
p754	అప్పులిడువానితోడను జెప్పులున్న\nవానితోడను బైనంబుఁ బూనఁదగదు;\nచింతసేయక పయనంబుఁ జేసిరేని\nయొప్పమి ఘటిల్లు నద్దానఁ గుప్పుసామి.	teytageethi	upajaathi	త్రిపురనేని రామస్వామి	social	Kuppusaami
p755	పుటము వెట్టినపుడె పుత్తడి యిత్తడి\nతెలియఁగలదు వేఱె తెలియరాదు;\nసిలుఁగులొందునపుడె చెన్నఁటి సుగుణంబు\nకూడఁ దెలియఁగలరు కుప్పుసామి.	aataveladi	upajaathi	త్రిపురనేని రామస్వామి	social	Kuppusaami
p756	ఏటినీరుపొడువ నెక్కలి యిసుమెల్ల\nనీటితోడఁ బోవు నిలువకుండఁ\nబెద్దవారితోడఁ బిన్నలీరీతిగాఁ\nదప్ప కేగుచుంద్రు కుప్పుసామి.	aataveladi	upajaathi	త్రిపురనేని రామస్వామి	social	Kuppusaami
p757	గుడికిఁ దఱచుపోయి గొణుగుచుండెడివాఁడు\nచెడ్డపాపమేదొ చేసియుండు\nనదియె వానిఁబట్టి యట్టిట్టు పీడింప\nగుడికిఁ బోవు నతఁడు కుప్పుసామి.	aataveladi	upajaathi	త్రిపురనేని రామస్వామి	social	Kuppusaami
p758	ప్రొద్దుపొడువకుండ నిద్దుర మేల్కాంచి\nబుడిగిబుడిగి నీట మునిఁగి మునిఁగి\nమొగమునిండ బూది పూసినమాత్రానఁ\nగుదుటఁబడునె మనసు కుప్పుసామి.	aataveladi	upajaathi	త్రిపురనేని రామస్వామి	social	Kuppusaami
p759	ఎంతనీతి కలిగి యెపుడు వర్తించిన\nనెంత నియతికల్గి యెప్పుడున్నఁ\nద్రాగుబోతు నమ్మరాదు నిజంబుగా\nముప్పువచ్చు దానఁ గుప్పుసామి.	aataveladi	upajaathi	త్రిపురనేని రామస్వామి	social	Kuppusaami
p760	రాజు వ్యభిచారి యైనచో రసికుఁడంద్రు\nత్రాగి తందనాలాడుచో భోగియంద్రు\nపాడిదప్పిన మంత్రాంగ పరుఁడటంద్రు\nతప్పు తెలియని లోకులు కుప్పుసామి.	aataveladi	upajaathi	త్రిపురనేని రామస్వామి	social	Kuppusaami
p761	కాసులను గూడఁబెట్టిన దాసికొడుకు\nపలుకుబడిగల్గి యందందుఁ బ్రాకులాడు;\nధనముతోఁ గాని పనులేవి ధరణిలేవు\nమెప్పుకొఱకుఁ జెప్పుటకాదు కుప్పుసామి.	teytageethi	upajaathi	త్రిపురనేని రామస్వామి	social	Kuppusaami
p762	గురునిపజ్జ విద్దెల నేర్చి కొనక యదియు\nనిదియు మూచూచి మురితోడ నెగిరిపడెడి\nచుంబకుని మాటలం జెవిఁ జొన్పఁబోకు\nముప్పువచ్చును దానిచేఁ గుప్పుసామి.	teytageethi	upajaathi	త్రిపురనేని రామస్వామి	social	Kuppusaami
p763	నవల చదువు, వ్యాజ్యంబుల కవిలెకట్ట,\nయోట్లు, సిగరెట్లు, సినిమాలు, చీట్లు, కాఫి,\nనూత్న సప్తవ్యసనములనుచు వచింత్రు\nగొప్ప నీతిశాస్త్రవిదులు కుప్పుసామి.	teytageethi	upajaathi	త్రిపురనేని రామస్వామి	social	Kuppusaami
p764	ఒదిఁగి పనిపాటు లేవియు నొల్లనట్టి\nవాని నెప్పుడు దరిఁజేర్ప వలదు, దాన\nనుభయులకుఁ గీడు వాటిల్లు చుండుననుచుఁ\nచెప్పుచుందురు పెద్దలు కుప్పుసామి.	teytageethi	upajaathi	త్రిపురనేని రామస్వామి	social	Kuppusaami
p765	రఘుకులంబునఁ బుట్టరే రాముకన్న\nగొప్పవారు? వారల పేరు లెప్పుడైన\nవింటిమే సత్కవికటాక్ష వితతిచేత\nగొప్పవాఁడయ్యె రాముండు కుప్పుసామి.	teytageethi	upajaathi	త్రిపురనేని రామస్వామి	social	Kuppusaami
p766	ఆయమును మించి యెవ్వండు వ్యయముచేయు\nనతనికి సుఖంబు లవలేశ మబ్బఁబోదు\nతుదకుఁ గడగండ్ల పాలౌను బ్రదుకుతెఱవు\nకూడ లేకుండఁ బోవును గుప్పుసామి.	teytageethi	upajaathi	త్రిపురనేని రామస్వామి	social	Kuppusaami
p767	గొంటరికి మంచి చేసిన మంటమండుఁ\nగాలియాఱిన సున్నపు రాలమీఁదఁ\nజల్లని జలంబు చల్లిన సలసలమని\nనిప్పుసెగఁ జిమ్ముకైవడిఁ గుప్పుసామి.	teytageethi	upajaathi	త్రిపురనేని రామస్వామి	social	Kuppusaami
p768	ఓరుగాలి విసరి యుయ్యాలలూపంగ\nశిరము వంచినట్టి చెట్లు బ్రదుకు\nనిక్కి నీల్గుచెట్లు నేలమీఁదను గూలుఁ\nగుప్పకూరగాఁగఁ గుప్పుసామి.	aataveladi	upajaathi	త్రిపురనేని రామస్వామి	social	Kuppusaami
p769	చదువుకొన్న భార్య సహధర్మచారిణి\nయగుటకన్న మంత్రి యగుట కోరు\nజగతి మంత్రి గొప్పొ సహధర్మచారిణి\nగొప్పొ తెలిసి మెలఁగు కుప్పుసామి.	aataveladi	upajaathi	త్రిపురనేని రామస్వామి	social	Kuppusaami
p770	చదువులేని జాయ సల్లాపములకన్నఁ\nజదువుకొన్న జాయ చలము మేలు;\nవీనువిందుగాఁగ వినవచ్చు నొకమాట\nనప్పుడప్పుడైనఁ గుప్పుసాము.	aataveladi	upajaathi	త్రిపురనేని రామస్వామి	social	Kuppusaami
p771	అణఁగి మణఁగియుండు నటువంటి కులకాంత\nభయము భక్తిగల్గు ప్రియసుతుండు\nసంభవించు వాని జన్మంబు నిజముగా\nగొప్ప సార్థకంబు కుప్పుసామి.	aataveladi	upajaathi	త్రిపురనేని రామస్వామి	social	Kuppusaami
p772	భార్యచదువు పతికిఁ బనికివచ్చుచునుండుఁ\nగొడుకు చదువుకన్నఁ గొంతవఱకు\nచదువుకొన్న భార్య సంసారమును దిద్ది\nకొనుచుఁ బతికిఁగూర్చుఁ గుప్పుసామి.	aataveladi	upajaathi	త్రిపురనేని రామస్వామి	social	Kuppusaami
p773	తనదు నీలువుఁ గాపాడు కొనఁగలేని\nయతివ భర్త గౌరవముఁ గాపాడఁగలదె?\nయట్టి యామెతోఁ గాపుర మహరహంబు\nకూర్చుచుండుఁ గష్టంబులఁ గుప్పుసామి.	teytageethi	upajaathi	త్రిపురనేని రామస్వామి	social	Kuppusaami
p774	భార్య తనకుఁగాఁ బ్రేమించు భర్త నెపుడు\nభర్త తనకుఁగాఁ బ్రేమించు భార్య నెపుడు\nస్వార్థమీ ప్రేమయందుఁ గన్పట్టుచుండు\nనొప్పిదముగా విచారింపఁ గుప్పుసామి.	teytageethi	upajaathi	త్రిపురనేని రామస్వామి	social	Kuppusaami
p775	పాతకుని చేత నెప్పుడు గీతయుండు\nమొగముపై వింత వింతఁగఁ బొట్టులుండుఁ\nజిన్నెలివియె మనస్సాక్షి సన్నగిలిన\nయప్పుడు జనాళి కెందును గుప్పుసామి.	teytageethi	upajaathi	త్రిపురనేని రామస్వామి	social	Kuppusaami
p776	ఇంతలోన మాఱి యేయెండ కాగొడ్గు\nబట్టువానిఁ జేరఁ బట్టరాదు\nసమయ మేగుదేర సంశయింప కతండు\nగొంతు నులిమివైచుఁ గుప్పుసామి.	aataveladi	upajaathi	త్రిపురనేని రామస్వామి	social	Kuppusaami
p777	పరులు చెప్పు మాటఁ బరికించి చూడక\nసమ్మతించువాఁడు జడుఁడు గాఁడె?\nవానినమ్మి యెట్టి పనిని జేయఁగరాదు\nతప్పకుండఁ జెడును కుప్పుసామి.	aataveladi	upajaathi	త్రిపురనేని రామస్వామి	social	Kuppusaami
p778	కూలినాలి చేసికొనుచు జీవించువాఁ\nడేని నీతిశాలి యెందుఁ బూజ\nనీయుఁ డతని నెపుడు నెఱనమ్మగా వచ్చుఁ\nగొఱఁతరాదు దానఁ గుప్పుసామి.	aataveladi	upajaathi	త్రిపురనేని రామస్వామి	social	Kuppusaami
p779	బ్రతికి చెడ్డవాని వలని నేస్తముఁజేయు\nచెడి బ్రదికినవాని చెలిమి వలదు\nవీనియందు నేది విపరీతమైనను\nముప్పు తప్పఁబోదు కుప్పుసామి.	aataveladi	upajaathi	త్రిపురనేని రామస్వామి	social	Kuppusaami
p780	ఒక్క కొడుకెయైన నూరక చెడిపోవు\nమకురు తనము చేత మాటలేల?\nపెద్దయైన కొలఁది పెద్దగాఁ జింతించుఁ\nగొడుకు కొఱకుఁ దండ్రి కుప్పుసామి.	aataveladi	upajaathi	త్రిపురనేని రామస్వామి	social	Kuppusaami
p781	ప్రతిభ గల్గువాఁడు పతనంబుఁ జెందిన\nమరల పైకివచ్చు మహిత శక్తి\nరాలి పడిన పూలు రమణులు క్రొవ్వెద\nనొప్పుఁ జూపరావె? కుప్పుసామి.	aataveladi	upajaathi	త్రిపురనేని రామస్వామి	social	Kuppusaami
p782	చేతగామిఁ బనులు చెడిపోయి నంతనే\nవిధిని దూరుచుంద్రు వెఱ్ఱివారు\nవిధికి దీననేమి పెత్తనంబుండునో!\nతప్పుమాటగాక కుప్పుసామి.	aataveladi	upajaathi	త్రిపురనేని రామస్వామి	social	Kuppusaami
p783	ముండులున్న నేమి మురువు గొల్పు గులాబి\nగొప్పవారుకూడఁ గొనుచునుంద్రు\nకొద్దిదోషమున్న గుణవంతుఁ బూజింత్రు\nతప్పకుండ జనులు కుప్పుసామి.	aataveladi	upajaathi	త్రిపురనేని రామస్వామి	social	Kuppusaami
p784	సాన నరగఁదీయు కొలంది చందనంబు\nకలయఁ జిమ్ముచు నుండును గమ్మతావి\nసజ్జనుం డిట్టులనె కష్ట సమయమందు\nనొప్పుఁ గాంచుచు నుండును గుప్పుసామి.	teytageethi	upajaathi	త్రిపురనేని రామస్వామి	social	Kuppusaami
p785	వారకాంతలఁ బడఁదిట్టు వారుగలరు\nవిటులు క్రవ్వింపకుండిన వేశ్యలెట్లు\nచెఱచువారలో పురుషులఁ జెప్పఁబోరు\nకుచ్చితులుగారె వీరెల్లఁ గుప్పుసామి.	teytageethi	upajaathi	త్రిపురనేని రామస్వామి	social	Kuppusaami
p786	విత్త మన్యాయముగఁ గూడఁబెట్టి భయము\nచేత దానధర్మంబులఁ జేయుటేల\nఅడుసు ద్రొక్కఁగానేల? కాల్గడుగనేల?\nయెప్పుడైన లాభముకద్దె? కుప్పుసామి.	teytageethi	upajaathi	త్రిపురనేని రామస్వామి	social	Kuppusaami
p787	పురుషుఁ డెన్ని రోగములచేతఁ బీడింపఁ\nబడుచునున్న సతికి వరవుడంబు\nసల్ప ధర్మమంట జగతిలో నిదియెటో\nచెప్పఁబోరు జనులు కుప్పుసామి.	aataveladi	upajaathi	త్రిపురనేని రామస్వామి	social	Kuppusaami
p788	కుష్ఠురోగియైనఁ గుత్సితుండైనను\nమగువ తీర్పవలయు మగనికోర్కె\nసతికి హక్కులేదె స్వశరీరమును బ్రోచి\nకొనఁగ సుంతయైనఁ కుప్పుసామి.	aataveladi	upajaathi	త్రిపురనేని రామస్వామి	social	Kuppusaami
p789	చదువు చెప్పకుండ జడురాండ్రఁగాఁ జేసి\nస్త్రీలఁ దిట్టిపోయఁ జెల్లుచుండె\nదోస మెవరియందు దొరలాడుచుండెనో\nచెప్పఁబోవ రెవరు కుప్పుసామి.	aataveladi	upajaathi	త్రిపురనేని రామస్వామి	social	Kuppusaami
p790	తీరుబాటు కల్గితిరునాళ్ళకై పోవు\nవింతలుండు ననెడి వెఱ్ఱిచేత\nభక్తిచేతఁ గాదు ప్రాకృత లోకంబు\nతిప్పలైనఁ బొంది కుప్పుసామి.	aataveladi	upajaathi	త్రిపురనేని రామస్వామి	social	Kuppusaami
p791	నీచుఁ డెపుడు క్రింద జూచు నైజమగుటఁ\nగొండమీఁద నున్న కొలఁదివాఁగు\nనేల వైపుఁ జూచు నిలిచియుండక యందు\nగొణిఁగికొనుచు నెపుడు కుప్పుసామి.	aataveladi	upajaathi	త్రిపురనేని రామస్వామి	social	Kuppusaami
p792	అడచి పాటులేని యనురాగవతి పొందు\nమనసుఁ గరఁచఁజాలు మంచి కవిత\nపోరులేని యిల్లు పుణ్యాత్ములకుఁగాక\nకూడ వన్యులకును గుప్పుసామి.	aataveladi	upajaathi	త్రిపురనేని రామస్వామి	social	Kuppusaami
p793	మాతృ భాషయందు మాతృదేశమునందు\nమమత లేనివాఁడు మనుజుఁడగునె?\nతగని మమతయుండు మృగ పక్షిజాతికిఁ\nగూడఁ దెలియలేవె కుప్పుసామి.	aataveladi	upajaathi	త్రిపురనేని రామస్వామి	social	Kuppusaami
p794	అత్తవారింట సుఖమెంత యబ్బుచున్నఁ\nబుట్టినింటిపైఁ బేరాస పొరయుచుండు\nసహజ మాడుబిడ్డకు నిద్ది జగతియందుఁ\nగ్రొత్తమాట కాదిది యెందుఁ గుప్పుసామి.	teytageethi	upajaathi	త్రిపురనేని రామస్వామి	social	Kuppusaami
p795	వీరుఁ డెప్పుడు రణభూమి వీడిపోఁడు\nపాఱుఁ డెప్పుడు రణభూమి పజ్జఁబోడు\nమిండఁడెప్పుడు సతిప్రక్కఁ బండఁబోఁడు\nకోటి లాభము గల్గినఁ గుప్పుసామి.	teytageethi	upajaathi	త్రిపురనేని రామస్వామి	social	Kuppusaami
p796	చిన్ననాఁటనే బిడ్డకుఁ జెప్పకున్న\nనీతు లవల సాధ్యముకాదు; మొక్క\nయపుడు వదలిపెట్టి యది చెట్టయిన వంకఁ\nగూడఁ దీయుటఁ తలమౌనె? కుప్పుసామి.	teytageethi	upajaathi	త్రిపురనేని రామస్వామి	social	Kuppusaami
p797	వాజ మాన్పరాదు వసుధాతలంబున\nనెట్టివానికైనఁ బట్టుఁబట్టి\nయెవరు తీర్పనేర్తు రేటివంకల నెల్లఁ?\nచెప్పు చూత మిపుడు కుప్పుసామి.	aataveladi	upajaathi	త్రిపురనేని రామస్వామి	social	Kuppusaami
p798	జీవహింస చేసి జీవింతు ననుకంటెఁ\nజెట్టయెందుఁ గూడఁ బుట్టఁబోదు\nజీవహింస మాని జీవింపరాదొకో?\nకొంత మేలు దానఁ గుప్పుసామి.	aataveladi	upajaathi	త్రిపురనేని రామస్వామి	social	Kuppusaami
p799	మాంసము భుజింప నిచ్ఛించి మానవుండు\nమ్రొక్కు మ్రొక్కంచు దేవుని ముందుఁబెట్టి\nగొంతుగోసి యే మృగమునో కుడుచుచున్నఁ\nగోపపడకున్న దేవుండు? కుప్పుసామి.	teytageethi	upajaathi	త్రిపురనేని రామస్వామి	social	Kuppusaami
p800	కష్టమైన నేమి కల్ల చెప్పనటంచు\nహితుఁడు తప్పకుండ హితముఁజెప్పు\nపరుఁడు స్వార్థపరుఁడు మెఱమెచ్చులనుబల్కఁ\nగొంకఁ డింతయేని కుప్పుసామి.	aataveladi	upajaathi	త్రిపురనేని రామస్వామి	social	Kuppusaami
p801	మాట పరుసదనము మార్తురఁ బుట్టించు\nమెత్తదనము కూర్చు మిత్రకోటి\nగుడ్లగూబ కేల కొల్లగా నుందురు\nతప్పఁ దిట్టువారు? కుప్పుసామి.	aataveladi	upajaathi	త్రిపురనేని రామస్వామి	social	Kuppusaami
p802	బుట్టనున్న పాము బుసకొట్టి పోఁబోవు\nవీలు చిక్కినపుడు వేగిరించి\nసకలభూతములకు స్వాతంత్ర్య కాంక్షయే\nయొప్పు సహజముగను కుప్పుసామి.	aataveladi	upajaathi	త్రిపురనేని రామస్వామి	social	Kuppusaami
p803	నీటిలోని జీవి నీటిలోఁ జచ్చును\nమెట్టనున్న జీవి మెట్టఁజచ్చు\nఘాతుకుండు చచ్చు ఘాతుక కృత్యంబు\nలుప్పరించుచుండఁ గుప్పుసామి.	aataveladi	upajaathi	త్రిపురనేని రామస్వామి	social	Kuppusaami
p804	ఉప్పతించువాని కుప్పతిల్లదు మేలు\nక్రుళ్ళి క్రుళ్ళి చచ్చుఁ గొట్టకొనకు\nపరులఁజూచి యోర్చి బ్రదుకువాఁడు శుభంబుఁ\nదప్పకుండఁ బొందుఁ గుప్పుసామి.	aataveladi	upajaathi	త్రిపురనేని రామస్వామి	social	Kuppusaami
p805	కారణములేక కుజనుండు కష్టపెట్టు\nనెట్టివారల నేనియు నెండ్రి యొకటి\nచేనిలోనుండి మెల్లగాఁ జేనిపైరు\nకొఱికి వైచెడి కైవడిఁ గుప్పుసామి.	teytageethi	upajaathi	త్రిపురనేని రామస్వామి	social	Kuppusaami
p806	సానఁ బటినయపుడె వజ్రముల కాంతి\nప్రజ్వలితమగు నా ప్రకారంబె కష్ట\nసమయమందె ప్రకాశించు శౌర్యరాశి\nగురుతరంబైన శౌర్యంబు కుప్పుసామి.	teytageethi	upajaathi	త్రిపురనేని రామస్వామి	social	Kuppusaami
p807	అంత్యనిష్ఠురంబుకన్న నాదినిష్ఠు\nరంబు మేలుగావునఁ దత్తరంబు లేక\nయున్న దున్నట్టుగాఁ జెప్పుచుందురు బుధ\nలొప్పమిని లెక్కపెట్టక కుప్పుసామి.	teytageethi	upajaathi	త్రిపురనేని రామస్వామి	social	Kuppusaami
p808	ఎన్ని రసములున్న నేమి రుచించును\nనుప్పులేని కూర చప్పనగుచుఁ?\nకోటిగుణములున్నఁ గొరగావు నీతి యొ\nక్కొండు లేకయున్నఁ గుప్పుసామి.	aataveladi	upajaathi	త్రిపురనేని రామస్వామి	social	Kuppusaami
p809	తలలు గొఱిగించి కావి బట్టలనుగట్టి\nమెడల రుద్రాక్షమాలిక లిడినయంత\nముక్తి వచ్చునే నిస్సంగ బుద్ధిలేక\nకుమతి మాటలనేమి కుప్పుసామి.	aataveladi	upajaathi	త్రిపురనేని రామస్వామి	social	Kuppusaami
p810	తప్పుఁ దెలిసికొన్నఁ దత్క్షణమే సజ్జ\nనుండు దిద్దికొనఁగ నూలుకొనును;\nగఱతలాఁడు దానిఁ గప్పిపుచ్చఁ గడంగుఁ\nగుటిలబుద్ధిచేతఁ కుప్పుసామి.	aataveladi	upajaathi	త్రిపురనేని రామస్వామి	social	Kuppusaami
p811	చచ్చిపోయిన వెంటనే జన్మమెత్తు\nజీవి కుడువఁ గర్మమటంచుఁ జెప్పుచుండు\nరట్టులైనచోఁ బితృలోక మెట్టువచ్చుఁ?\nగుటిలజనసృష్టి గాదొక్కొ కుప్పుసామి.	teytageethi	upajaathi	త్రిపురనేని రామస్వామి	social	Kuppusaami
p812	చచ్చిపోయిన వాని కేసరణిఁ జేరఁ\nగలవు పిండములు నివాప జలముకూడ\nనావులును భోక్తలును దృప్తు లగుటకొఱకుఁ\nగూర్చి పెట్టిరిగాకేమి కుప్పుసామి.	teytageethi	upajaathi	త్రిపురనేని రామస్వామి	social	Kuppusaami
p813	ముక్కు మొగముఁ జెక్కి మూలవిరాట్టంచు\nనొక్క రాయిఁదెచ్చి యుంచి గుడులఁ\nగూడు గుడ్డలిచ్చి కొల్తురు ప్రజలెల్లఁ\nగొంటెపనులు గావె కుప్పుసామి.	aataveladi	upajaathi	త్రిపురనేని రామస్వామి	social	Kuppusaami
p814	మండి వెలుఁగుదాని మన దీపమని చెప్పి\nముద్దు పెట్టుకొన్న మూతిఁగాలు;\nమూర్ఖుఁడైన వాని పొందు చేకూర్చును\nముప్పు దప్పకిటులఁ కుప్పుసామి.	aataveladi	upajaathi	త్రిపురనేని రామస్వామి	social	Kuppusaami
p815	కొడుకు కొమ్మలనుచుఁ గూడు గుడ్డలనుచు\nనిల్లు వాకిలనుచు నెగిరి పడుచుఁ\nపాపమనక యెవఁడు వర్తించు వానికిఁ\nగొంప మునిఁగితీరు కుప్పుసామి.	aataveladi	upajaathi	త్రిపురనేని రామస్వామి	social	Kuppusaami
p816	పొట్టివాని కుండుఁ బుట్టెడు బుద్ధులు\nపొట్టివాని నమ్మఁ బోకు మెపుడు\nపొట్టివాఁడు గాదె పొడవడంచె బలిని\nగూట పథముఁ ద్రొక్కి కుప్పుసామి.	aataveladi	upajaathi	త్రిపురనేని రామస్వామి	social	Kuppusaami
p817	రక రకంబులైన రంగు వల్వలు మేనఁ\nగట్టినంత రాదు గౌరవంబుఁ\nఅంగకములఁ గప్ప గంగిరెద్దునకుఁ జాలఁ\nగప్పడములు లేవె కుప్పుసామి.	aataveladi	upajaathi	త్రిపురనేని రామస్వామి	social	Kuppusaami
p818	కులములోన నొక్క కుజనుండు పుట్టినఁ\nగులము జెడును దానఁ గులకలంక\nమందువల్ల నెంత మంది నిర్దోషులో\nగోడు గుడుచు చుంద్రు కుప్పుసామి.	aataveladi	upajaathi	త్రిపురనేని రామస్వామి	social	Kuppusaami
p819	ఎంత మంచివాని నేనియుఁ జిటికలోఁ\nజెడ్డవానిఁ గాఁగఁ జేయవచ్చు\nబందుకట్టి బైసి వదలుచుఁ బదిమంది\nకుచ్చితములు పల్కి కుప్పుసామి.	aataveladi	upajaathi	త్రిపురనేని రామస్వామి	social	Kuppusaami
p820	ఆశ కంతంబు లేదెందు నాశ వదల\nకున్నఁ బ్రాణికి సౌఖ్యంబు సున్నయగును\nదృప్తిఁ గాంచనేరనియట్టి తృష్ణ నరుని\nకెప్పుడొప్పుగాఁ బోవదు కుప్పుసామి.	teytageethi	upajaathi	త్రిపురనేని రామస్వామి	social	Kuppusaami
p821	చదువు సాములు చెప్పించి సంస్కరింప\nకెంతో విత్తంబు గడియించి యిచ్చు తండ్రి\nపుత్రునకు నెందు భీషణ శత్రువంచుఁ\nజెప్పుదురు పండితోత్తముల్‌ కుప్పుసామి.	teytageethi	upajaathi	త్రిపురనేని రామస్వామి	social	Kuppusaami
p822	ఆఁడుదాని యీలు వంతరించిన మీఁద\nనెట్టివంశమందుఁ బుట్టియున్న\nగ్రుడ్డిగవ్వకైనఁ గొఱగాక పోవు, నీ\nయొప్పులేనిఁ జగతిఁ గుప్పుసామి.	aataveladi	upajaathi	త్రిపురనేని రామస్వామి	social	Kuppusaami
p823	సంశయించు భర్త సాహచర్యముఁ జేయ\nసాధ్యపడునె యెట్టి సాధ్వికైన?\nసీత భూమిఁజొచ్చె శ్రీరామచంద్రునిఁ\nగూడి యుండలేక కుప్పుసామి.	aataveladi	upajaathi	త్రిపురనేని రామస్వామి	social	Kuppusaami
p824	పెండ్లియందు నొక్కరికేల పెత్తనంబు?\nకష్టసుఖము లందలి పాలి కాపులగుటఁ\nబెండ్లికూఁతురు కొమరుండు పెండ్లిఁ జేసి\nకొనఁగవలెఁగాని నిజముగాఁ గుప్పుసామి.	teytageethi	upajaathi	త్రిపురనేని రామస్వామి	social	Kuppusaami
p825	మ్రొక్కుగల దదిచెల్లింపఁ బోదు మంచు\nగొండలెక్కి యేరులు దాఁటి కొట్టకొనకు\nజుట్టునిత్తురు దేవుండు క్షోభపడఁడె\nకూఁకటుల చిక్కుఁ దెలియక కుప్పుసామి.	teytageethi	upajaathi	త్రిపురనేని రామస్వామి	social	Kuppusaami
p826	అక్షమాలఁ గుంభజుఁడు పెండ్లాడె నందు\nరక్షమాల పుట్టింటివా రనినయెడల\nముట్టరాదందు రిదియేల చిట్ట? విప్ర\nకోటి కిది చెల్లిపోయెఁగా కుప్పుసామి.	teytageethi	upajaathi	త్రిపురనేని రామస్వామి	social	Kuppusaami
p827	తిరిపెమెత్తి జీవించెడి దేబెకున్న\nయాత్మసంతుష్టి కలదె ధనాఢ్యునకును?\nధనము సంతుష్టి నీదు విద్యాధనంబొ\nకూర్చు నాత్మసంతుష్టిని గుప్పుసామి.	teytageethi	upajaathi	త్రిపురనేని రామస్వామి	social	Kuppusaami
p828	వయసు చెల్లుచున్నంత లావణ్యముడుగు\nనుడుగనిది యొక్క శీలంబు పడతికెప్పు\nడుడుగకుండంగ వర్ధిల్లు చుండుఁ గాన\nగుణములేని చెలువయేల కుప్పుసామి.	teytageethi	upajaathi	త్రిపురనేని రామస్వామి	social	Kuppusaami
p829	తలలు మాడుచున్నఁ దమపాదములఁ బట్టి\nకొన్నవారి కిచ్చు గొప్పనీడ\nపాదపంబు లిట్లె పండితు లిత్తురు\nకోర్కె లాశ్రితులకుఁ కుప్పుసామి.	aataveladi	upajaathi	త్రిపురనేని రామస్వామి	social	Kuppusaami
p830	దేహపాటవంబు దిగజారు కొలఁదిని\nవిషయవాంఛ మిగులఁ బెఱుగుచుండు\nనందుచేత దేహ మారోగ్యమున నుంచి\nకొనుట మేలు ప్రజకుఁ గుప్పుసామి.	aataveladi	upajaathi	త్రిపురనేని రామస్వామి	social	Kuppusaami
p831	పాడిపంటలేక పశుసంపదయు లేక\nకాయకష్టము పడు కడిమిలేక\nబ్రదుకుచుండునట్టి రైతుబిడ్డల నమ్మఁ\nగూడదెపుడు సుంత కుప్పుసామి.	aataveladi	upajaathi	త్రిపురనేని రామస్వామి	social	Kuppusaami
p832	మేనమామ పోల్కి మేనత్త చాలిక\nయనెడి సంప్రదాయ మధిగమించి\nపెండ్లిచేయునపుడు పెద్దగా యోజించి\nకులము నెమకవలయుఁ కుప్పుసామి.	aataveladi	upajaathi	త్రిపురనేని రామస్వామి	social	Kuppusaami
p833	కానిడబ్బు చేతఁ గల్గువాఁ డెట్టివాఁ\nడయిన గౌరవంబు నందుటెఱిఁగి\nపరువుఁగోరి బ్రదుకు వాఁడెందు ద్రవ్యంబుఁ\nగూడఁ బెట్టవలయుఁ గుప్పుసామి.	aataveladi	upajaathi	త్రిపురనేని రామస్వామి	social	Kuppusaami
p834	చిడిపిరాళ్ళగనిని బొడఁగట్టు వజ్ర మొ\nక్కొక్కమాటు గాన నోర్మిగల్గి\nవెదకి వెదకి చాల వెడవంగడమునుండి\nకొనఁగవచ్చుఁబిల్లఁ గుప్పుసామి.	aataveladi	upajaathi	త్రిపురనేని రామస్వామి	social	Kuppusaami
p835	పెట్టుపోతలున్న యట్టి వంగస మెందుఁ\nగుతిలపడదు ధనము కొఱఁతఁబడినఁ\nగానఁ బెట్టుపోత లానుగా జరుపుట\nకూర్చుచుండు మేలు కుప్పుసామి.	aataveladi	upajaathi	త్రిపురనేని రామస్వామి	social	Kuppusaami
p836	జంతుజాలమునకుఁ జావు నైజమగుటఁ\nదెలివి గల్గువారు దెలిసికొనుచు\nదానధర్మములను దనివోవఁ జేతురు\nకూర్చు శుభము దానఁ కుప్పుసామి.	aataveladi	upajaathi	త్రిపురనేని రామస్వామి	social	Kuppusaami
p837	తల్లి కప్పిపుచ్చుఁ దనబిడ్డలందున్న\nయెన్ని దప్పులైన నెట్టివైనఁ\nదలకుఁ జుట్టుగుడ్డ తనకున్న చిఱుగులఁ\nగప్పిపుచ్చునట్లు కుప్పుసామి.	aataveladi	upajaathi	త్రిపురనేని రామస్వామి	social	Kuppusaami
p838	కైతకైదువన్న భీతిపడు జగంబు\nకైదు వున్నయట్లె కవితయున్నఁ\nగవుల నాశ్రయించి కడచన్నరాజులు\nగొప్పవారలైరి కుప్పుసామి.	aataveladi	upajaathi	త్రిపురనేని రామస్వామి	social	Kuppusaami
p839	కఱద లిన్నికూర్చి కవిరాజు వచియించెఁ\nబరులకొఱకుఁ గార్య పరులకొఱకుఁ\nజిక్కువచ్చినపుడు చిక్కుదీరును దీని\nవిప్పి చదువుకొన్నఁ కుప్పుసామి.	aataveladi	upajaathi	త్రిపురనేని రామస్వామి	social	Kuppusaami
p840	తరళాక్షి నీ మేనితావి ఘమ్మన నాదు । మనసు ఝుమ్మని రేగి మరులు జెందు\nచెలి నీదు గిల్కుటందెలు ఘల్లుమని మ్రోయ । తనువు ఝల్లని యేమొ తత్తరించు\nమగువ నీ సొగసు కల్మా ధళుక్కనినంత । కళ చళుక్కని లోన కలకబారు\nనొకవేళ కోపగించుక గిరుక్కన మరుం । డట చురుక్కన పూవుటమ్ము వేయు	seesamu	upajaathi	పోలిపెద్ది వేంకటరాయకవి	srngara	Laavanya
p841	పసుపునిగ్గుల చల్వపావడతో కుసుం- । బా కలాబతు జారుపైటతోడ\nమొనబంటి కసికాటులను కందు మోవితో । విరులు వాడిన వేణిభరముతోడ\nనెలవంక గోటిపోటుల చన్నుదోయితో । సొక్కిన నెమ్మోముసొగసుతోడ\nకొద్దిగా చెదరు కుంకుమతో కరంగిన । కాటుక కనుసోగ నీటుతోడ	seesamu	upajaathi	పోలిపెద్ది వేంకటరాయకవి	srngara	Laavanya
p842	చూపుమార్పులను హెచ్చుగ నాస గల్పించి । చేమార్పులను చాల ప్రేమ నించి\nకౌగిటిమార్పుల కడుమోదమున మించి । మోవిమార్పుల మెచ్చి ముద్దునిచ్చి\nతమలంపుమార్పుల క్రమముగా దనియించి । తొడసందిమార్పుల దుడుకు గాంచి\nప్రక్కమార్పుల ప్రౌఢిపని గాదని మదించి । పడకమార్పుల హాయిబడ రమించి	seesamu	upajaathi	పోలిపెద్ది వేంకటరాయకవి	srngara	Laavanya
p843	తొడనిగ్గు పైకి గన్పడు కీనుఖాబు పా- । వడతో జరీబుటా వల్వతోడ\nరహిమించు వహిగాంచు రవికెతో ఝల్లని । కౌనుల్కి చెమరించు కళలతోడ\nసొగసు మించిన చాదుచుక్కతో పిరుదుల । నంటి మెలంగు కీల్గంటుతోడ\nమొనలు పైపైలకగ్గిన కుచద్వయముతో । మిసిమి జెలంగు నెమ్మేనితోడ	seesamu	upajaathi	పోలిపెద్ది వేంకటరాయకవి	srngara	Laavanya
p844	నూతనకేళి నేనొనరింపబూనిన । చిడిముడిలోజంకు సిగ్గువెరగు\nవేగుటవేసట వెల్లవాటునుజాలి । మడిమవిదల్పు పెందొడవడంకు\nబొమముడికనుమూత మోవియార్చుట లల । మైచెమర్చుట తడంబడుట సొలపు\nపలుమొన బిగియించు పటిమ నధైర్యంబు । కసరు తొందర బాళి గడలుకొనగ	seesamu	upajaathi	పోలిపెద్ది వేంకటరాయకవి	srngara	Laavanya
p845	కలకంఠి యీడునెచ్చెలులెల్ల శృంగార- । వనికి బోదాము రమ్మనుచు బిలువ\nకడుమోదమున రైక తొడగలేదను గప్తి । మరచి వారలతోడ నరుగుదెంచి\nపున్నాగసుమగుచ్ఛములకు చెయ్యెత్తిన । కోరకగతి గబ్బిగుబ్బ యుబ్బ-\nనపుడేను కొనగోట నదిమిన నను గాంచి । సిగ్గుచేతను పైటచెరగు గప్పి	seesamu	upajaathi	పోలిపెద్ది వేంకటరాయకవి	srngara	Laavanya
p846	కలహంసలకు జీతముల లెక్కజూచి లో- । బాకి చెల్ల గని జాపాలొసంగి\nజాతైన మంచిపచ్చలరంగు గల చిల్క- । పంజులెల్లను బరాబరులు జేసి\nగండుకోకిలమూక కైజీతములవారి- । కందమౌ ననలతో విందొనర్చి\nగొరువంక యెలగోలు నిరువంకలను గూడి । రమ్మంచు తేంట్లచే కమ్మలిచ్చి	seesamu	upajaathi	పోలిపెద్ది వేంకటరాయకవి	srngara	Laavanya
p847	జాతిజంగాలి బనాతి కనాతి స- । రాతిలోదటను సూరతువులందు\nమొఖమల్ ఖురాళ మిమ్ముగ నఖాసీచుట్టు । తగుటుచీనీలి ముత్యముల చేర్లు\nపగడంపు చేవ కంబాలు ముప్పిరిపట్టు । పగ్గముల్ సరిగెహొంబట్టు కుట్టు\nనమరుషమేనాకృశములు కమానువా- । కిళ్లు నీలంపు మేకీలు కొణిగె	seesamu	upajaathi	పోలిపెద్ది వేంకటరాయకవి	srngara	Laavanya
p848	జాఫల్ రసంబు గుర్షాపూలు ద్రాక్షలు । గంగులుఖందు చొక్కపు జవాజి\nజాఫరాయగరు పచ్చాకూదుబత్తీలు । పునుగుపన్నీరు గంబురు గులాబి\nయత్తరు సీమరాయంచలు తెల్లాకు- । మడుపుల్ వళాగ్రముల్ మల్లెపూలు\nకురువేరు నరగ జాల్ కొత్తకైరావళ్లు । దవనంపు చెండ్లు దంతంపు గుండ్లు	seesamu	upajaathi	పోలిపెద్ది వేంకటరాయకవి	srngara	Laavanya
p849	నారాయణవనంబు చీరకుచ్చంచులు । మీగాళ్ల కెలమి కైలాగు లెసగ\nసన్నగీరుల గులాల్ వన్నెరైక మెరుంగు । గుబ్బల పొగరానికుట్లు పిగల\nకమ్మని దవనంపురెమ్మల జడ పైడి- । కుచ్చులు పిరుదుల గునిసియాడ\nపొలుపొందు పావడంబులు మొల్కపాంజేలు । గిలగిలమని పదంబులను మొరయ	seesamu	upajaathi	పోలిపెద్ది వేంకటరాయకవి	srngara	Laavanya
p850	తమ్మిమొగ్గలు పెద్దతలుపు పెన్గుబ్బలు । గజనిమ్మపండ్లు బంగారుగుండ్లు\nబరిణెకప్పులు పూలబంతులు మేల్‍రంగు । బూసిన బటువైన బొంగరాలు\nకరికుంభములు వీణెకాయలు జక్కువ- । పిట్టలు మరుని చేపుట్టచెండ్లు\nకొండలు యపరంజికుండలు రసగుండ్లు । కంచుగిన్నెలు భూమి గలుగునట్టి-	seesamu	upajaathi	పోలిపెద్ది వేంకటరాయకవి	srngara	Laavanya
p851	కారంజిలో నీతకాయల మోపాని । తేలెడు పచ్చని తెప్పపల్క\nపైకెంపు రాకోళ్లపట్టెమంచము దోమ- । తెరచుట్టు దివ్వెకందీలబారు\nతొడిమ తీసిన రెక్క విడిమల్లెపూపాన్పు । పచ్చాకుదిండ్లు కోపైన లోడు\nదనరు కుంకుమపువ్వు తక్కెంబు కీలుబొ- । మ్మలు వేయు పంఖాల చలువగాడ్పు-	seesamu	upajaathi	పోలిపెద్ది వేంకటరాయకవి	srngara	Laavanya
p852	మనసెరుంగగ రాదు మాటనిల్కడ లేదు । వావివర్తన నహి వలపు సున్న\nకనువిచ్చి చూడరు చనువిచ్చి కూడరు । నేస్తంబు పూజ్యము నెనరు నాస్తి\nమర్యాద లెంచరు మన్నన గాంచరు । గుణముచక్కన లిల్ల గుట్టు కల్ల\nకపటంబు మానరు కడువేడ్క బూనరు । సత్యమన్నను వట్టు జాలి మట్టు	seesamu	upajaathi	పోలిపెద్ది వేంకటరాయకవి	srngara	Laavanya
p853	కాలమృత్యువునైన కడకు ద్రోయగవచ్చు । పురవైరితోనైన బోరవచ్చు\nగరళంబు మెక్కి నిగ్రహశక్తి గనవచ్చు । నల దవానలము చేనంటవచ్చు\nమసకాడు తాచుల విసరి రాళ్లిడవచ్చు । కాలాంతకుని యాజ్ఞ గడవవచ్చు\nతనువు గోయగ మది తాళి యుండగవచ్చు । పైమాట లొకలక్ష బలుకవచ్చు	seesamu	upajaathi	పోలిపెద్ది వేంకటరాయకవి	srngara	Laavanya
p854	కమలారి కృష్ణపాడ్యమిరేయి రాగ తూ- । ర్పున నాకసము బర్వు పోలికనగ\nనమర వసంతకాలమునందు వికసించు । తీగెపన్నీరుపూదీప్తి యనగ\nశుకవాహనునకు సేవకులు వేయు నుడాయి । పావడ చెంగావి భాతి యనగ\nమదనుని రాణి సీమంతవీధిని నంటి । వగగాంచు సిందూరవర్ణమనగ	seesamu	upajaathi	పోలిపెద్ది వేంకటరాయకవి	srngara	Laavanya
p855	పూవిల్తుడొక పచ్చిబోయవానికి తోడు । మలయానిలుడు పరమాతతాయి\nతొగరేడనే గురుద్రోహి వెన్నెలగాయ । గండుకోవిల చెట్టునుండి కూయ\nచేజేత నెత్తిపెంచిన చిల్క పగదాయె । గ్రుక్కద్రిప్పదె దాని గొంతుకోయ\nమొదటనే కొదమతుమ్మెద వేరువిత్తాయె । గోర్వంక కాపురాల్ గుత్తసేయ	seesamu	upajaathi	పోలిపెద్ది వేంకటరాయకవి	srngara	Laavanya
p856	తరుణికెంతట దృష్టి తాకునో యని దాని । సొగసు కన్నులనిండ జూడ వెరతు\nమిసిమైన నునుమేను కసుగందునని చేతు- । లెత్తి బిగ్గన కౌగిలింప వెరతు\nనవకమౌ లేతచన్గవ సొక్కునని యెంచి । గట్టిగా చేకొద్ది బట్ట వెరతు\nచిలచిల నమృతంబు జిలుకగా దాని చ- । క్కెరమోవి మొనపంట గరువ వెరతు	seesamu	upajaathi	పోలిపెద్ది వేంకటరాయకవి	srngara	Laavanya
p857	చివురాకుపై మంచు చెక్కిలి చెమటంచు। తొడగ రుమాలుచే తుడువబోదు\nననటుల బిగి గాంచి పెనుదొడలని యెంచి । యొనరుగా నెలవంక లునుపబోదు\nనునుముత్యముల గాంచి చనుమొన లనిపించి । తెలియజాలక చేత నలుమబోదు\nపటములో వ్రాసిన ప్రతిమను గాంచి నీ- । వంచు ప్రేమను కౌగిలించబోదు	seesamu	upajaathi	పోలిపెద్ది వేంకటరాయకవి	srngara	Laavanya
p858	కలపంబు నెమ్మేన నలది యొద్దిక జేరి । వినుతించి కప్పురవిడె మొసంగి\nయరవిరి సంపెందవిరులు సొంపుగ జుట్టి । కడుమోదమున బిగ్గ గౌగలించి\nపెదవితేనియలిచ్చి మదనదాహము దీర్చి । కెమ్మోవిపై పలుగెంపులుంచి\nపావురగతి కేరి పలికి చెక్కిలి జీరి । ముద్దిచ్చి లాలించి మోహరించి	seesamu	upajaathi	పోలిపెద్ది వేంకటరాయకవి	srngara	Laavanya
p859	మొనపంట కసిదీరగను చురుక్కున నొక్కి । నొచ్చెనో మోవంచు నూరడించు\nకిలకిల నవ్వి చెక్కిలి నొక్కి నా సామి । కందెరా యంచు చన్గవలనంచు\nప్రొద్దాయ లెమ్మని గద్దించి పల్కుచు । కదిసి ప్రేమను వచ్చి కౌగిలించు\nసురతంబునను చాల సొక్కితివని పైట- । చెరగెత్తి నెమ్మోము చెమటలొత్తు-	seesamu	upajaathi	పోలిపెద్ది వేంకటరాయకవి	srngara	Laavanya
p860	తీపైన బేషక్ మఠా పఠాన్ తురకి క- । చ్చీ మాదువాను తేజీల పాగ\nదిట్టంపు మేల్ జుల్ఫ తీపిల్ల చిగురుఖాం- । డా కమ్మి యస్సల్ కడానిబొమ్మ\nతరుణుల మేటి నిద్దాహొంతకారి బి- । త్తరుల మిన్నా తేటకురుచతేనె\nగరిగె లేతాకు తేగా బాదుషా సాము- । వస్తాదు యెనలేని వన్నెలాడి	seesamu	upajaathi	పోలిపెద్ది వేంకటరాయకవి	srngara	Laavanya
p861	శ్రీమద్రామ పదారవిందయుగళిన్‌ సేవించి, యస్మద్గురు\nస్వామిన్‌ వేడ్క భజించి, సత్కవి నమస్కారంబుఁ గావించి, వా\nగ్భూమప్రౌఢిమ నీకు నొక్క శతకంబున్‌ భక్తి నర్పించెదన్‌\nనా మీదం గృపజేసి కైకొను మమందప్రీతితో మారుతీ!	saardulamu	vruttamu	గోపీనాథము వేంకటకవి	bhakti	Maaruti
p862	అనఘా! నీవు జనించి నప్పుడె సముద్యద్భూరితేజంబునన్‌\nవినువీథిం గనుపట్టు బాలరవి సద్బింబంబు నీక్షించి, యె\nఱ్ఱని పండంచు గ్రసింప బత్రిపతిలీలన్‌ వేడ్క మున్నూరు యో\nజనముల్‌ మింటికి దాటితౌఁ ద్రిభువనశ్లాఘ్యుండవై మారుతీ!	mattebhamu	vruttamu	గోపీనాథము వేంకటకవి	bhakti	Maaruti
p863	నిజగర్భస్థితశైవతేజము, సమున్నిద్రాత్మ తేజంబుఁ గూ\nడ జగత్ప్రాణుఁ డమోఘ కేసరివనాటక్షేత్రమందర్థి నిం\nచ, జయశ్రీ మహిమాప్తి నయ్యుభయతేజంబుల్‌ రహిన్‌ మిశ్రమై\nత్రిజగంబుల్‌ గొనియాడ బుట్టితివి గాదే నీవిలన్‌ మారుతీ!	mattebhamu	vruttamu	గోపీనాథము వేంకటకవి	bhakti	Maaruti
p864	అనిమేషేభము తెల్లపండనుచు బాల్యక్రీడలన్‌ మ్రింగ నొ\nయ్యన డాయం బవిచే బలారి నిను మూర్ఛాక్రాంతునిం జేయ బూ\nర్వనగాధిత్యక మీఁద వామహనువున్‌ భగ్నంబుగా వ్రాలినన్‌\nహనుమంతుండను పేరు నాడమరె నీకన్వర్థమై మారుతీ!	mattebhamu	vruttamu	గోపీనాథము వేంకటకవి	bhakti	Maaruti
p865	లేరా కీశులనేకులుం? ద్రిజగముల్‌ వీక్షించి రా నేర్పరుల్‌\nగారా? రాముఁడు జానకిన్‌ వెదక వీఁకన్‌ గీశులం బంపుచో\nనారూఢిన్‌ భవదీయ దివ్యమహిమ వ్యాపారముల్‌ సూచి కా\nదా! రత్నాంగుళి భూషణం బిడియె నీ హస్తంబునన్‌ మారుతీ!	saardulamu	vruttamu	గోపీనాథము వేంకటకవి	bhakti	Maaruti
p866	సీతన్‌ గానక, దప్పిచే బడలి గాసిం జెందు శైలాట సం\nఘాతంబుం గొని, శైలగహ్వర సుధా కల్పాంబువుల్‌, సత్ఫల\nవ్రాతంబుం దనివార నందఱ భుజింపంజేసి, తద్దేవతా\nఖాతశ్వభ్రము వెల్వరించితివి యోగప్రౌఢిచే మారుతీ!	saardulamu	vruttamu	గోపీనాథము వేంకటకవి	bhakti	Maaruti
p867	ఏలా మీకు భయంబు నేఁ గలుగ, మీ రిందుండుఁ డేనొక్కఁడన్‌\nవాలాయంబు పయోధి దాటి యనువొందన్‌ లంకలో జానకిం\nబోలం గన్గొని వత్తు, నిత్తు బరమామోదంబు మీ కంచు ధై\nర్యాలాపంబులు వల్కి తేర్చితివి గాదా కీశులన్‌ మారుతీ!	saardulamu	vruttamu	గోపీనాథము వేంకటకవి	bhakti	Maaruti
p868	స్థిరసత్త్వంబున శైలరాజము ధరిత్రిం గ్రుంగఁ బాదంబులూ\nది, రహిన్‌ భూరిభుజోరు వేగమున ధాత్రీజాతముల్‌ పెల్లగి\nల్లి రయంబారఁగఁ దోడ రా, గగనమున్‌ లీలాగతిన్‌ మ్రింగ సు\nస్థిరశక్తిం జనుమాడ్కి దాటితివి గాదే నింగికిన్‌ మారుతీ!	mattebhamu	vruttamu	గోపీనాథము వేంకటకవి	bhakti	Maaruti
p869	లోకాలోకగుహాముఖంబులు బదుల్‌ మ్రోయంగ నుద్వృత్తి న\nస్తోకధ్వానమొనర్చి, వజ్రనిభ వక్షోఘట్టనస్ఫూర్తి మై\nనాకంబున్‌ సుడిబెట్టి దాని పిదపన్‌ మన్నించి కేలూది ప్ర\nత్యేకం బా బలవైరిచేత నభయంబిప్పింపవే మారుతీ!	saardulamu	vruttamu	గోపీనాథము వేంకటకవి	bhakti	Maaruti
p870	పటుపాథోధి తరంగ పంక్తులు గణింపం బోవు చందాన ను\nత్కటవేగంబునఁ బోవు నిన్నుఁ గని వేడ్కన్‌ వీతసందేహులై\nచటుల స్థైర్యబలద్యుతిస్యదమతుల్‌ శౌర్యంబు ధైర్యంబు మి\nక్కుట మౌఁగా కని నీకొసంగరె దివౌకుల్‌ దీవనల్‌ మారుతీ!	mattebhamu	vruttamu	గోపీనాథము వేంకటకవి	bhakti	Maaruti
p871	శరదశ్రేణుల దూరుచున్‌ వెడలుచుం జాబిల్లి చందానఁ బు\nష్కర మార్గంబున నేగు నిన్నుఁ గని నీ చాతుర్యమున్‌ మెచ్చి ని\nర్జరు లానంద మెలర్పఁ జల్లిన మరుత్సంతానపుష్పంబుల\nట్లరుదారన్‌ గననయ్యెఁ జుట్టును సముద్యత్తారకల్‌ మారుతీ!	mattebhamu	vruttamu	గోపీనాథము వేంకటకవి	bhakti	Maaruti
p872	ఛాయాగ్రాహిణి నామరాక్షసి సరస్వ న్మధ్యమందుండి నీ\nకాయచ్ఛాయను బట్టి వేఁ దిగువఁ దద్గర్భంబు భేదించి త\nత్కాయంబుం గొని మింటిపై కెగసి కిన్కన్‌ వార్ధిలో జీవితా\nపాయంబుం గలుగంగ వైచిన నినున్‌ వర్ణించెదన్‌ మారుతీ!	saardulamu	vruttamu	గోపీనాథము వేంకటకవి	bhakti	Maaruti
p873	మైనాకంబు నతిక్రమించి, సురసన్‌ మన్నించి, యా సింహికా\nఖ్యానన్‌ రాక్షసిఁ గీడటంచి నడుమన్‌ గాలూద కస్తాద్రికిం\nభానుండేగక మున్నె, మారుతగతిన్‌ వారాశి నూఱామడన్‌\nగ్లానిం జెందక దాటితీవు సురసంఘంబెన్నఁగా మారుతీ!	saardulamu	vruttamu	గోపీనాథము వేంకటకవి	bhakti	Maaruti
p874	తతవేగంబున వార్థి దాటి గడిమిం దద్యామ్యతీరస్థ ప\nర్వతముం జేరి నగోపమాన నిజగాత్రవ్యాప్తి జాలించి, ని\nర్గత మోహుండగు యోగిభంగిఁ బ్రకృతిం బ్రాపించి, లంకాపురీ\nస్థితసర్వంబును బోల జూచితివి గాదే దవ్వులన్‌ మారుతీ!	mattebhamu	vruttamu	గోపీనాథము వేంకటకవి	bhakti	Maaruti
p875	పంకేజాసను శాసనంబున జయింపన్‌ రాక యశ్రాంతమున్‌\nలంకాద్వారముఁ గాచియున్న కుపితన్‌ లంకన్‌ జయాంకన్‌ నిరా\nతంకప్రౌఢి నశంకముష్టిహతి చేతం దూలఁగాఁ బుచ్చి, వీ\nరాంకగ్రామణివై వెలింగెడు నినున్‌ బ్రార్థించెదన్‌ మారుతీ!	saardulamu	vruttamu	గోపీనాథము వేంకటకవి	bhakti	Maaruti
p876	ప్రాచుర్యంబుగ చందురుండు కిరణవ్రాతంబు పైఁ జల్లుచున్‌\nసాచివ్యం బొనరింప యోగమహిమన్‌ మార్జాలమాత్రుండవై\nనీచుల్‌ దైత్యులు చూడకుండ సతి నన్వేషింపగా శేముషీ\nవైచిత్రిన్‌ వెస లంక డాసిన నినున్‌ వర్ణించెదన్‌ మారుతీ!	saardulamu	vruttamu	గోపీనాథము వేంకటకవి	bhakti	Maaruti
p877	లంకానామనిశాటి నాకరణిఁ దూలం బుచ్చి యాప్రోలిఁకన్‌\nగంకోలూక వశంబు గాగలదు నిక్కంబంచు వామాంఘ్రి ని\nశ్శంకన్‌ ముందుగ బెట్టుచున్‌ సురభిళాంచద్రాజమార్గంబునన్‌\nలంకాకాననవహ్నివై చనవె ధీరత్వంబునన్‌ మారుతీ!	saardulamu	vruttamu	గోపీనాథము వేంకటకవి	bhakti	Maaruti
p878	నానావికారరూపులను నానావేషులన్‌ దైత్యులన్‌\nనానాఘోరశరీరులం గనుచు నానాగుల్మముల్‌ చూచుచున్‌\nనానావాద్యరవంబులన్‌ వినుచు, విన్నాణంబుగా రాఘవో\nర్వీనాథ ప్రియపత్ని భూమిసుత నన్వేషింపవే మారుతీ!	saardulamu	vruttamu	గోపీనాథము వేంకటకవి	bhakti	Maaruti
p879	సాహంకారత దానవుల్‌ సలుపు వీరాలాపముల్‌ గాంత లు\nత్సాహంబొప్పఁగఁ జేయు గానములు మంత్రజ్ఞాసురప్రేరిత\nస్వాహానాదము లాలకింపుచు నవాచ్యం బీపురీవైభవం\nబాహా! చిత్రమటంచు మెచ్చుకొనవే స్వాంతంబునన్‌ మారుతీ!	saardulamu	vruttamu	గోపీనాథము వేంకటకవి	bhakti	Maaruti
p880	వరుసన్‌ గ్రంతులు రచ్చచావడులు భాస్వచ్చైత్యముల్‌ భూరిగో\nపురముల్‌ మేడలు పుణ్యవీధులగముల్‌ భూమీగృహశ్రేణులున్‌\nహరిజిత్కుంభ నికుంభులున్‌, శుకుఁడు యూపాక్షాసురుం డాదియౌ\nసురవిద్వేషుల చారుమందిరములన్‌ శోధింపవే మారుతీ!	mattebhamu	vruttamu	గోపీనాథము వేంకటకవి	bhakti	Maaruti
p881	నలువొప్పం గమనీయ పుష్పకవిమానంబుం దగం జూచి యు\nజ్జ్వల నానావిధధూపవాసనలు దివ్యస్రక్సుగంధంబు లిం\nపలరారం బ్రియబంధునిం బలె సముద్యత్ప్రీతి రమ్మంచు నిం\nజెలిమిం బిల్వఁగ నేగుదెంచినక్రియన్‌ జెంతం గుబాళింప ద\nద్విలసద్దివ్యగృహంబు జేరితివి కాదే మెల్లనన్‌ మారుతీ!	mattebhamu	vruttamu	గోపీనాథము వేంకటకవి	bhakti	Maaruti
p882	కమనీయోన్నత పుష్పతల్పము పయిం గన్మూసి గుర్వెట్టు పం\nక్తిముఖున్‌ నీలఘనాభదేహు గని తత్తేజంబునన్‌ రత్న దీ\nపములం దద్గృహమెల్ల వెల్గుచునికిన్‌ భావంబునన్‌ మెచ్చుచున్‌\nసముదంచద్గతి నచ్చటన్‌ వెదకవే క్ష్మాపుత్రికన్‌ మారుతీ!	mattebhamu	vruttamu	గోపీనాథము వేంకటకవి	bhakti	Maaruti
p883	ఈలీలన్‌ దశకంఠుపట్టణములో నేపారఁగాఁ బెక్కు చం\nదాలమ్‌ గేలలిడునంత భూమితల మైనం దప్పకుండంగ నీ\nవాలోకించి మహీజఁ గానక నిజస్వాంతంబులోఁ గొంతసే\nపాలోచింపవే స్వామికార్యఘటనావ్యాపారమునన్‌ మారుతీ!	saardulamu	vruttamu	గోపీనాథము వేంకటకవి	bhakti	Maaruti
p884	కంటిం జారణ సిద్ధ కిన్నర మరుద్గంధర్వ కాంతావళిన్‌\nగంటిన్‌ మానవయోషలన్‌ బవనభుగ్రామా లలామంబులన్‌\nగంటిన్‌ సర్వనిశాచరప్రమదలన్‌ గంటిం బురంబందు నే\nవెంటం జానకిఁ గాననైతి నని నిర్వేదింపవే మారుతీ!	saardulamu	vruttamu	గోపీనాథము వేంకటకవి	bhakti	Maaruti
p885	ఈ లంకాపురరాజ్యమందుగల చోట్లెల్లన్‌ సమగ్రంబుగా\nనాలోకించితి నింక నొక్క వన మీ యంతఃపురాభ్యాసమం\nదాలేఖేశవనంబు మాడ్కిఁ గడు హృద్యంబై రహిం గ్రాలెడిన్‌\nబాలారత్నము నచ్చటన్‌ వెదకెదం గాకంచు డెందాన నీ\nవాలోచించి రయంబు మీరఁ జనవే యచ్చోటికిన్‌ మారుతీ!	saardulamu	vruttamu	గోపీనాథము వేంకటకవి	bhakti	Maaruti
p886	వనముఙ్మండలిఁ జొచ్చు చంద్రుని గతిన్‌ బ్రచ్ఛన్నవేషంబుతో\nవనముం జొచ్చి లతాగృహోత్కర తరువ్రాతంబులన్‌ దీర్ఘికల్‌\nఘనసౌధంబులు చూచుచున్‌ జని మరుత్కల్పుండవై శింశుపా\nఖ్య నగారోహణ మాచరించితివి గాదా నేర్పునన్‌ మారుతీ!	mattebhamu	vruttamu	గోపీనాథము వేంకటకవి	bhakti	Maaruti
p887	తరుణిం గ్రీష్మగభస్తి, తప్తలతచందానన్‌ రహిన్‌ వాడి భీ\nకర దైత్యాంగన లాడు మాటలకు నాకంపించుచున్‌ సారెకున్‌\nజిరభక్తిన్‌ రఘురామ, రామ యనుచుం బేర్కొంచు శోకార్తయై\nతరుమూలంబున నున్న జానకిని సందర్శింపవే మారుతీ!	mattebhamu	vruttamu	గోపీనాథము వేంకటకవి	bhakti	Maaruti
p888	రామాధీశుడు తండ్రి పంపున మహారణ్యోర్వికిన్‌ వచ్చె ని\nష్కామం దత్సతి సీత బల్మిఁ గొని వీకం బోయె బంక్త్యాస్యుఁడా\nరామన్‌ వే వెదకంగ నేను జలధిన్‌ లంఘించి శోధించి యి\nచ్చో మన్మాతను గంటిమంటి ననుచున్‌ శ్రోత్రానుకూలంబుగా\nవేమాఱున్‌ మధురంబుగాఁ బలుకవే విన్నాణివై మారుతీ!	saardulamu	vruttamu	గోపీనాథము వేంకటకవి	bhakti	Maaruti
p889	అతిసూక్ష్మాంగుఁడ వీవు ననుఁ గొని యీయంభోనిధిం దాటి యే\nగతి పోవంగలవంచు సీత పలుకం గౌతూహలం బొప్ప న\nప్రతిమానామర శైలసన్నిభ శరీరం బర్మిలిం జూపి యా\nక్షితికన్యామణి కద్భుతంబు ముదముం గీల్కొల్పవే మారుతీ!	mattebhamu	vruttamu	గోపీనాథము వేంకటకవి	bhakti	Maaruti
p890	ప్రమదం బొప్పఁగ సీత యిచ్చిన శిరోరత్నం బొగిన్‌ సంగ్రహిం\nచి మహాత్ముండగు రాము నిచ్చటికి నే శీఘ్రంబునఁ దోడి తె\nత్తు మదిన్‌ శోకముఁ దక్కియుండుమని యెంతో భక్తితో నూరడిం\nచి, మహిన్‌ సాగిలి మ్రొక్కి గైకొనవె యాశీర్వాదముల్‌ మారుతీ!	mattebhamu	vruttamu	గోపీనాథము వేంకటకవి	bhakti	Maaruti
p891	జనకక్ష్మాపతిపుత్రిచేఁ దగ ననుజ్ఞాతుండవై 'యూరకే\nజననేలా, దశకంఠదైత్యునకు మత్సామర్థ్య మొక్కింత జూ\nపనగుం గా' కని తండ్రివోలె నతిరంహం బర్మిలిం దాల్చి గ్ర\nద్దన నద్దైత్యుని ప్రాణతుల్యవన ముత్పాటింపవే మారుతీ!	mattebhamu	vruttamu	గోపీనాథము వేంకటకవి	bhakti	Maaruti
p892	వప్రంబుల్‌ బడఁగూల్చి బల్విడి నభోభాగంబుతో రాయు చై\nత్యప్రాసాదముఁ గూలఁదన్ని విపులస్తంభంబుచే బాహుస\nత్త్వప్రావీణ్య మెలర్పఁ దద్వనముఁ దత్ప్రాసాదముం గాచు దే\nవప్రద్వేషుల నెల్ల దారుణగతిన్‌ భంజింపవే మారుతీ!	saardulamu	vruttamu	గోపీనాథము వేంకటకవి	bhakti	Maaruti
p893	శైలోత్పాటన దక్షిణుండగు నభస్వత్పుత్రుఁడన్‌ జన్యవి\nద్యాలోలుండగు రామభద్రునకు నే దాసుండ సుగ్రీవునిన్‌\nవాలాయంబు భజించువాఁడ హనుమన్నామంబునం బొల్తు భూ\nపాలుండంపఁగ భూమిపుత్రిఁ బరికింపన్‌ వచ్చితిన్‌ గ్రవ్యభు\nక్కాలుండన్‌ జనుతెండు పోరి కని లంకం జాటవే మారుతీ!	saardulamu	vruttamu	గోపీనాథము వేంకటకవి	bhakti	Maaruti
p894	దురితాత్ముల్‌ దశకంఠుపంపున మదాంధుల్‌ పంచసేనాగ్రగుల్‌\nపరుషోగ్రాస్త్రము వేయుచుం గదియఁ గాలం గేల మర్దించి భీ\nకరభంగిన్‌ పరిమార్చి తోరణ విటంకస్థుండవై, వెండి దు\nష్కరదైతేయ సమాగమంబు మదిలోఁ గాంక్షింపవే మారుతీ!	mattebhamu	vruttamu	గోపీనాథము వేంకటకవి	bhakti	Maaruti
p895	అక్షీణస్ఫుట బాహుశౌర్యుఁడు మహాహంకారుఁడున్‌ దైత్యహ\nర్యక్షుం డక్షుఁడు డాయఁ దార్క్ష్యుఁడహినట్ల వాని పదంబులన్‌\nదక్షత్వంబునఁ బట్టి యెత్తి వడి మింటన్‌ బల్మరుం ద్రిప్పి జ\nన్యక్షోణిం బడవైచి చంపవె బలౌద్ధత్యంబునన్‌ మారుతీ!	saardulamu	vruttamu	గోపీనాథము వేంకటకవి	bhakti	Maaruti
p896	దితిజాధీశుని మ్రోల నిల్చి వెస దత్తేజంబు రూపంబు సం\nస్థితి సర్వంబును బోలఁ జూచి యహహా తేజస్వి యౌ వీని యం\nదతి దౌష్ట్యంబిది లేక యున్న సురలోకాధీశ్వరత్వంబున స\nమ్మతి నొందం దగ నర్హుఁడంచు మదిలో భావింపవే మారుతీ!	mattebhamu	vruttamu	గోపీనాథము వేంకటకవి	bhakti	Maaruti
p897	భవదీయాకృతియున్‌ బ్రతాపమును శుంభద్వీర్యముం గాంచి దై\nత్యవిభుండీతఁడు కీశమాత్రకుఁడుగాఁ డాదిత్యులుం బంపఁగా\nభువిఁ గీశాకృతిఁ దాల్చి వచ్చిన మహాభూతంబగుం గానిచో\nదివిజారాతులఁ జంపునే యనుచుఁ జింతింపండొకో మారుతీ!	mattebhamu	vruttamu	గోపీనాథము వేంకటకవి	bhakti	Maaruti
p898	'ఓరి రావణ! నేను రామనృపవంశోత్తంసు దాసుండ నా\nశూరాగ్రేసరుపత్ని నీవు వనిలో జోరుండవై తెచ్చిత\nన్నారీరత్నము నిమ్ము రాఘవునకున్‌ గాకున్న నీవింక త\nద్ఘోరాస్త్రంబులఁ జత్తు వాజి' నని నీతుల్‌ దెల్పవే మారుతీ!	saardulamu	vruttamu	గోపీనాథము వేంకటకవి	bhakti	Maaruti
p899	బాలారత్నము సీత మ్రుచ్చిలిటు నీ పాలింటికిన్‌ మృత్యువం\nచాలోకింపక దెచ్చితింత కెపుడో యద్దేవి కోపానల\nజ్వాలాళిం బడి భస్మమై చనక సప్రాణుండవై యుండుటల్‌\nచాలన్‌ చిత్రము భర్తచేఁ గలన నిన్‌ జంపింప నిందాక ని\nట్లాలస్యం బొనరించె నంచనవె దేవారాతితో మాఅరుతీ!	saardulamu	vruttamu	గోపీనాథము వేంకటకవి	bhakti	Maaruti
p900	'దశకంఠాసుర! పుణ్యసాధ్వియగు సీతం గానలో దొంగవై\nపశుబుద్ధిం గొనితెచ్చి నందుకిపుడే బంధించి ముష్టిన్‌ త్వదు\nగ్రశిరంబుల్‌ వెస వ్రక్కలింపనగు నా రామాజ్ఞ లేకున్కి దు\nర్దశ నొందింపక యోర్చియుంటి' ననుచుం దర్జింపవే మారుతీ!	mattebhamu	vruttamu	గోపీనాథము వేంకటకవి	bhakti	Maaruti
p901	దనుజాధీశుఁడు నీదువాలమునకున్‌ తైలార్ద్రచేలంబు లొ\nయ్యనఁ జుట్టించి కొనన్‌ కృశాను నిడి దేవారాతు లివ్వానరుం\nగొని ప్రోలంతయుఁ ద్రిప్పుడంచుఁ బలుకన్‌ ఘోషింపుచున్‌ దైత్యుల\nట్లొనరింపన్‌ బురి గుప్తికర్మము తదుద్యోగంబు వీక్షింపఁ బె\nల్పన దత్కర్మ మొకింతసేపు మదిలో సైరింపవే మారుతీ!	mattebhamu	vruttamu	గోపీనాథము వేంకటకవి	bhakti	Maaruti
p902	ప్రకటింపన్‌ జగముల్‌ దహించు శిఖి నీవాలాగ్రగుండయ్యు జా\nనకి యాశీర్వచనంబునన్‌ బవనబాంధవ్యంబునన్‌ జేసి తా\nవకవాలాంచితరోమమైనఁ గమలింపన్‌ శక్తుఁడుంగాక పొం\nదికతోఁ జందనపంకశీతుఁ డగుచున్‌ దీపింపఁడే మారుతీ!	mattebhamu	vruttamu	గోపీనాథము వేంకటకవి	bhakti	Maaruti
p903	జనకక్ష్మాపతిపుత్రి యున్న నగరాజంబున్‌, నయజ్ఞుండు స\nజ్జనమాన్యుండగు నవ్విభీషణుని వేశ్మశ్రేష్ఠముం దక్క త\nక్కిన లంకాపురమెల్ల వాలకలితాగ్నిం గ్రాగి క్రుద్దేశనే\nత్రనటత్పావక దగ్ధలోకసమతం బ్రాపించెఁగా మారుతీ!	mattebhamu	vruttamu	గోపీనాథము వేంకటకవి	bhakti	Maaruti
p904	చిరకాలంబునుండి పెంచిన మధుస్ఫీతోరుకాంతారముం\nగరమర్థిన్‌ వడిఁ జొచ్చి విచ్చలవిడిన్‌ సంతుష్టియౌ నట్లుగా\nవరుసన్‌ దేనెలుఁ ద్రావనిచ్చి ఫలముల్‌ భక్షింపఁగాఁ జేసి వా\nనరులం దృప్తులఁ జేయవే సమధికానందముతో మారుతీ!	mattebhamu	vruttamu	గోపీనాథము వేంకటకవి	bhakti	Maaruti
p905	ఆరామాధిపు పాదపద్మముల కుద్యద్భక్తితో మ్రొక్కి గ\nన్నారన్‌ జూచితి భూమిపుత్రిని దశాస్యావాసమౌ లంకలో\nసారోద్యానమునందు దైత్యయువతీ సందోహమధ్యంబునన్‌\nవీరగ్రామణి! చిక్కియున్నదని తద్వృత్తాంత మాద్యంత మిం\nపారం దెల్పి, ముదబ్ధిఁ దేల్పవె నృపాలాగ్రేసరున్‌ మారుతీ!	saardulamu	vruttamu	గోపీనాథము వేంకటకవి	bhakti	Maaruti
p906	మహిపుత్రీకుశలంబు దెల్పి, మము సమ్యగ్ప్రీతి పాథోధి వా\nర్లహరిన్‌ దేల్చితి వింక నేను ప్రతికారం బేమి గావింతు? మ\nత్సహనోదగ్రభుజాయుగాంచితపరిష్వంగంబు నీకిచ్చెదన్‌\nరహి మీఱ న్గొను మంచొసంగఁడె కృపన్‌ రాజేంద్రుఁడున్‌ మారుతీ!	mattebhamu	vruttamu	గోపీనాథము వేంకటకవి	bhakti	Maaruti
p907	ఆ లంకాపురి గుప్తికర్మము, నిశాటాళిప్రలాపంబులున్‌\nవాలాయంబు దశాస్యుగర్వమును సర్వంబున్‌ నివేదించి కీ\nశాళిం దోడ్కొని ఘోరజన్యమునకున్‌ యానంబు గావింపు, మిం\nకాలస్యంబది యేలటంచు విభునిం బ్రార్థింపవే మారుతీ!	saardulamu	vruttamu	గోపీనాథము వేంకటకవి	bhakti	Maaruti
p908	నలుఁడా సేతువు గట్టునప్పుడు కపుల్‌ నానాప్రకారంబులన్‌\nశిలలం జెట్టులు దెచ్చివైచునెడ నిస్సీమప్రభావంబునన్‌\nజలమారం దగ నీవు రాఘవుఁడు మెచ్చం గొప్ప శైలంబులన్‌\nబలువొప్పం గొని తెచ్చి వైచి జలధిం బంధింపవే మారుతీ!	mattebhamu	vruttamu	గోపీనాథము వేంకటకవి	bhakti	Maaruti
p909	సురనాథుండు శతారధార నలుకన్‌ క్షోణీధ్రముం బోలె సం\nగరభూమీస్థలి ధూమ్రలోచన మహాక్రవ్యాదునిం బట్టి ని\nష్ఠురశైలప్రహతిన్‌ విభిన్నపృథుశీర్షుం జేసి, దుర్దాంత భీ\nకరభంగిన్‌ బడఁగూల్పవే నృపతి వేడ్కం జూడఁగా మారుతీ!	mattebhamu	vruttamu	గోపీనాథము వేంకటకవి	bhakti	Maaruti
p910	దైత్యానీకపయోధి మధ్యమున మందానాద్రిభంగి రయౌ\nద్ధత్యం బొప్పఁగ సంచరింపుచు బలౌదార్యం బెలర్పన్‌ బృహ\nద్వాత్యాచక్రము శుష్కపర్ణముల చందానన్‌ వడిం ద్రిప్పి, యా\nదిత్యుల్‌ మెచ్చఁగ బట్టి గీటడఁచవే దేవాంతకున్‌ మారుతీ!	saardulamu	vruttamu	గోపీనాథము వేంకటకవి	bhakti	Maaruti
p911	జంభారాతి నిజోరుపాణిగత భాస్వద్ఘోరదంభోళిచే\nగాంభీర్యంబున విశ్వరూపుశిరముల్‌ ఖండించి నట్లీవు స\nర్వాంభోధుల్‌ గలగంగ నార్చుచు ఫణీంద్రాభాసి నంకించి, సం\nరంభం బొప్ప వెసన్‌ త్రిశీర్షుశిరముల్‌ ఖండింపవే మారుతీ!	saardulamu	vruttamu	గోపీనాథము వేంకటకవి	bhakti	Maaruti
p912	మాయాసీతను జంపి నిన్ను భ్రమియింపం జేసి దుర్వారదై\nతేయ ప్రావృతుఁడై నికుంభిలకు నెంతేఁ గోర్కితో నేగి, య\nచ్చో యాగం బొనరింపుచున్న యసురేశున్‌ మేఘనాధాఖ్యు దీ\nక్షాయుక్తిన్‌ సమరోర్వి లక్ష్మణునిచేఁ జంపింపవే మారుతీ!	saardulamu	vruttamu	గోపీనాథము వేంకటకవి	bhakti	Maaruti
p913	విద్యుద్వల్లిక భంగి వాలము వియద్వీథిం బ్రకాశింప ను\nష్ణద్యుత్యున్నతమండలంబు కరణిన్‌ వక్త్రంబు శోభిల్లగా\nప్రోద్యద్బాహుబలం బెలర్పఁగ నికుంభుం గుంభకర్ణాత్మజున్‌\nసద్యోమృత్యువు నొందఁజేయవె మహాజన్యంబునన్‌ మారుతీ!	saardulamu	vruttamu	గోపీనాథము వేంకటకవి	bhakti	Maaruti
p914	గీర్వాణాద్రివిభాగమున్‌ శిరముపై గీల్కొల్ప దుర్దాంతదో\nర్గర్వం బొప్పఁగ వచ్చుచుండ గిరికిం గాపున్న పెక్కండ్రు గం\nధర్వుల్‌ బోవఁగనీక నడ్డపడినన్‌ దర్పంబునన్‌ వారలన్‌\nదుర్వారోద్ధతి వాలజానిలమునం దూలింపవే మారుతీ!	saardulamu	vruttamu	గోపీనాథము వేంకటకవి	bhakti	Maaruti
p915	అవలీలన్‌ నిశిజాములోపల రయం బారంగ సంజీవిశై\nలవరంబుం గొని తెచ్చి జన్యమునఁ బౌలస్త్యోల్లసచ్ఛక్తిచే\nనవనిన్‌ మూర్ఛితుఁడైన లక్ష్మణున కీవా మందులర్పించి, శూ\nరవరేణ్యుం బ్రతికించి మెప్పుఁ గొనవే రాజేంద్రుచే మారుతీ!	mattebhamu	vruttamu	గోపీనాథము వేంకటకవి	bhakti	Maaruti
p916	అనఘా! యెంతని చెప్పవచ్చు భవదీయావార్యదోస్సత్త్వమున్‌\nకనకోర్వీధరసన్నిభౌషధగిరిన్‌ వాలంబునం జుట్టి గ్రం\nదున లంకాపురినుండి సత్వరమునం దొల్లింటిచోటం బడన్‌\nవినువీథిన్‌ వడి ద్రిప్పివైవవె జగద్విశ్రాంతిగా మారుతీ!	mattebhamu	vruttamu	గోపీనాథము వేంకటకవి	bhakti	Maaruti
p917	ధీరోదాత్తుఁడు రాముఁడంప నటు నందిగ్రామముం జేరి, నీ\nవారూఢిన్‌ భరతున్‌ మహాత్ముఁ గని, రామాధీశ్వరుం డర్థి సీ\nతారామవరజాన్వితంబుగ భరద్వాజాశ్రమం బర్మిలిం\nజేరెన్‌ ఱేపట వచ్చునంచు నమృతస్ఫీతోక్తులం తెల్పి యా\nధీరున్‌ హర్షపయోధి వీచికలపై దేలింపవే మారుతీ!	saardulamu	vruttamu	గోపీనాథము వేంకటకవి	bhakti	Maaruti
p918	మునిశాపంబున నీప్రభావమహిమంబున్‌, శక్తియున్‌ నీవెఱుం\nగని బీజంబున శైలసుప్తవిలసత్కంఠీరవేంద్రంబు లా\nగున నట్లుంటివి గాక నిక్కము మదిన్‌ గోపించినన్‌ సర్వలో\nకనికాయంబుల నొక్క పెట్ట నుఱుముం గావింపవే మారుతీ!	mattebhamu	vruttamu	గోపీనాథము వేంకటకవి	bhakti	Maaruti
p919	నీ మాహాత్మ్యము, నీ రయోపచయమున్‌, నీ సత్త్వసామగ్రియున్‌\nసామాన్యంబె యొకింత వాయువునకున్‌, నాగారికిన్‌ కల్గితే\nనేమోకాని తలంప ముజ్జగములం దెవ్వారికిం గల్గదో\nహైమాద్రిప్రతిమోన్నతీ! గురుమతీ! అర్కద్యుతీ! మారుతీ!	saardulamu	vruttamu	గోపీనాథము వేంకటకవి	bhakti	Maaruti
p920	అమరాద్రిప్రతిమానవిగ్రహము, బాలార్కప్రతీకాశవ\nక్త్రము శోభిల్లఁగ బారిజాతతరుమూలం బందు గూర్చుండి, యు\nత్తమభక్తిన్‌ రఘురామమూర్తిని మదిన్‌ ధ్యానింపుచున్‌ దత్పవి\nత్రమహామంత్ర మొగిన్‌ జపించు నిను నే బ్రార్థించెదన్‌ మారుతీ!	mattebhamu	vruttamu	గోపీనాథము వేంకటకవి	bhakti	Maaruti
p921	నీ కళ్యానగుణంబులున్‌, మహిమయున్‌, నీరేజగర్భుండు, తా\nరాకాంతుండును, భోగివల్లభుఁడు, గీర్వాణప్రభుండును, భవా\nనీకాంతుండు గణింపజాల రనినన్‌ నేనెంతవాడన్‌ రహిన్‌\nనాకుం దోఁచినభంగి నెన్నితిఁ గృపన్‌ మన్నింపవే మారుతీ!	saardulamu	vruttamu	గోపీనాథము వేంకటకవి	bhakti	Maaruti
p922	ఆరామాధిపు నొద్ద వానరు లనేకాక్షౌహిణుల్‌ లేరె? యె\nవ్వారైనన్‌ బహులక్షయోజనము లవ్వారాశి లంఘించి, సొం\nపారన్‌ యామములోన నౌషధినగం బాసక్తి తేఁజాలిరే?\nఔరా! నీకది జెల్లెఁగాక! కపివంశాగ్రేసరా! మారుతీ!	saardulamu	vruttamu	గోపీనాథము వేంకటకవి	bhakti	Maaruti
p923	నీ నామంబు పఠించినన్‌ నిను మదిం జింతించినన్‌ నీ కథా\nగానం బుద్ధతి సల్పినం గరము వేడ్కన్‌ నిన్నుఁ బూజించినన్‌\nనానావ్యాధులడంగు, వేలుపుల సన్మానంబు సంధిల్లు, వి\nద్యానైపుణ్యము గల్గు, చేకుఱును దీర్ఘాయుష్యమున్‌ మారుతీ!	saardulamu	vruttamu	గోపీనాథము వేంకటకవి	bhakti	Maaruti
p924	నీపేరెంచిన శత్రువర్గము వెసన్‌ నిర్మూలమైపోవు సం\nతాపంబుల్‌ దొలఁగున్‌, సమస్తదురితాంతం బౌను, కూశ్మాండ మా\nరీ, పైశాచిక యక్ష రాక్షసగ్రహ, ప్రేతోగ్ర భూతాదినా\nనాపీడల్‌ నశియించు, భద్రమొదవున్‌ సత్యంబుగా మారుతీ!	saardulamu	vruttamu	గోపీనాథము వేంకటకవి	bhakti	Maaruti
p925	ఆ సుగ్రీవుఁడు కీశరాజ్యపదవిం బ్రాపించుటల్‌ రాముఁడు\nల్లాసంబొప్పఁగ నవ్విభీషణునకున్‌ లంకాపురం బిచ్చుటల్‌\nవాసింగాంచి తరించుటల్‌ దశముఖున్‌ భంజించుటల్‌, మూర్ఛితుం\nడౌ సౌమిత్రినిఁ దేర్చుటల్‌, మరల సీతావాప్తియున్‌ సర్వమున్‌\nనీ సాహాయము చేతనే కద? లసన్మేధానిధీ మారుతీ!	saardulamu	vruttamu	గోపీనాథము వేంకటకవి	bhakti	Maaruti
p926	పదదోషంబులు సంధిదోషము, యతిప్రాసాదిదోషంబులున్‌\nప్రథితవ్యర్థ సమాసదోషము రసార్థప్రక్రియాదోషముల్‌\nపదపద్యంబులఁ గల్గియున్న ననుకంపన్‌ వాని నన్నింటి నీ\nమది సైరించి, గుణంబుగాఁ గొని ననుం బాలింపవే మారుతీ!	mattebhamu	vruttamu	గోపీనాథము వేంకటకవి	bhakti	Maaruti
p927	చతురత్వంబున గోపినాథకులవిస్తారుండు శ్రీపద్మనా\nభతనూజుండగు వేంకటాఖ్యకవి విద్వత్సమ్మతంబైన యీ\nశతకంబున్‌ రచియించి, నీకు సముదంచద్భక్తి నర్పించె, స\nమ్మతితో దీనిఁ బరిగ్రహించి, కరుణ బాలింపవే మారుతీ!	mattebhamu	vruttamu	గోపీనాథము వేంకటకవి	bhakti	Maaruti
p928	శ్రీపతియైనఁ గాని విధుశేఖరుఁడైన త్రిశూలపాణియై-\nనా పరమేష్ఠియైన గణనాయకుఁడైన రమామృడానులై-\nనా పలుకుం బొలంతియయినా పరిరక్షణకార్యసత్క్రియో-\nద్దీపనబోధనోక్తులను దెల్పను తల్లినిఁ బోలరెవ్వరున్.	vutpalamaala	vruttamu	మాతూరి అప్పావు మొదలారి	other	Maathru
p929	బాలలఁ గూడి బొమ్మ నొడిపైఁ గడుఁబ్రేమ చెలంగ నిల్పి తా-\nనోలలు పాడుచున్ బొదలి యుగ్గిడి కేలను మేను దువ్వుచోఁ\nజాల మనంబుతో నిటులఁ జక్కనిపట్టిని గాన నెప్పుడో\nకాల మటంచు నెంచు మదిఁ గల్గిన తల్లినిఁ బోలరెవ్వరున్.	vutpalamaala	vruttamu	మాతూరి అప్పావు మొదలారి	other	Maathru
p930	తనయుని మీఁది బాళి మదిఁ దాఁకినచో నుపవాస మీశ్వరా-\nర్చనమును నోములాదియగు సత్క్రియలెల్లను జేయుచో నెదం\nబెనఁగిన ప్రేమమై నొగిఁ దపింపఁగ నోర్చుచు సౌఖ్యమేమి నె-\nమ్మనమున నాస పాల్పడని మానినిఁ దల్లినిఁ బోలరెవ్వరున్.	champakamaala	vruttamu	మాతూరి అప్పావు మొదలారి	other	Maathru
p931	సేతువులో మునుంగు నతిశేముషి దీనుల నన్నదానసం-\nప్రీతులఁ జేయు దేవతలఁ బేర్కొను నైదువరాండ్ర కెల్లన-\nయ్యే తనివారు వాయనములిచ్చుఁ బురాణము లాలకించుఁ దా-\nనేతఱి నోమునోఁచుఁ దనయేచ్ఛను దల్లినిఁ బోలరెవ్వరున్.	vutpalamaala	vruttamu	మాతూరి అప్పావు మొదలారి	other	Maathru
p932	మోద మెలర్పఁగా దనయమోహము చేతను బిప్పలద్రు నా-\nగాది ప్రతిష్ఠలెల్ల జనులందఱు సంతసమందఁ జేయుచో,\nబేదఱికం బదెంత మఱి బిడ్డలు గల్గినఁ జాలునంచు నా-\nపాదన జేయుచో నెపుడుఁ బల్కెడు తల్లినిఁ బోలరెవ్వరున్.	vutpalamaala	vruttamu	మాతూరి అప్పావు మొదలారి	other	Maathru
p933	అనయము నందనేచ్ఛ హృదయంబున మల్లడిసేయ మీనలో-\nచన నిలయంబులో నిలిచి షణ్ముఖునిం జెలువారఁ గన్న యో\nజనని దయానిధీ సుతులఁ జయ్యననిమ్మని నెమ్మి మీఱఁగా\nమునుకొని సాగిలం బడుచు మ్రొక్కెడు తల్లినిఁ బోలరెవ్వరున్.	champakamaala	vruttamu	మాతూరి అప్పావు మొదలారి	other	Maathru
p934	వేవిళు లోఁకిరింతలును విన్నఁదనంబును దోఁప డస్సి గ-\nర్భావరణార్భకావనశుభక్రమ మొప్పఁగ మంత్రతంత్రసం-\nభావన మీఱ మాంత్రికుల భావనఁ జేయుచుఁ ‘బుత్రవృద్ధికిన్\nదైవము తోడు గావలె సదా’ యను తల్లినిఁ బోలరెవ్వరున్.	vutpalamaala	vruttamu	మాతూరి అప్పావు మొదలారి	other	Maathru
p935	చెలు లిటు రమ్మటంచుఁ దనుఁ జీఱిన వేసట గర్భగోళసం-\nకలితసుతావనేచ్ఛఁ జనఁగా మఱి యూహఁ దొలంగు దేహళీ-\nస్థలి నెగదాఁటనేరనని తగ్గులు మిఱ్ఱులు చూచి తిన్నఁగాఁ\nగలక దలంగి తా నడచు కామినిఁ దల్లినిఁ బోలరెవ్వరున్.	champakamaala	vruttamu	మాతూరి అప్పావు మొదలారి	other	Maathru
p936	మాసములెల్లఁ బూర్ణమయి మానవతీమణి గర్భవేదనా-\nయాసముతోడ నుండుతఱి నంగన పుత్రునిఁ గాంచె నన్నుఁ దా-\nనా సడి విన్న మాత్రమున నా వచనం బమృతప్రవాహధా-\nరాసమమైనచో మనము రంజిలు తల్లినిఁ బోలరెవ్వరున్.	vutpalamaala	vruttamu	మాతూరి అప్పావు మొదలారి	other	Maathru
p937	విసుకుచు బిడ్డనుం గనిన వేదనఁ గుందుచు నున్నయప్పు డా\nనిసుపును దెచ్చి పొత్తులను నించినచోఁ దన కష్టరీతులన్\nమసలక తత్సుతావనవిమర్శ ఘనంబుగఁ జిందు ద్రొక్క దా-\nమసమునఁ బ్రోచు నేర్పుగల మానిని దల్లినిఁ బోలరెవ్వరున్.	champakamaala	vruttamu	మాతూరి అప్పావు మొదలారి	other	Maathru
p938	చిఱుత జనించునంతఁ దన చిత్తము సార్థకమై చెలంగిన-\nట్లురుతరభాగ్య మబ్బినటు లుర్వి సమస్తము నేలినట్లు పెం-\nదురమున గెల్చుచో విజయతూణము లెల్లెడ నాఁటినట్టు ల-\nబ్బురముగ సంతసిల్లు విరిబోఁడిని దల్లినిఁ బోలరెవ్వరున్.	champakamaala	vruttamu	మాతూరి అప్పావు మొదలారి	other	Maathru
p939	ప్రమదము మీఱఁ గన్న యల బాలునకై యొకవేళఁ బక్షిదో-\nషమొనరు దృష్టి సోఁకు గ్రహసంసరణంబును గాలి ముట్టు దో-\nషము మొదలైన దోషములు సంధిలకుండఁగ నంతలోన వే-\nగమునను రక్షరేకు మొలఁ గట్టెడు తల్లినిఁ బోలరెవ్వరున్.	champakamaala	vruttamu	మాతూరి అప్పావు మొదలారి	other	Maathru
p940	పురుడు చనంగ జాతకపుఁ బొంక మెఱింగినయట్టి పెద్ద లా-\nదరమున దీర్ఘకాలము ముదంబున మీనవిలోచనాతివి-\nస్ఫురకరుణావిశేషమున శోభిలుచుం భవదాత్మజుండు బ-\nల్వరలు నటన్న మాట విన వాంఛిలు తల్లినిఁ బోలరెవ్వరున్.	champakamaala	vruttamu	మాతూరి అప్పావు మొదలారి	other	Maathru
p941	నెలపురు డీఁగుదాఁక బలునే ర్పలరారను మూలయింటిలో-\nపలఁ బరు లెవ్వరేని తన పట్టినిఁ జూచిన దృష్టి దాఁకు ని-\nమ్ముల నని దాఁచి గాలితెఱ ముంగలఁ దానొనరించి పెంపుటిం-\nతుల పయిఁగాఁపుగా నిడిన తొయ్యలిఁ దల్లినిఁ బోలరెవ్వరున్.	champakamaala	vruttamu	మాతూరి అప్పావు మొదలారి	other	Maathru
p942	కారము నూరిపోయు నెడ గాసిలనీయదు బోరుబెట్టినన్\nగూరిమితోడ నెత్తుకొని గుబ్బల పాలిడు జోలఁ బాడు స-\nత్కారము మీఱుచోఁ గసురు దాఁకె నటం చని కుందుఁ బుత్రలీ-\nలారతి నాఁటనాఁట నిటుల న్మదిఁ దల్లినిఁ బోలరెవ్వరున్.	vutpalamaala	vruttamu	మాతూరి అప్పావు మొదలారి	other	Maathru
p943	పిడికిలి పట్టువేళఁ దనుఁ బేర్కొని నవ్వెడువేళ నోరలం\nబడియెడువేళ నూకురులు పల్కెడివేళను దోఁగులాడుటన్\nదడఁబడువేళఁ జూడఁ గని తప్పుటడుంగిడువేళఁ బ్రేమ బల్\nగడలుకొనంగ సంతసిలు కామినిఁ దల్లినిఁ బోలరెవ్వరున్.	champakamaala	vruttamu	మాతూరి అప్పావు మొదలారి	other	Maathru
p944	బాలుని వృద్ధికై యొరులు పల్కినయట్టుల నెంత ద్రవ్యమై-\nనా లవమాత్ర మంచుఁ దన నాథునకున్ దెలియంగఁ బల్కుచున్\nలీల ఘటించి నందనుని లీలలకు న్మది సొక్కి యోగులం\nబోలినయట్టులుండు ననబోణినిఁ దల్లినిఁ బోలరెవ్వరున్.	vutpalamaala	vruttamu	మాతూరి అప్పావు మొదలారి	other	Maathru
p945	చెలు లుదకంబు దేరఁ దన చేతను నూనియఁ దోఁగ నంటుచోఁ\nదల జలకంబు లార్చి బలుతాలిమితోఁ దడి యొత్తి మోమునన్\nదిలకముచుక్క బొట్టువలె దీరిచి సంతసమంద నాత్మలో-\nపల నలరారుచున్న యల భామినిఁ దల్లినిఁ బోలరెవ్వరున్.	champakamaala	vruttamu	మాతూరి అప్పావు మొదలారి	other	Maathru
p946	ఇంతులఁ జూచి మీ సుతుల కే పస రుగ్గిడినారు మీరు గో-\nరంత యెఱుంగఁ బల్కఁగదరమ్మ యటంచుఁ జికిత్స దోఁప నిం-\nతంతనరాని యౌషధము లారయుచున్ గడుబ్రోచుచున్న ధ-\nన్వంతరియో యనంగఁ జెలువారెడు తల్లినిఁ బోలరెవ్వరున్.	vutpalamaala	vruttamu	మాతూరి అప్పావు మొదలారి	other	Maathru
p947	భావ మెలర్ప మూలికల భావన చేసినయట్టి బంగరుం\nదీవెల నూకచిట్టుడుకు దీసి మరీచిఘృతోచితంబుగాఁ\nద్రావఁగఁ జేసి వేఁడి జలధారల మేను గడింగి నిద్దురం\nబోవఁగ జోలఁ బాడుచును బొంగెడు తల్లినిఁ బోలరెవ్వరున్.	vutpalamaala	vruttamu	మాతూరి అప్పావు మొదలారి	other	Maathru
p948	క్షీరము శర్కరాన్నమును జిక్కని గట్టిపెరుంగు పాయసం-\nబారయ బొజ్జ నిండునటు లామెతగాఁ దినిపించి బిడ్డఁ డే-\nమో రహిలేక ముట్టఁ డని మో మఱ వాంచుచు “ముద్దులయ్యగా,\nరార” యటంచుఁ బిల్చుచును రాజిలు తల్లినిఁ బోలరెవ్వరున్.	vutpalamaala	vruttamu	మాతూరి అప్పావు మొదలారి	other	Maathru
p949	ఆఁకొని పోరువెట్టునెడ నారయ నడ్డముగాఁ దనూజునిం\nజేకొని క్రుచ్చి ముద్దిడుచుఁ జెక్కిలి దువ్వుచుఁ “బాయి ద్రావ రా-\nరా కనతండ్రి” యంచని మనంబునఁ గుందుచు బొజ్జనిండ ర-\nక్షాకలితోక్తిఁ జన్గుడుపు కామినిఁ దల్లినిఁ బోలరెవ్వరున్.	vutpalamaala	vruttamu	మాతూరి అప్పావు మొదలారి	other	Maathru
p950	తడఁబడునట్లు ముంగిటను దప్పుటడుం గిడువేళ నజ్ఞతన్\nబడునను చింతయు న్నడువఁ బాల్పడెనన్న కుతూహలంబు చే-\nడ్పడ నొకటైన మైమఱచి బాలునకున్ దన వ్రేలొసంగి నే-\nర్పడరఁగ ద్రిప్పుచో శుభముఁ బల్కెడు తల్లినిఁ బోలరెవ్వరున్.	champakamaala	vruttamu	మాతూరి అప్పావు మొదలారి	other	Maathru
p951	కడువడి నెందఱిన్ గనినఁగాని తనూజులు చెంతఁ జేరి పైఁ-\nబడి మురిపంపుఁ బెంపు నెఱబాధలు పెట్టినఁగాని వేసటం\nబడక నితోఽధికంబయిన బాలురఁ గన్వలెనంచు బాళిలోఁ\nబొడమి చరించుచుండు విరిబోణినిఁ దల్లినిఁ బోలరెవ్వరున్.	champakamaala	vruttamu	మాతూరి అప్పావు మొదలారి	other	Maathru
p952	వినవినఁ బాలు గాఱు నెఱవేడుక మీఱఁగ ముద్దుముద్దుగాఁ\nదనయుఁడు పల్కుచున్న విని తాఁ గనకం బొడిఁ గట్టినట్లు నె-\nమ్మనమున సంతసిల్లుచును మాటికిమాటికి దృష్టి దీయుచోఁ\nజను గుడిపించి మై నివురు చక్కని తల్లినిఁ బోలరెవ్వరున్.	champakamaala	vruttamu	మాతూరి అప్పావు మొదలారి	other	Maathru
p953	గునగున నేగుదెంచి తనకు న్మఱి పప్పు లొసంగుమంచుఁ బ-\nల్కిన నెఱముద్దుమాటలకుఁ గేవలము న్మది సొక్కి తద్వచో-\nజనితసుధారసానుభవసంగతి నాఁకలి నొప్పిదప్పు లెం-\nచని తనుజేప్సితార్థఫలశాలినిఁ దల్లినిఁ బోలరెవ్వరున్.	champakamaala	vruttamu	మాతూరి అప్పావు మొదలారి	other	Maathru
p954	తలఁపున నున్న భావ మొకదారిఁ జెలంగఁగ వచ్చిరాని మా-\nటలు మఱి పల్కువేళఁ గడు ఠాయి జెలంగెడు శౌరిసత్కథా-\nకలితవినోదముల్ వినెడు కైవడిగా వడి నాలకించుచో\nఫల మొనఁగూడెనంచు నుతిఁ బల్కెడు తల్లినిఁ బోలరెవ్వరున్.	champakamaala	vruttamu	మాతూరి అప్పావు మొదలారి	other	Maathru
p955	తన తనుజాతుఁ డొక్కతఱిఁ దప్పిదముల్ ఘటియింప భర్త నె-\nమ్మనమున సంతసించుటకు మంచివిగా వినిపించు మంచిగాఁ\nబను లొనరింప నందఱును “బాలుఁడు యోగ్యుఁ” డటన్న మాటఁ దా,\nవిని మది సంతసిల్లు నలివేణినిఁ దల్లినిఁ బోలరెవ్వరున్.	champakamaala	vruttamu	మాతూరి అప్పావు మొదలారి	other	Maathru
p956	సరసవివేకము ల్దనరుజాడ గలుంగను బిడ్డ నొక్కస-\nద్గురునకు నొప్పగింపుమని కోరిక మీఱ నిజేశుతో మనో-\nహరగతి మీఱఁ బల్కి “తనయా విను నీ వెపుడో పురాణవై-\nఖరు లెఱిఁగింతు” వంచుఁ గుతుకంపడు తల్లినిఁ బోలరెవ్వరున్.	champakamaala	vruttamu	మాతూరి అప్పావు మొదలారి	other	Maathru
p957	శ్రీలు చెలంగఁగాఁ జదువు చెప్పెడువేళఁ బరాకు మాని మా\nబాలున కిప్డు విద్య బహుభంగుల నేర్పుమటంచు పెక్కుచం-\nదాల నొసంగు వస్తుసముదాయము నాథుఁ డెఱుంగనీక బ-\nల్మాలిమి మీఱ నట్టి సుకుమారిని దల్లినిఁ బోలరెవ్వరున్.	vutpalamaala	vruttamu	మాతూరి అప్పావు మొదలారి	other	Maathru
p958	చదివితివేని నీ కిపుడు జామఫలంబులు దెచ్చి యిత్తు స-\nమ్మదమున మంచిదోవతులు మాడలొసంగుదునంచుఁ బల్కి మే-\nల్పొదలఁగ బుజ్జగించుచును బొంకముగా బడిఁ జేరఁ బంపి తాఁ\nబదపడి త్రోవలో నిలుచుఁ బల్మఱు తల్లినిఁ బోలరెవ్వరున్.	champakamaala	vruttamu	మాతూరి అప్పావు మొదలారి	other	Maathru
p959	పెనఁకువ మీఱ భోజనము పెట్టుమటంచని రాఁ గుమారునిన్\nగని చిఱునవ్వు మోవిపయిఁ గ్రమ్మఁగ నీ విపుడేమి నేర్చితో\nవినవలెనంచుఁ గోరుచును వేమఱు లాలనసేసి వేడుకన్‌\nదినుమని బువ్వఁ బెట్టు యువతీమణిఁ దల్లినిఁ బోలరెవ్వరున్.	champakamaala	vruttamu	మాతూరి అప్పావు మొదలారి	other	Maathru
p960	కొడు కెటువంటివాఁ డయినఁ గుంభినిలో నదలింపరాని దుం-\nదుడుకయి యున్న నన్యులకు దొడ్డఱికం బెఱిఁగించుచున్ మదిన్\nజిడజిడ మాని సంతసము చిప్పిలఁ గంటికి ఱెప్ప చాడ్పునన్\nదొడఁబడి ప్రోచుచున్న యలతొయ్యలిఁ దల్లినిఁ బోలరెవ్వరున్.	champakamaala	vruttamu	మాతూరి అప్పావు మొదలారి	other	Maathru
p961	సదమలరీతు లుల్లసిల సార మెఱింగెడి రీతిఁ జక్కఁగాఁ\nజదివితివేని భూజనులు సన్నుతి చేసెద రింతెకాక సం-\nపద లెడఁగూడు నీ కనుచు బాలునకు న్మఱి బుద్ధి చెప్పుచో\nమది ముదమంది యొప్పెసఁగు మానినిఁ దల్లినిఁ బోలరెవ్వరున్.	champakamaala	vruttamu	మాతూరి అప్పావు మొదలారి	other	Maathru
p962	వెడవెడ నింక భోజనపువేళ గతించిన బిడ్డఁడేమొకో\nబడి విడి రాఁడు నేఁ డనుచుఁ బాతరలాడుచు నుండునంతలోఁ\nగడఁ జనుదేర నెత్తుకొని కౌఁగిటఁ జేరిచి చుంచు దువ్వి మై-\nబడలిక దీఱ సంతసిలు భామినిఁ దల్లినిఁ బోలరెవ్వరున్.	champakamaala	vruttamu	మాతూరి అప్పావు మొదలారి	other	Maathru
p963	పలుమఱు తాను నందనుఁడు పాఠకశాలకుఁ బోనినాఁడు “నా\nపలుకు వినంగదయ్య మృదుభాషణ లాడఁగదయ్య సత్యమున్\nబలుకఁగదయ్య నీ కెపుడు భాగ్యము గల్గు” నటంచు బ్రేమతోఁ\nదెలుపుచు బుద్ధిఁ జెప్పు యువతీమణిఁ దల్లినిఁ బోలరెవ్వరున్.	champakamaala	vruttamu	మాతూరి అప్పావు మొదలారి	other	Maathru
p964	సరసులు మెచ్చఁగా గణితశాస్త్రము నేరిచి సంఖ్యలెల్ల సు-\nస్థిరమతితోడఁ జెప్పుటకుఁ దెల్వి వహించినయట్టి మంచిలే-\nకరి యగుఁగాక నా సుతశిఖామణి యంచుఁ బరాపరేశు స-\nద్గురునిఁ దలంచుచో నెదను గోరెడు తల్లినిఁ బోలరెవ్వరున్.	champakamaala	vruttamu	మాతూరి అప్పావు మొదలారి	other	Maathru
p965	పొలు పలరారఁగాఁ జదివి పూర్ణతఁ గాంచి వయోవిలాసముల్\nవెలయుచునున్న నందనుని వేడుకఁ గన్గొని పెండ్లిచేయఁగా-\nవలెనని భర్తతో వినయవాక్యములం దగువేళఁ దిన్నఁగాఁ\nదెలుపుచు సంతసిల్లెడు సతీమణిఁ దల్లినిఁ బోలరెవ్వరున్.	champakamaala	vruttamu	మాతూరి అప్పావు మొదలారి	other	Maathru
p966	కులమును రూపముం జెలువుఁ గోమలతం దలిదండ్రు లన్నద-\nమ్ములుఁ గలదానిఁగా సుగుణము ల్గలదానినిఁగా దలంచి పై-\nదలి నటు పెండ్లిచేసి యల దంపతులం గని మూఁడులోకముల్\nచెలువుగ నేలినట్లు విలసిల్లెడు తల్లినిఁ బోలరెవ్వరున్.	champakamaala	vruttamu	మాతూరి అప్పావు మొదలారి	other	Maathru
p967	చెలువము మీఱుచున్న తన చిన్నికుమారునిఁ జూచి మంత్రవా-\nదులు కలుషం బొనర్తురని తోడనె పెద్దల నాశ్రయించి ని-\nర్మలుఁ డగునట్లు చేయ హరిమంత్రములన్ బఠియింపఁ బూన్చి వా-\nరల కుపయుక్తిఁ జేయ నలరారెడు తల్లినిఁ బోలరెవ్వరున్.	champakamaala	vruttamu	మాతూరి అప్పావు మొదలారి	other	Maathru
p968	కర మరుదార రాజహితకార్యములన్ సవరించి రా సభాం-\nతరమునఁ జేయు సత్క్రియలు దా విని తత్కమనీయకల్పనా-\nపరవశయై సదా “త్రిపురభంజన సేమ మొసంగు” మంచు మీ-\nసర మలరార దీవనలు సల్పెడు తల్లినిఁ బోలరెవ్వరున్.	champakamaala	vruttamu	మాతూరి అప్పావు మొదలారి	other	Maathru
p969	భూరివివేకుఁడై సుజనపోషకుఁడై యభిమానుఁడై సదా-\nచారవిహారుఁడై పరమసాత్త్వికుఁడై గుణవంతుఁడయ్యు నేఁ\nగోరినయట్లు పట్టి తనకుం బ్రభవిల్లెఁ గదా యటంచుఁ దా-\nనూరక సంతసిల్లి మదినుబ్బెడు తల్లినిఁ బోలరెవ్వరున్.	vutpalamaala	vruttamu	మాతూరి అప్పావు మొదలారి	other	Maathru
p970	శ్రీలలరారు సంతతసుశీలుఁడు భూతదయాపరుండు వా-\nచాలుఁ డనన్యచారుజలజాతముఖీహృదయానుకూలుఁ డీ\nబాలకుఁడంచు సజ్జనులు పల్కినఁ దద్వచనంబు వీనులం\nగ్రోలుచు సంతసిల్లు సుమకోమలిఁ దల్లినిఁ బోలరెవ్వరున్.	vutpalamaala	vruttamu	మాతూరి అప్పావు మొదలారి	other	Maathru
p971	దానధురాయశోవినయ ధైర్యనిరంతరసాహసక్రియా-\nమాన జనోపకారఘనమాన్యరతుండయి మీనలోచనా-\nధ్యానమనస్కుఁడై సకలధర్మవిశారదుఁడైన సూనునిం\nదాను దలంచి సంతసిలు తన్వినిఁ దల్లినిఁ బోలరెవ్వరున్.	vutpalamaala	vruttamu	మాతూరి అప్పావు మొదలారి	other	Maathru
p972	కలుపుఁదనంబుతోడఁ దనుఁ గన్న కుమారుఁడు సంతసిల్లి కో-\nడలికి నలంకరించుచు నొడంబడి బుద్ధులు చెప్పుచున్ దనూ-\nజులవలెఁ బ్రేమ మీఱ మఱి చూచుచు భూజనులాడు మంచిప-\nల్కులకుఁ బ్రమోదమొందు సుమకోమలిఁ దల్లినిఁ బోలరెవ్వరున్.	champakamaala	vruttamu	మాతూరి అప్పావు మొదలారి	other	Maathru
p973	తనవలె నన్నపానములఁ దన్పునొ తన్పదొ ప్రేమమీఱ నం-\nదనుని నటంచు సందియము తన్నెడఁబాయమిఁ గోడ లంత భో-\nజన మిడువేళఁ దాను బతిసౌఖ్యసమాచరణంబు ముక్తిసా-\nధనమని తెల్పు ధర్మగుణదాయినిఁ దల్లినిఁ బోలరెవ్వరున్.	champakamaala	vruttamu	మాతూరి అప్పావు మొదలారి	other	Maathru
p974	చూతఫలోష్ణనూత్నఘృతసూపసమంచదపూపషడ్రసో-\nపేతము గాఁగ భోజనము పెట్టి కుమారున కోలి ఘర్మసం-\nజాతశరీరబాధ దిగజాఱుటకై దయఁ దాళవృంతముం\nజేతి కొసంగు దివ్యగుణశీలను దల్లినిఁ బోలరెవ్వరున్.	vutpalamaala	vruttamu	మాతూరి అప్పావు మొదలారి	other	Maathru
p975	కొడుకును గోడ లొంటిపడి కొంకుచు సైగలు నారజంపు టా-\nగడములు వింతవింత నెఱగారవముల్ గిలిగింతలాడు మే-\nల్సడిసడిసన్నలుం గుసగుసల్ జరిగించుట చూచి యాత్మలోఁ\nబుడమి సమస్తమేలు గతిఁ బొంగెడు తల్లినిఁ బోలరెవ్వరున్.	champakamaala	vruttamu	మాతూరి అప్పావు మొదలారి	other	Maathru
p976	కర మనురక్తి నందనులు గల్గుటకై తన ముద్దుగోడలిం\nగురుతరభక్తి దేవతలకుం బ్రణమిల్లఁగఁ జేయు వేంకటే-\nశ్వరునకు మీఁదుగట్టుమని చాటును నోములు నోఁచ ద్రవ్య ము-\nత్కరముగ నిచ్చుచోఁ గరుణ గల్గిన తల్లినిఁ బోలరెవ్వరున్.	champakamaala	vruttamu	మాతూరి అప్పావు మొదలారి	other	Maathru
p977	“అనయము రాజకార్యములయందుఁ బ్రవర్తన సేయువేళ భూ-\nజనులకుఁ గీడు పన్నునెడ సడ్డ ఘటింపఁగ నీకు లోకనిం-\nదన కెడగాని నిర్మలవిధంబు సమస్తము నీకుఁ గీర్తిసా-\nధన” మని తెల్పు సద్గుణమతల్లిని దల్లినిఁ బోలరెవ్వరున్.	champakamaala	vruttamu	మాతూరి అప్పావు మొదలారి	other	Maathru
p978	శిష్టులు మెచ్చ సజ్జనులు చేకొనునట్లు దలంచి జ్ఞానవా-\nసిష్ఠముఖప్రబంధములు చెప్పుచు సత్త్వపురాణమర్మసా-\nభీష్టవిధుల్ పఠించుటకుఁ బెద్దలఁ జూపుచుఁ బుత్రవాంఛ సం-\nతుష్టి చెలంగుచున్న యల తొయ్యలిఁ దల్లినిఁ బోలరెవ్వరున్.	vutpalamaala	vruttamu	మాతూరి అప్పావు మొదలారి	other	Maathru
p979	కోడలు గర్భమౌట తనకు న్మదిఁ దోఁచినయంత బ్రేమ గొం-\nడాడ సుపుత్రునిం బడయునట్లు ఘటింపు మటంచు శూలి పూఁ-\nబోఁడిని మందగామినినిఁ బుష్పసుగంధిని మీనలోచనన్\nవేడుకమీఱ వేఁడు నలివేణినిఁ దల్లినిఁ బోలరెవ్వరున్.	vutpalamaala	vruttamu	మాతూరి అప్పావు మొదలారి	other	Maathru
p980	నేరుపు విద్యయుం గలిమి నీతివివేకము గల్గునట్లుగా\nసారెకుఁ దెల్పుచో జగతి సౌఖ్యము గల్గ ఘటింపఁజేయుచో\nనారయఁ బ్రేమఁ దా నహరహంబును గంటికి ఱెప్ప చాడ్పు మం-\nదారము రీతిఁ బ్రోచు గుణధన్యను దల్లినిఁ బోలరెవ్వరున్.	vutpalamaala	vruttamu	మాతూరి అప్పావు మొదలారి	other	Maathru
p981	శ్రీ వెలయంగ లోకు లిది చిత్రమటంచు మదిం దలంప న-\nప్పా వతిభక్తితో జననిపైఁ గల ప్రేమ దురంగలించి రాఁ-\nగా వగ మీఱ మాతృశతకం బొనగూరిచెఁ గానఁ జూచినం\nబూవిలుకానిఁ గన్న సిరిఁబోలిన తల్లినిఁ బోలరెవ్వరున్.	vutpalamaala	vruttamu	మాతూరి అప్పావు మొదలారి	other	Maathru
p982	సుదతి కెమ్మోపి దా జూపెనా పదియారుకళల చందురువలె గానవచ్చు\nశుకవాణి కన్నులజూపెనా మరుజేతి కలువతూపులమాట్కి గానవచ్చు\nవగమీర ముంగుర్ల సొగసు చూపించెనా భ్రమరమాలికలని పల్కవచ్చు\nగబ్బిగబ్బల నుబ్బు గన్పడ జూపెనా పసిడిగిండ్లని మెచ్చ బల్కవచ్చు	seesamu	upajaathi	చెంగల్వరాయఁడు	bhakti	Madanagopala
p983	బాలనే నే తాళజాలనే యీ రవ్వలేలనే వలచిన గోలననవె\nరమ్మనే మనవిచే కొమ్మ నే బిగికౌఁగిలిమ్మనే నమ్మిన కొమ్మననవె\nచల్లగా పన్నీరు చల్లగా విభునిపై చల్లగా మదికింపు సలుపుమనవె\nదక్కి నా వలలోన జిక్కి నా సామికి మ్రొక్కినానని చాల ముదితయనవె	seesamu	upajaathi	చెంగల్వరాయఁడు	bhakti	Madanagopala
p984	అరవిరిగొమ్మరా యపరంజిబొమ్మరా మరునిచేచిల్కరా మందయాన\nయలికులవేణిరా యంబుజపాణిరా చిలుకలకొలికిరా చిగురుబోడి\nవెన్నెలగుమ్మరా యన్నులమిన్నరా పన్నీటిసోనరా పంకజాక్షి\nచిలికికటారిరా చిత్తజదంతిరా శుకవాణిరా మేటి సుందరాంగి	seesamu	upajaathi	చెంగల్వరాయఁడు	bhakti	Madanagopala
p985	వదనమా కాదది పదియారుకళలచే బెంపొంద వెలయు జాబిల్లి గాని\nకన్నులా కావవి చెన్నుమీఱగజాల మెరసెడి బేడిసమీలు గాని\nయధరమా కాదది మధురసభరితమై పరిపక్వమగు బింబఫలము గాని\nకందరమా కాదు కరిమరేఖల దాల్చి కంధిలో బొదలు శంఖంబు గాని	seesamu	upajaathi	చెంగల్వరాయఁడు	bhakti	Madanagopala
p986	చల్లని పన్నీరుచల్లి నాథునితోడ సరసంబులాడుచు చాల మెచ్చి\nయించుక నీ దయ యుంచరా నా సామి యంచు చక్కెరమోవి యాననిచ్చి\nయెదయెద గదియించి వదలక బిగియించి ముదమున జెక్కిళ్ళు ముద్దుబెట్టి\nసమరతి యుపరతి చతురత వగలను సదయునితో నొక్కజాము పెనగి	seesamu	upajaathi	చెంగల్వరాయఁడు	bhakti	Madanagopala
p987	పతియింట లేనప్డు భ్రమరమా యిట రాక తగునటే యని లేచి తరమబోవు\nసద్దుజేయక నుండజాలవె కోయిల వేళ గాదని కేల వ్రేయబోవు\nమచ్చరంబున నేడు మరుడు దండెత్తెనో చెలులార పొమ్మని జెప్పుడనును\nనిలువుటద్దమునందు నెలకొన్నవాడని తెరవ చందురుని మర్దింపబోవు	seesamu	upajaathi	చెంగల్వరాయఁడు	bhakti	Madanagopala
p988	తీరైన మృగనాభి తిలకంబు ధరియించి కనుల కాటుక దీర్చి గరిమ మీర\nనగరుగంధము మేన నలది కొప్పున దావి పొలివోని పువ్వులు పొందుపరచి\nవన్నెమీరగ సన్నవలిపెపై పన్నీరుచల్లి ఘమ్మనుచు వాసన చెలంగ\nకుంకుమ యత్తరు గోరజవ్వాదియు బొంకమౌ పాలిండ్ల బూసె నీదు	seesamu	upajaathi	చెంగల్వరాయఁడు	bhakti	Madanagopala
p989	సురతచమత్క్రియల్ సూపించిచూపించి మేలిమి నీ పొందు మెచ్చిమెచ్చి\nమోము మోమున జేర్చి ముద్దాడిముద్దాడి గొసబులియ్యని మోవి గ్రోలి గ్రోలి\nగబ్బిగుబ్బల నెద గదియించిగదియించి బిగువు కౌఁగిళ్ళను బెనగిపెనగి\nమరుకేళి గవయగ మనసిచ్చి మనసిచ్చి గౌరవంబు చెలంగగలసికలసి	seesamu	upajaathi	చెంగల్వరాయఁడు	bhakti	Madanagopala
p990	సుదతి దా దశవిధచుంబనగతులను దన భర్తకును దెల్పు దావులరయ\nగుచయుగంబులు నాభి గొనబైన కెమ్మోవి హస్తముల్ చెక్కులు మస్తకంబు\nకక్షంబు నుదురును కంఠంబు మరునిల్లు వదలక పదిచోట్ల ముదము మీర\nకరికరలీలల గావించి నఖముల ముద్దులాడగ గొంత మొనయవలయు	seesamu	upajaathi	చెంగల్వరాయఁడు	bhakti	Madanagopala
p991	గజయాన వగమీర గదిసి నాథుని యెద కులుకుగుబ్బలచేత గ్రుమ్మి వేగ\nబదపడి చేతుల వదలక బిగబట్టి గుదిగాళ్లు వెన్నున గూర్చి వొక్కి\nమరుకేళి నొకవింత మనసిచ్చి యొక కొంతసేపు హాయిగ రతిచెంది మగని\nమదికింపు పుట్టింప సదయుని మెప్పించి సుదతి నాథుని మోము జూచి తమిని	seesamu	upajaathi	చెంగల్వరాయఁడు	bhakti	Madanagopala
p992	పసిడిబుటేదారి పట్టువల్వ ధరించి రాణించు పైఠాణిరవికె దొడిగి\nబాలచందురువంటి ఫాలభాగంబున దిలకంబు కొనగోర దిద్ది వేగ\nవరుని మృదూక్తుల వలపించి జిగిబిగికౌఁగిట జేర్పును కంబుకంఠి\nపద్మంబు తావి మై బరగు పద్మినిజాతి కాంతయౌ నది గాన కమలనాభ	seesamu	upajaathi	చెంగల్వరాయఁడు	bhakti	Madanagopala
p993	తోయజముఖి విభు తొడలపై దన పాదయుగము చక్కగ నిల్పి యువతి వేగ\nపతి భుజంబులు రెండు పట్టుక తన చేత గొసరి తా గెమ్మోవి గ్రోలనిచ్చి\nకలయుచు మరుకేళి కాంక్షదీరగ జేసి యాకుమడ్పు లొసంగి హవుసుమీర\nనిను బాయజాలరా నిముషమేని యటంచు మనసుంచి దయజూడుమనుచు బలికి	seesamu	upajaathi	చెంగల్వరాయఁడు	bhakti	Madanagopala
p994	మరుని చేతికటారి మగువకుల్కు మిటారి తలపున బతి గోరి తాళలేక\nతెమ్మెర గడుదూరి తమ్ముల నటుచేరి కొమ్మలకడ జేరి గొసరి వేగ\nవలపునకే దారి వనజాక్షి యీసారి పిలువరే నా శౌరి ప్రియము దనర\nకరుణించి యొకసారి కలసెనా వగమీరి తరుణి నా తమి జీరి తలతి చెలుల	seesamu	upajaathi	చెంగల్వరాయఁడు	bhakti	Madanagopala
p995	ధవుని బాసినయట్టి తరి గని నను జూచి వేగ మారుడు చెలరేగు గొమ్మ\nచెలరేగి యదను క్రొంజిగురమ్ము లేసిన గోవెల లటుగూసె మావిగొమ్మ\nమావిగొమ్మ బికాళి మది కలగించిన గల్కిచిల్కలు బల్కె గలివిగొమ్మ\nకలివిమాటలు వినగా నోపకుండిన వెసవీచె దెమ్మెర వేపగొమ్మ	seesamu	upajaathi	చెంగల్వరాయఁడు	bhakti	Madanagopala
p996	కనకాంగి నీ బిగికౌఁగిట జేరను దలచదా మరుబారి తాళలేక\nకొమ్మ నీ యెద కుల్కుగుబ్బల గదియింప మది గోరదా తమి మానలేక\nముదిత నీ చెక్కులు ముద్దాడ దలవదా నిండిన మోహంబు నిలుపలేక\nకాంత నీతో రతి కలయగా నెంచదా విరహానలముచేత వేగలేక	seesamu	upajaathi	చెంగల్వరాయఁడు	bhakti	Madanagopala
p997	పూర్ణచంద్రుని సరిబోల్పవచ్చును కాంత మోమున కకలంకమూర్తియైన\nబంధుజీవముదొర భామ కెమ్మోవికి వికసించి కడువిఱ్ఱవీగకున్న\nదరమెన యనదగు తరుణి కంఠమునకు కఠినత్వమందున గలుగకున్న\nతమ్మిమొగ్గలు సాటి తరుణి పాలిండ్లకు బొసగ పంకంబున బుట్టకున్న	seesamu	upajaathi	చెంగల్వరాయఁడు	bhakti	Madanagopala
p998	వెలది నవ్వుల తేటవెన్నెల హరియించు గల్కి పల్కుల దేనెలొల్కజేయు\nకలకంఠి కన్నులు కలువల నిరసించు మోము చందురుతోడ మొనయుచుండు\nగామిని నాసిక కనకసూనము గేరు జెక్కు లద్దంబుల జెనకజూచు\nఘనవేణి కంఠంబు గడగి శంఖము గెల్చు చన్నులు పూచెండ్ల సరకు గొనవు	seesamu	upajaathi	చెంగల్వరాయఁడు	bhakti	Madanagopala
p999	వలరాజుమామ జక్కులరేనిచెలికానితలపువ్వు కలువల చెలిమికాడు\nఱిక్కలగమికాడు జక్కులపగవాడు వారధిపట్టి భావజునిమామ\nతిమిరబృందంబుల దెగటార్చు మగవాడు వలమురిదాల్పుముద్దులమరంది\nగగనేభ మెక్కి వేగ చరించు రేరాజు విరహులపాలిటి వెడదచిచ్చు	seesamu	upajaathi	చెంగల్వరాయఁడు	bhakti	Madanagopala
p1000	తన ప్రాణవిభునకు దడయక పన్నీట మజ్జనం బొనరించి మగువ కనక\nపళ్లెరంబున మంచిపస గల యన్నంబు గోఘృతపక్వమౌ కూరలమర\nనప్పడంబులు కందిపప్పును నొబ్బట్లు పాలుచక్కెర వెన్న పాయసంబు\nఘమ్మని వాసింపగా చారువడియముల్ పసిడిచెంబుల నీరు బాగుమీర	seesamu	upajaathi	చెంగల్వరాయఁడు	bhakti	Madanagopala
p1001	నవరత్నకాంతు లున్నతమైన కేళికాభవనంబులో విరిపాన్పు జేరి\nపరగ గందము మంచిపన్నీరు జవ్వాది బంగారుగిన్నెల బాగుపరచి\nవిరిసరంబులు మంచిమరువంబు కురువేరు నపరంజితట్టల నమరజేర్చి\nప్రాణనాథుని జేరి పడతుక కడుమంచియాకుమడ్పు లొసంగి యతివ మరుని	seesamu	upajaathi	చెంగల్వరాయఁడు	bhakti	Madanagopala
p1002	దండంబు యదువంశమండన గోవింద దండంబు నీకు వేదండవరద\nదండంబు చంద్రమార్తాండ సులోచన దండంబు నీకు బ్రహ్మాండపోష\nదండంబు పద్మజాఖండలసన్నుత దండంబు కుండలగండయుగళ\nదండంబు భండనోద్దండపరాక్రమ దండంబు సద్గుణకాండ నీకు	seesamu	upajaathi	చెంగల్వరాయఁడు	bhakti	Madanagopala
p1003	శ్రీరామామణి పాణిపంకజమృదుశ్రీతజ్ఞ పాదాబ్జ శృం\nగారాకారశరీర, చారుకరుణాగంభీర, సద్భక్తమం\nదారాంభోరుహపత్రలోచన కళాధారోరుసంపత్సుధా\nపారావారవిహార, నా దురితముల్‌ భంజింపు నారాయణా!	saardulamu	vruttamu	బమ్మెర పోతన	bhakti	Naaraayana
p1004	కడకుం బాయక వేయినోళ్ళు గల యా కాకోదరాధీశుఁడున్‌\nగడముట్ట న్వినుతింప లేక నిగుడన్‌ గ్రాలంగ నొప్పారు మి\nమ్మడరన్‌ సన్నుతి సేయ నాదువశమే! యజ్ఞాని, లోభాత్ముఁడన్‌\nజడుఁడ, న్నజ్ఞుఁడ, నైకజిహ్వుఁడ, జనస్తబ్ధుండ, నారాయణా!	mattebhamu	vruttamu	బమ్మెర పోతన	bhakti	Naaraayana
p1005	నే నీదాసుఁడ నీవు నాపతివి నిన్నే కాని యొండెవ్వరిన్‌\nధ్యానింపం బ్రణుతింప నట్లగుటకు న్నా నేర్చు చందంబునన్‌\nనీ నామస్తుతు లాచరించు నెడల న్నే తప్పులుం గల్గినన్‌\nవానిన్‌ లోఁగొనుమయ్య, తండ్రి, విహితవ్యాపార, నారాయణా!	saardulamu	vruttamu	బమ్మెర పోతన	bhakti	Naaraayana
p1006	నెరయ న్నిర్మల మైన నీ స్తుతికథానీకంబు పద్యంబులో\nనొరుగుల్‌ మిక్కిలి గల్గెనేనియుఁ గడు న్యోగంబె చర్చింపఁగాఁ\nగుఱుగ ణ్పైనను వంకబోయినఁ గడుం గుజ్జైనఁ బేడెత్తినం\nజెఱకుం గోలకు తీపు గాక కలదే, చే దెందు, నారాయణా!	mattebhamu	vruttamu	బమ్మెర పోతన	bhakti	Naaraayana
p1007	చదువుల్‌ పెక్కులు సంగ్రహించి పిదపం జాలంగ సుజ్ఞాని యై\nమదిలోఁ బాయక నిన్ను నిల్పఁ దగు నామర్మంబు వీక్షింపఁడే\nమొదలం గాడిద చారుగంధవితతుల్‌ మోవంగ శక్యంబె కా\nకది సౌరభ్యపరీక్ష జూడ కుశలే యవ్యక్త, నారాయణా!	mattebhamu	vruttamu	బమ్మెర పోతన	bhakti	Naaraayana
p1008	మన మార న్నచలేంద్రజాధిపతికి న్మస్తాగ్రమాణిక్యమై\nమునికోపానలదగ్ధ రాజతతికి న్ముక్తిస్ఫురన్మార్గమై\nయెనయన్‌ సాయకశాయికిం జననియై యేపారు మిన్నేటికిం\nజని మూలంబగు నంఘ్రి నాదు మదిలోఁ జర్చింతు, నారాయణా!	mattebhamu	vruttamu	బమ్మెర పోతన	bhakti	Naaraayana
p1009	నీ పుత్రుండు చరాచరప్రతతుల న్నిర్మించి పెంపారఁగా\nనీ పుణ్యాంగన సర్వజీవతతుల న్నిత్యంబు రక్షింపఁగా\nనీ పాదోదక మీజగత్త్రయముల న్నిష్పాపులం జేయఁగా\nనీ పెంపేమని చెప్పవచ్చు సుగుణా నిత్యాత్మ, నారాయణా!	saardulamu	vruttamu	బమ్మెర పోతన	bhakti	Naaraayana
p1010	బ్రహ్మాండావలిలోన సత్వగుణివై బాహ్యంబునం దాదిమ\nబ్రహ్మాఖ్యం బరతత్వబోధములకున్‌ భవ్యాధినాథుండవై\nబ్రహ్మేంద్రామరవాయుభుక్పతులకున్‌ భావింప రాకున్న నా\nజిహ్మవ్యాప్తుల నెన్న నాదు వశమే చిద్రూప, నారాయణా!	saardulamu	vruttamu	బమ్మెర పోతన	bhakti	Naaraayana
p1011	ధర సింహాసనమై నభంబు గొడుగై తద్దేవతల్‌ భృత్యులై\nపరమామ్నాయము లెల్ల వందిగణమై బ్రహ్మాండ మాగారమై\nసిరి భార్యామణియై విరించి కొడుకై శ్రీగంగ సత్పుత్రియై\nవరుస న్నీ ఘనరాజసంబు నిజమై వర్ధిల్లు, నారాయణా!	mattebhamu	vruttamu	బమ్మెర పోతన	bhakti	Naaraayana
p1012	మగమీనాకృతి వార్ధిఁ జొచ్చి యసురు న్మర్దించి యవ్వేదముల్‌\nమగుడం దెచ్చి విరించి కిచ్చి యతని న్మన్నించి యేపారఁగాఁ\nబగ సాధించిన దివ్యమూర్తి వని నే భావింతు నెల్లప్పుడున్‌\nఖగరాజధ్వజ భక్తవత్సల జగత్కారుణ్య, నారాయణా!	mattebhamu	vruttamu	బమ్మెర పోతన	bhakti	Naaraayana
p1013	భీమాకారవరాహమై భువనముల్‌ భీతిల్లి కంపింప ను\nద్దామోర్విం గొనిపోయి నీరనిధిలో డాఁగున్న గర్వాంధునిన్‌\nహేమాక్షాసురు వీఁకఁ దాకిఁ జయలక్ష్మిన్‌ గారవింపంగ నీ\nభూమిం దక్షిణదంష్ట్ర నెత్తిన నినుం బూజింతు నారాయణా!	saardulamu	vruttamu	బమ్మెర పోతన	bhakti	Naaraayana
p1014	స్తంభంబందు నృసింహమై వెడలి యచ్చండాట్టహాసధ్వనుల్‌\nదంభోళిం గడువంగ హేమకశిపోద్దండాసురాధీశ్వరున్‌\nశుంభద్గర్భము వ్రచ్చి వాని సుతునిన్‌ శోభిల్ల మన్నించి య\nజ్జంభారాతిని బ్రీతిఁ దేల్చిన నినుం జర్చింతు, నారాయణా!	saardulamu	vruttamu	బమ్మెర పోతన	bhakti	Naaraayana
p1015	వరుసం దాటకిఁ జంపి కైశికు మఘ స్వాస్థ్యంబు గావించి శం\nకరు చాపం బొగిఁ ద్రుంచి జానకిఁ దగం గల్యాణమై తండ్రిపం\nపరుదారన్‌ వనభూమి కేఁగి జగదాహ్లాదంబుగా రావణున్‌\nధరణిం గూల్చిన రామనామము కడున్‌ ధన్యంబు, నారాయణా!	mattebhamu	vruttamu	బమ్మెర పోతన	bhakti	Naaraayana
p1016	కలిధర్మంబునఁ బాపసంకలితులై గర్వాంధులై తుచ్ఛులై\nకులశీలంబులు మాని హేయగతులం గ్రొవ్వారు దుష్టాత్ములం\nబలిగాఁ జేయఁ దలంచి ధర్మ మెలమిం బాలించి నిల్పంగ మీ\nవలనం గల్క్యవతార మొందఁగల నిన్‌ వర్ణింతు నారాయణా!	mattebhamu	vruttamu	బమ్మెర పోతన	bhakti	Naaraayana
p1017	భూతవ్రాతము నంబుజాసనుఁడవై పుట్టింతు విష్ణుండవై\nప్రీతిం బ్రోతు హరుండవై చెఱుతు నిర్భేద్యుండవై త్రైగుణో\nపేతంబై పరమాత్మవై నిలుతు నీ పెంపెవ్వరుం గాన ర\nబ్జాతోద్భూతసుజాతపూజితపదాబ్జశ్రేష్ఠ, నారాయణా!	saardulamu	vruttamu	బమ్మెర పోతన	bhakti	Naaraayana
p1018	పటుగర్భాంతరగోళభాగమున నీ బ్రహ్మాండభాండంబు ప్రా\nకట దివ్యాద్భుతలీలఁ దాల్చి మహిమం గల్పాంత మంభోధిపై\nవటపత్రాగ్రముఁ జెంది యొప్పిన మిము న్వర్ణింపఁగా శక్యమే\nనిటలాక్షాంబురుహాసనాదికులకు న్నిర్వాణ, నారాయణా!	mattebhamu	vruttamu	బమ్మెర పోతన	bhakti	Naaraayana
p1019	సవిశేషోరు సువర్ణబిందువిలస చ్చక్రాంకలింగాకృతిన్‌\nభవుచే నుద్ధవుచేఁ బయోజభవుచేఁ బద్మారిచే భానుచే\nధ్రువుచే నా దివిజాధినాయకులచే దీప్యన్మునీంద్రాళిచే\nనవదివ్యార్చన లందుచుందువు రమానారీశ, నారాయణా!	mattebhamu	vruttamu	బమ్మెర పోతన	bhakti	Naaraayana
p1020	కలయం దిక్కులు నిండి చండతరమై కప్పారు మేఘౌఘముల్‌\nవెలయన్‌ ఘోరసమీరణస్ఫురణచే వే పాయుచందంబునన్‌\nజలదంభోళి మృగాగ్నితస్కరరుజాశత్రోరగవ్రాతముల్‌\nదొలఁగు న్మీ దగు దివ్యమంత్రపఠనన్‌ దోషఘ్న, నారాయణా!	mattebhamu	vruttamu	బమ్మెర పోతన	bhakti	Naaraayana
p1021	కలుషాగాథవినాశకారి యగుచుం గైవల్యసంధాయియై\nనలి నొప్పారెడు మంత్రరాజమగు నీనామంబు ప్రేమంబుతో\nనలర న్నెవ్వని వాక్కునం బొరయదే నన్నీచు ఘోరాత్మయున్‌\nవెలయన్‌ భూరుహకోటరం బదియ సూ వేదాత్మ, నారాయణా!	mattebhamu	vruttamu	బమ్మెర పోతన	bhakti	Naaraayana
p1022	పరమంబై పరతత్వమై సకలసంపత్సారమై భవ్యమై\nసురసిద్ధోరగయక్ష పక్షిమునిరక్షో హృద్గుహాభ్యంతర\nస్థిరసుజ్ఞానసుదీపమై శ్రుతికళాసిద్ధాంతమై సిద్ధమై\nసరి లే కెప్పుడు నీదునామ మమరున్‌ సత్యంబు, నారాయణా!	mattebhamu	vruttamu	బమ్మెర పోతన	bhakti	Naaraayana
p1023	శ్రీకిన్మందిరమైన వక్షము, సురజ్యేష్ఠోద్భవస్థాన నా\nభీకంజాతము, చంద్రికాంతర సుధాభివ్యక్త నేత్రంబులున్‌,\nలోకస్తుత్య మరున్నదీజనక మాలోలాంఘ్రియున్‌ గల్గు నా\nలోకారాధ్యుఁడ వైన నిన్నెపుడు నాలోఁ జూతు, నారాయణా!	saardulamu	vruttamu	బమ్మెర పోతన	bhakti	Naaraayana
p1024	విందుల్‌ విందు లటంచు గోపరమణుల్‌ వ్రేపల్లెలోఁ బిన్ననాఁ\nడందెల్‌ మ్రోయఁగ ముద్దుమోమలర ని న్నాలింగితుం జేయుచో\nడెందంబుల్‌ దనివార రాగరసవీటీలీలలన్‌ దేల్చు మీ\nమందస్మేర ముఖేందురోచులు మము న్మన్నించు, నారాయణా!	saardulamu	vruttamu	బమ్మెర పోతన	bhakti	Naaraayana
p1025	విందు ల్వచ్చిరి మీయశోదకడకు న్వేగంబె పొ మ్మయ్యయో\nనందానందన! చందనాంకురమ! కృష్ణా! యింకఁబో వేమి మా\nమందం జాతర సేయఁబోద మిదె రమ్మా యంచు మి మ్మెత్తుకో\nచందం బబ్బిన నుబ్బకుండుదురె ఘోషస్త్రీలు, నారాయణా!	saardulamu	vruttamu	బమ్మెర పోతన	bhakti	Naaraayana
p1026	అన్నా కృష్ణమ నేడు వేల్పులకు మీఁదన్నార మీచట్లలో\nవెన్నల్‌ ముట్టకు మన్న నాక్షణమున న్విశ్వాకృతిస్ఫూర్తి వై\nయున్నన్‌ దిక్కులు చూచుచున్‌ బెగడి నిన్నోలి న్నుతుల్‌ సేయుచున్‌\nగన్నుల్‌ మూయ యశోదకున్‌ జిఱుత వై కన్పింతు, నారాయణా!	saardulamu	vruttamu	బమ్మెర పోతన	bhakti	Naaraayana
p1027	ఉల్లోలంబులుగాఁ గురుల్‌ నుదుటిపై నుప్పొంగ మోమెత్తి ధ\nమ్మిల్లం బల్లలనాడ రాగరససమ్మిశ్రంబుగా నీవు వ్రే\nపల్లెం దాడుచు గోప గోనివహ గోపస్త్రీల యుల్లంబు మీ\nపిల్లంగ్రోవిని జుట్టి రాఁ దిగుచు నీ పెంపొప్పు, నారాయణా!	saardulamu	vruttamu	బమ్మెర పోతన	bhakti	Naaraayana
p1028	చన్నుల్‌ మీదిఁకి చౌకళింప నడుముం జవ్వాడ కందర్పసం\nపన్నాఖ్యంబు నటించు మాడ్కి కబరీభారంబు లూటాడఁగా\nవిన్నాణంబు నటింప గోపజన గోబృందంబుతో వచ్చు మీ\nవన్నెల్‌ కన్నుల ముంచి గ్రోలుటలు నే వర్ణింతు, నారాయణా!	saardulamu	vruttamu	బమ్మెర పోతన	bhakti	Naaraayana
p1029	పెరుగుల్‌ ద్రచ్చుచు నొక్కగోపిక మిముం బ్రేమంబునం జూచి రా\nగ రసావేశత రిత్త ద్రచ్చ నిడ నాకవ్వంబు నీవు న్మనో\nహరలీలం గనుగొంచు ధేను వని యయ్యాబోతునుం బట్టి తీ\nవరవృత్తాంతము లేను పుణ్యకథగా వర్ణింతు, నారాయణా!	mattebhamu	vruttamu	బమ్మెర పోతన	bhakti	Naaraayana
p1030	కేలన్‌ గోలయు గూటిచిక్కము నొగిం గీలించి నెత్తంబునం\nబీలీపించముఁ జుట్టి నెన్నడుమునం బింఛావళిన్‌ గట్టి క\nర్ణాలంకార కదంబగుచ్ఛ మధుమత్తాలీస్వనం బొప్ప నీ\nవాలన్‌ గాచినభావ మిట్టి దని నే వర్ణింతు, నారాయణా!	saardulamu	vruttamu	బమ్మెర పోతన	bhakti	Naaraayana
p1031	కాళిందీతటభూమి నాలకదుపుల్‌ కాలూఁది మేయన్‌ సము\nత్తాలోల తమాలపాదప శిఖాంతస్థుండవై వేణురం\nధ్రాలిన్‌ రాగరసంబు నిండ విలసద్రాగంబు సంధించి గో\nపాలవ్రాతము గండుగోయిలలుగా వర్ణింతు, నారాయణా!	saardulamu	vruttamu	బమ్మెర పోతన	bhakti	Naaraayana
p1032	రాణించెన్‌ గడు నంచు నీసహచరుల్‌ రాగిల్లి సోలంగ మీ\nవేణుక్వాణము వీనులం బడి మనోవీథుల్‌ బయల్‌ముట్టఁగా\nఘోణాగ్రంబులు మీదిఁ కెత్తుకొని లాంగూలంబు లల్లార్చి గో\nశ్రేణుల్‌ చిందులు ద్రొక్కి యాడుటలు నేఁ జర్చింతు, నారాయణా!	saardulamu	vruttamu	బమ్మెర పోతన	bhakti	Naaraayana
p1033	పసులంగాపరి యే మెఱుంగు మధురప్రాయోల్లసద్వృత్తవా\nగ్విసరారావము మోవి దా వెదురుగ్రోవిం బెట్టినాఁ డంచు నిన్‌\nగసటుల్‌ సేయఁగ నాఁడు గోపిక లతద్గానంబులన్‌ మన్మథ\nవ్యసనాసక్తులఁ జేయుచందములు నే వర్ణింతు, నారాయణా!	mattebhamu	vruttamu	బమ్మెర పోతన	bhakti	Naaraayana
p1034	జడ యెంతేఁ దడ వయ్యె జెయ్యి యలసెన్‌ శైలంబు మాచేతులం\nదిడు మన్నన్‌ జిరునవ్వుతో వదలినన్‌ హీనోక్తి గీపెట్ట నె\nక్కుడు గోవుల్‌ బ్రియమంద నింద్రుఁ డడలం గోవర్ధనాద్రీంద్రమున్‌\nగొడుగై యుండగఁ గేలఁ బూనితి గదా గోవింద, నారాయణా!	mattebhamu	vruttamu	బమ్మెర పోతన	bhakti	Naaraayana
p1035	లలితాకుంచితవేణియం దడవిమొల్లల్‌ జాఱ ఫాలస్థలిన్‌\nదిలకం బొయ్యన జాఱఁ గుండలరుచుల్‌ దీపింప లేఁజెక్కులన్‌\nమొలకన్నవ్వుల చూపు లోరగిల మే న్మువ్వంకలన్‌ బోవఁగా\nనలి గైకొందువు గాదె నీవు మురళీనాట్యంబు, నారాయణా!	mattebhamu	vruttamu	బమ్మెర పోతన	bhakti	Naaraayana
p1036	మాపాలం గడు గ్రొవ్వి గోపికలతో మత్తిల్లి వర్తింతువే\nమాపాలెంబుల వచ్చి యుండుదు వెస న్మాపాలలో నుండు మీ\nమాపా లైనసుఖాబ్ధిలో మునుగుచున్‌ మన్నించి తా గొల్లలన్‌\nమాపాలం గలవేల్పు వీవె యని కా మన్నింతు, నారాయణా!	saardulamu	vruttamu	బమ్మెర పోతన	bhakti	Naaraayana
p1037	ఒకకాంతామణి కొక్క డీవు మఱియు న్నొక్కర్తె కొక్కండ వై\nసకలస్త్రీలకు సంతతం బలర రాసక్రీడ తన్మధ్య క\nల్పకమూలంబు సవేణునాదరస మొప్పంగా బదార్వేల గో\nపికలం జెంది వినోద మొందునెడ నీ పెంపొప్పు నారాయణా!	mattebhamu	vruttamu	బమ్మెర పోతన	bhakti	Naaraayana
p1038	చల్ల ల్వేఱొకయూర నమ్ముకొను నాసం బోవుచోఁ ద్రోవ నీ\nవుల్లాసంబున నడ్డ కట్టి మదనోద్యోగానులాపంబులన్‌\nచల్లన్‌ జల్లనిచూపు జల్లు మని గోపస్త్రీలపైఁ జల్లు మీ\nచల్లంబోరుతెఱంగు జిత్తమున నే జర్చింతు నారాయణా!	saardulamu	vruttamu	బమ్మెర పోతన	bhakti	Naaraayana
p1039	కలయ న్వేదములున్‌ బురాణములు బ్రఖ్యాతంబుగా తెల్పి మీ\nవలనన్‌ భక్తి విహీనుఁ డైన పిదపన్‌ వ్యర్థప్రయత్నంబె పో\nగులకాంతామణి గొడ్డు వోయిన గతిం గ్రొవ్వారుసస్యంబు దా\nఫలకాలంబున నీచపోవు పగిదిన్‌ పద్మాక్ష, నారాయణా!	mattebhamu	vruttamu	బమ్మెర పోతన	bhakti	Naaraayana
p1040	స్నానంబుల్‌ నదులందు జేయుట గజస్నానంబు చందంబగున్‌\nమౌనం బొప్ప జపించువేద మటవీ మధ్యంబులోనే డ్పగున్‌\nనానాహోమము లెల్ల బూడిదలలోన న్వేల్చు నెయ్యై చను\nన్నీనామోక్తియు నీపదాబ్జరతియున్‌ లేకున్న నారాయణా!	saardulamu	vruttamu	బమ్మెర పోతన	bhakti	Naaraayana
p1041	తనచిత్తాబ్జము మీపదాబ్జములకుం దాత్పర్యసద్భక్తి తం\nతున బంధించిన బంధనంబు కతనం దుష్పాపపుంజంబు లె\nల్లను విచ్ఛిన్నములై యడంగు మహిమోల్లాసాబ్ధి యైనట్టి దా\nసున కింపొందును మోక్షవైభవము దా సుశ్లోక నారాయణా!	mattebhamu	vruttamu	బమ్మెర పోతన	bhakti	Naaraayana
p1042	తనకున్‌ సాత్వికసంపదాన్విత మహాదాసోహభావంబునన్‌\nననయంబు న్మది నన్యదైవభజనం బారంగ దూలింపుచున్‌\nజనితాహ్లాదముతోడ నీచరణముల్‌ సద్భక్తి పూజించి నిన్‌\nగనుగొన్నంతనె కల్మషంబు లడఁగుం గర్మఘ్న నారాయణా!	mattebhamu	vruttamu	బమ్మెర పోతన	bhakti	Naaraayana
p1043	పరుషాలాపము లాడ నోడి మది నీపాపార్జనారంభుఁ డై\nనిరసిం చేరికిఁ గీడు సేయక మది న్నిర్ముక్తకర్ముండు నై\nపరమానందనిషేధముల్‌ సమముగా భావించి వీక్షించు నా\nపరమజ్ఞాని భవత్కృపం బొరయు నో పద్మాక్ష నారాయణా!	mattebhamu	vruttamu	బమ్మెర పోతన	bhakti	Naaraayana
p1044	వెర వొప్ప న్బహుశాస్త్రమంత్రము లొగి న్వీక్షించి వే తెల్పి మీ\nవరనామామృతపూర మానుచుఁ దగన్‌ వైరాగ్యభావంబునన్‌\nసరి నశ్రాంతముఁ గోరువారు పిదపన్‌ సంసారమాతుఃపయో\nధరదుగ్ధంబులు గ్రోల నేరరు వెసన్‌ దైత్యారి నారాయణా!	mattebhamu	vruttamu	బమ్మెర పోతన	bhakti	Naaraayana
p1045	వేదంబందు సునిశ్చయుండగు మహావేల్పెవ్వఁడో యంచు నా\nవేదవ్యాస పరాశరుల్‌ వెదకిన న్వేఱొండు లేఁ డంచు మీ\nపాదాంభోజము లెల్లప్రొద్దు మదిలో భావింతు రత్యున్నతిన్‌\nశ్రీదేవీవదనారవిందమధుపా శ్రీరంగ నారాయణా!	saardulamu	vruttamu	బమ్మెర పోతన	bhakti	Naaraayana
p1046	మదిలో నుత్తమభక్తి పీఠముపయిన్‌ మానాథ మీపాదముల్‌\nగదియం జేర్చిన వాని కే నొడయడన్‌ గా దంచు నత్యున్నతిన్‌\nపదిలుం డై సమవర్తి మృత్యువునకున్‌ బాఠంబుగాఁ బల్కు మీ\nపదపద్మార్చకు లెంత పుణ్యులొ కృపాపారీణ నారాయణా!	mattebhamu	vruttamu	బమ్మెర పోతన	bhakti	Naaraayana
p1047	ఘనభోగాస్పదులై గతౌఘమతులై కారుణ్యులై ముక్తులై\nధనకీర్తిప్రదులై దయాభిరతులై ధర్మాత్ములై నిత్యులై\nమనుజాధీశ్వరులై మనోజనిభులై మాన్యస్థులై స్వస్థులై\nయొనర న్నొప్పెడువారు నీపదరుచి న్నూహించు నారాయణా!	mattebhamu	vruttamu	బమ్మెర పోతన	bhakti	Naaraayana
p1048	బలుకర్మాయత పాశబంధవితతిన్‌ బాహాపరిశ్రేణికిన్‌\nజలయంత్రాన్విత బంధయాతనగతిన్‌ సంసారకూపంబులో\nనలరం ద్రిమ్మరుచుండు నన్ను నకటా! యార్తుండనై వేఁడెదన్‌\nవెలయ న్నీకృపచేతఁ జేకొనవె నన్‌ వేవేగ నారాయణా!	mattebhamu	vruttamu	బమ్మెర పోతన	bhakti	Naaraayana
p1049	పరిపంధిక్రియ నొత్తి వెంటఁ బడునప్పాపంబుఁ దూలించి మీ\nచరణాబ్జస్థితి పంజరంబు శరణేచ్ఛం జొచ్చితిం గావుమీ\nబిరుదుం జూడుము మీరు సూడఁగ భవద్భృత్యుండు దుఃఖంబులం\nబొరయ న్నీ కపకీర్తి గాదె శరదంభోజాక్ష నారాయణా!	mattebhamu	vruttamu	బమ్మెర పోతన	bhakti	Naaraayana
p1050	భవనాశిన్‌ గయ తుంగభద్ర యమునన్‌ భాగీరథిం గృష్ణ వే\nత్రవతి న్నర్మద పెన్న గౌతమి పయోరాశి న్వియద్గంగ యం\nదవగాహంబున నైన పుణ్యములు బెంపారంగ నేఁ డిచ్చటన్‌\nభవదంఘ్రిస్మరణంబునం గలుగు పో పద్మాక్ష నారాయణా!	mattebhamu	vruttamu	బమ్మెర పోతన	bhakti	Naaraayana
p1051	ధర గ్రామాధిపు నింటిదాసుఁడు వెసం దా ద్రోహముం జేసినన్‌\nపరగం జెల్లుట సూచి తీ భువనసంపాద్యుండ వైనట్టి మీ\nవరదాసావలి దాసదాసి నని దుర్వారౌఘముల్‌ జేసితిన్‌\nకరుణం జేకొని కావు మయ్య త్రిజగత్కల్యాణ నారాయణా!	mattebhamu	vruttamu	బమ్మెర పోతన	bhakti	Naaraayana
p1052	కరినాథుండు జలగ్రహగ్రహణ దుఃఖాక్రాంతుఁడై యీశ మీ\nశరణం బన్నఁ గృశాను భానుశతతేజస్ఫూర్తి యైనట్టి మీ\nకరచక్రంబున నక్రకంఠము వెసన్‌ ఖండించి మించెం దయా\nపరసద్భక్త భయానక ప్రకర సత్ప్రాకట్య నారాయణా!	mattebhamu	vruttamu	బమ్మెర పోతన	bhakti	Naaraayana
p1053	ఏభావంబున నిన్‌ దలంచె గజయూధేంద్రుండు ఆపన్నుఁడై\nయేభావంబున ద్రౌప దయ్యెడ రమాధీశా యనె న్వాయసం\nబేభావంబున నీశరణ్య మనెనో యీ నీ కృపాదృష్టిచే\nనాభావంబున నీతలంపుఁ గలుగ న్నా కిమ్ము నారాయణా!	saardulamu	vruttamu	బమ్మెర పోతన	bhakti	Naaraayana
p1054	నీలగ్రీవుఁడు చేతిపున్క విడిచె న్నీయింతి భిక్షంబునన్‌\nనీలగ్రీవుఁడు యీశ్వరాఖ్యఁ దనరె న్నీనామజప్యంబునన్‌\nనీలగ్రీవుఁడు మించి త్రుంచెఁ బురముల్‌ నీప్రాపు సేవించినన్‌\nనీలగ్రీవ ముఖాబ్జభాస్కర కృపానిత్యాత్మ నారాయణా!	saardulamu	vruttamu	బమ్మెర పోతన	bhakti	Naaraayana
p1055	నిను వర్ణింపని జిహ్వ దాఁ బదటికా? నీలాభ్రదేహాంగకా\nనిను నాలింపని చెవ్లు దాఁ బదటికా? నీరేజపత్రేక్షణా\nనినుఁ బూజింపని కేలు దాఁ బదటికా? నిర్వాహకక్ష్మాతలా\nనినుఁ జింతింపని యాత్మ దాఁ బదటికా? నిర్వాణ నారాయణా!	mattebhamu	vruttamu	బమ్మెర పోతన	bhakti	Naaraayana
p1056	నీవే తల్లివి నీవె తండ్రి వరయ న్నీవే జగన్నాథుఁడౌ\nనీవే నిశ్చలబాంధవుండ వరయ న్నీవే మునిస్తుత్యుఁడౌ\nనీవే శంకరమూలమంత్ర మరయన్‌ నీవే జగత్కర్తవున్‌\nనీవే దిక్కనువారి వారలె కడు న్నీవారు నారాయణా!	saardulamu	vruttamu	బమ్మెర పోతన	bhakti	Naaraayana
p1057	చెల్లం జేసితి పాతకంబులు మదిన్‌ శ్రీనాథ మీనామముల్‌\nపొల్లుల్‌ బోవని నమ్మి పద్యశతమున్‌ బూర్ణంబుగాఁ జెప్పితిన్‌\nచెల్లంబో నను నమ్మె వీఁడని దయం జేపట్టి రక్షింపుమీ\nతల్లిం దండ్రియు నీవు గాక యొరులే తర్కింప నారాయణా!	saardulamu	vruttamu	బమ్మెర పోతన	bhakti	Naaraayana
p1058	శ్రీనారాయణ యన్నఁ జాలు దురితశ్రేణి న్నివారింపఁగా\nనానందస్థితి గల్గు నంచు నిగమార్థానేక మెల్లప్పుడున్‌\nనానాభంగులఁ జెప్ప నేను విని శ్రీనారాయణా యంచు ని\nన్నే నే నెప్పుడు గొల్తు బ్రోవఁ గదె తండ్రీ నన్ను నారాయణా!	saardulamu	vruttamu	బమ్మెర పోతన	bhakti	Naaraayana
p1059	కలితాఘౌఘ వినాశకారి యగుచుం గైవల్యసంధాయియై\nనలి నొప్పారెడు మంత్రరాజ మగు నీనామంబు ప్రేమంబునన్‌\nఅలర న్నెవ్వని వాక్కునం బొరయదో యన్నీచు దేహంబు దా\nవెలయన్‌ భూరుహకోటరం బదియ సూ వేదాత్మ నారాయణా!	mattebhamu	vruttamu	బమ్మెర పోతన	bhakti	Naaraayana
p1060	నీమూర్తుల్‌ గన నీకథల్‌ వినఁ దుదిన్‌ నీ పాద నిర్మాల్యని\nష్ఠామోదంబు నెఱుంగ, నీచరణాతోయం బాడ, నైవేద్యముల్‌\nనీమం బొప్ప భజింప నీజపము వర్ణింపన్‌ గృపం జేయవే\nశ్రీ మించన్‌ బహుజన్మ జన్మములకున్‌ శ్రీయాదినారాయణా!	saardulamu	vruttamu	బమ్మెర పోతన	bhakti	Naaraayana
p1061	నరసింహ! నీ దివ్యనామమంత్రముచేత - దురితజాలములెల్ల ద్రోలవచ్చు\nనరసింహ! నీ దివ్యనామమంత్రముచేత - బలువైన రోగముల్‌ బాపవచ్చు\nనరసింహ! నీ దివ్యనామమంత్రముచేత - రిపు సంఘముల సంహరింపవచ్చు\nనరసింహ! నీ దివ్యనామమంత్రముచేత - దండహస్తుని బంట్లఁదఱుమవచ్చు	seesamu	upajaathi	శేషప్ప కవి	bhakti	Narasimha
p1062	శ్రవణ రంధ్రముల నీసత్కథల్‌ పొగడంగ - లేశ మానందంబు లేనివాఁడు\nపుణ్యవంతులు నిన్నుఁబూజసేయఁగఁ జూచి - భావమం దుత్సాహపడనివాఁడు\nభక్తవర్యులు నీ ప్రభావముల్‌ పొగడంగఁ - దత్పరత్వములేక తలఁగువాఁడు\nతనచిత్తమందు నీ ధ్యానమెన్నఁడు లేక - కాలమంతయు వృథాగడుపువాఁడు	seesamu	upajaathi	శేషప్ప కవి	bhakti	Narasimha
p1063	గౌతమీస్నానానఁ గడతేఱుద మఁటన్న - మొనసి చన్నీళ్లలో మునుఁగలేను\nతీర్థయాత్రలచేఁ గృతార్థుఁ డౌద మఁటన్న - బడలి నేమంబు లే నడుపలేను\nదాన ధర్మముల సద్గతిని జెందుదమన్న - ఘనముగా నా యొద్ద ధనము లేదు\nతపమాచరించి సార్థకత నొందుదమన్న - నిమిషమైన మనస్సు నిలుపలేను	seesamu	upajaathi	శేషప్ప కవి	bhakti	Narasimha
p1064	తల్లిగర్భము నుండి ధనము తేఁ డెవ్వఁడు - వెళ్లిపోయెడినాఁడు వెంటరాదు\nలక్షాధికారైన లవణ మన్నమె కాని - మెఱుఁగు బంగారంబు మ్రింగఁబోఁడు\nవిత్త మార్జనఁ జేసి విఱ్ఱవీఁగుటె కాని - కూడఁబెట్టిన సొమ్ము తోడరాదు\nపొందుగా మఱుఁగైన భూమిలోపలఁ బెట్టి - దానధర్మము లేక దాఁచి దాఁచి	seesamu	upajaathi	శేషప్ప కవి	bhakti	Narasimha
p1065	నీలమేఘశ్యామ! నీవె తండ్రివి మాకు - కమలవాసిని మమ్ముఁగన్న తల్లి\nనీ భక్త వరులంత నిజమైన బాంధవుల్‌ - నీ కటాక్షము మా కనేక ధనము\nనీ కీర్తనలు మాకు లోక ప్రపంచంబు - నీ సహాయము మాకు నిత్యసుఖము\nనీ మంత్రమే మాకు నిష్కళంకపు విద్య - నీ పద ధ్యానంబు నిత్యజపము	seesamu	upajaathi	శేషప్ప కవి	bhakti	Narasimha
p1066	భుజబలంబునఁ బెద్దపులులఁ జంపఁగవచ్చు - పాము కంఠముఁ చేతఁబట్టవచ్చు\nబ్రహ్మరాక్షసకోట్ల బాఱఁద్రోలఁగవచ్చు - మనుజుల రోగముల్‌ మాన్పవచ్చు\nజిహ్వ కిష్టముగాని చేఁదు మ్రింగఁగవచ్చు - పదును ఖడ్గముచేత నదుమవచ్చుఁ\nగష్టమొందుచు ముండ్లకంపలోఁ జొరవచ్చుఁ - దిట్టుఁబోతుల నోళ్లు కట్టవచ్చుఁ	seesamu	upajaathi	శేషప్ప కవి	bhakti	Narasimha
p1067	ధరణిలో వేయేండ్లు తనువు నిల్వఁగబోదు - ధన మెప్పటికి శాశ్వతంబు గాదు\nదారసుతాదులు తనవెంట రాలేరు - భృత్యులు మృతినిఁ దప్పించలేరు\nబంధుజాలము తన్ను బ్రతికించుకోలేదు - బలపరాక్రమ మేమి పనికిరాదు\nఘనమైన సకల భాగ్యం బెంతఁ గల్గిన - గోచిమాత్రంబైనఁ గొనుచుఁబోఁడు	seesamu	upajaathi	శేషప్ప కవి	bhakti	Narasimha
p1068	కమలలోచన! నన్నుఁ గన్నతండ్రివి గాన - నిన్ను నేమఱకుంటి నేను విడక\nయుదరపోషణకునై యొకరి నే నాశింప - నేర నా కన్నంబు నీవు నడుపు\nపెట్టలేనంటివా పిన్న పెద్దలలోనఁ - దగవు కిప్పుడు దీయఁ దలఁచినాను\nధనము భారంబైనఁ దల కిరీటము నమ్ము - కుండలంబులు పైఁడిగొలుసు లమ్ము	seesamu	upajaathi	శేషప్ప కవి	bhakti	Narasimha
p1069	పుండరీకాక్ష! నారెండు కన్నుల నిండ - నిన్నుఁ జూచెడి భాగ్యమెన్నఁడయ్య\nవాసిగా నా మనోవాంఛ దీరెడునట్లు - సొగసుగా నీ రూపు చూపవయ్య\nపాపకర్ముని కంటఁ బడకబోవుదమంచుఁ - బరుషమైన ప్రతిజ్ఞఁ బట్టినావె?\nవసుధలోఁ బతిత పావనుఁడ వీ వంచు నేఁ - బుణ్యవంతుల నోటఁ బొగడ వింటి	seesamu	upajaathi	శేషప్ప కవి	bhakti	Narasimha
p1070	పలురోగములకు నీపాదతీర్థమె కాని - వలపు మందులు నాకు వలదు వలదు\nచెలిమిసేయుచు నీకు సేవఁ జేసెదఁ గాన - నీ దాసకోటిలో నిలుపవయ్య\nగ్రహభయంబునకుఁ జక్రముఁ దలంచెదఁ గాని - ఘోరరక్షలు గట్టఁగోరనయ్య\nపాముకాటుకు నిన్నుఁభజనఁ జేసెదఁ గాని - దాని మంత్రము నేను తలఁపనయ్య	seesamu	upajaathi	శేషప్ప కవి	bhakti	Narasimha
p1071	సాధు సజ్జనులతో జగడమాడినఁ గీడు - కవులతో వైరంబుఁ గాంచఁ గీడు\nపరమ దీనులఁ జిక్కఁబట్టి కొట్టినఁ గీడు - భిక్షగాండ్రను దుఃఖపెట్టఁ గీడు\nనిరుపేదలను జూచి నిందఁ జేసినఁ గీడు - పుణ్యవంతులఁ దిట్ట బొసఁగుఁ గీడు\nసద్భక్తులను దిరస్కారమాడినఁ గీడు - గురుని ద్రవ్యము దోఁచుకొనినఁ గీడు	seesamu	upajaathi	శేషప్ప కవి	bhakti	Narasimha
p1072	నీ భక్తులను గనుల్‌ నిండఁ జూచియు రెండు - చేతుల జోహారు సేయువాఁడు\nనేర్పుతో నెవరైన నీకథల్‌ చెప్పంగ - వినయమందుచుఁ జాల వినెడువాఁడు\nతన గృహంబునకు నీదాసులు రాఁ జూచి - పీటపైఁ గూర్చుండఁ బెట్టువాఁడు\nనీ సేవకుల జాతినీతు లెన్నక చాల - దాసోహ మని చేరఁ దలఁచువాఁడు	seesamu	upajaathi	శేషప్ప కవి	bhakti	Narasimha
p1073	నీకు దాసుఁడ నంటి నిన్ను నమ్ముకయుంటిఁ - గాన నాపై నేఁడు కరుణఁజూడు\nదోసిలొగ్గితి నీకు ద్రోహ మెన్నఁగఁబోకు - పద్మలోచన! నేను పరుఁడగాను\nభక్తి నీపై నుంచి భజనఁ జేసెదఁ గాని - పరుల వేఁడను జుమ్మి వరము లిమ్ము\nదండిదాతవు నీవు తడవు సేయక కావు - ఘోరపాతకరాశిఁ గొట్టివైచి	seesamu	upajaathi	శేషప్ప కవి	bhakti	Narasimha
p1074	నే నెంత వేఁడిన నీకేల దయరాదు? - పలుమాఱు పిలిచినఁ బలుక వేమి?\nపలికిన నీ కున్న పద వేమి బోవు? నీ - మోమైనఁ బొడచూపవేమి నాకు?\nశరణుఁ జొచ్చినవాని సవరింపవలెఁ గాక - పరిహరించుట నీకు బిరుదు గాదు\nనీ దాసులను నీవు నిర్వహింపక యున్నఁ - బరు లెవ్వ రగుదురు పంకజాక్ష!	seesamu	upajaathi	శేషప్ప కవి	bhakti	Narasimha
p1075	సర్వేశ! నీపాదసరసిజ ద్వయమందుఁ - జిత్త ముంపఁగలేను జెదరకుండ\nనీవైన దయయుంచి నిలిచి యుండెడునట్లు - చేరి నన్నిపుడేలు సేవకుఁడను\nవనజలోచన! నేనువట్టి మూర్ఖుఁడఁ జుమ్మి - నీ స్వరూపముఁ జూడ నేర్పు వేగ\nతన కుమారుల కుగ్గు తల్లి వోసినయట్లు - భక్తిమార్గంబను పాలు పోసి	seesamu	upajaathi	శేషప్ప కవి	bhakti	Narasimha
p1076	పద్మాక్ష! మమతచేఁ బరము నందెద మంచు - విఱ్ఱవీఁగుదుమయ్య వెఱ్ఱిపట్టి\nమాస్వతంత్రంబైన మదము గండ్లకుఁ గప్పి - మొగము పట్టదు కామమోహమునను\nబ్రహ్మదేవుండైనఁ బైడిదేహము గల్గఁ - జేసివేయక మమ్ముఁ జెఱిచె నతఁడు\nతుచ్ఛమైనటువంటి తోలెమ్ముకల తోడి - ముఱికి చెత్తలు చేర్చి మూట కట్టె	seesamu	upajaathi	శేషప్ప కవి	bhakti	Narasimha
p1077	గరుడవాహన! దివ్యకౌస్తుభాలంకార! - రవికోటితేజ! సారంగవదన!\nమణిగణాన్విత! హేమమకుటాభరణ! చారు - మకరకుండల! లసన్మందహాస!\nకాంచనాంబర! రత్నకాంచీవిభూషిత! - సురవరార్చిత! చంద్రసూర్యనయన!\nకమలనాభ! ముకుంద! గంగాధరస్తుత! - రాక్షసాంతక! నాగరాజశయన!	seesamu	upajaathi	శేషప్ప కవి	bhakti	Narasimha
p1078	భువనేశ! గోవింద! రవికోటిసంకాశ! - పక్షివాహన! భక్తపారిజాత!\nయంభోజభవరుద్ర జంభారిసన్నుత! - సామగానవిలోల! సారసాక్ష!\nవనధిగంభీర! శ్రీవత్స కౌస్తుభవక్ష! - శంఖచక్ర గదాసి శార్ఙ్గహస్త!\nదీనరక్షక! వాసుదేవ! దైత్యవినాశ! - నారదార్చిత! దివ్యనాగశయన!	seesamu	upajaathi	శేషప్ప కవి	bhakti	Narasimha
p1079	నాగేంద్రశయన! నీనామమాధుర్యంబు - మూఁడుకన్నుల సాంబమూర్తి కెఱుక\nపంకజాతాక్ష! నీ బలపరాక్రమ మెల్ల - భారతీపతి యైన బ్రహ్మ కెఱుక\nమధుకైటభారి! నీ మాయాసమర్థత - వసుధలో బలిచక్రవర్తి కెఱుక\nపరమాత్మ! నీదగు పక్షపాతిత్వంబు - దశశతాక్షుల పురందరుని కెఱుక	seesamu	upajaathi	శేషప్ప కవి	bhakti	Narasimha
p1080	నవ సరోజదళాక్ష! నన్నుఁ బోషించెడు - దాతవు నీవంచు ధైర్యపడితి\nనా మనంబున నిన్ను నమ్మినందుకుఁ దండ్రి! - మేలు నా కొనరింపు నీలదేహ!\nభళిభళీ! నీ యంత ప్రభువు నెక్కడఁ జూడఁ - బుడమిలో నీ పేరు పొగడవచ్చు\nముందుఁ జేసిన పాపమును నశింపఁగఁ జేసి - నిర్వహింపుము నన్ను నేర్పుతోడఁ	seesamu	upajaathi	శేషప్ప కవి	bhakti	Narasimha
p1081	లక్ష్మీశ! నీ దివ్యలక్షణ గుణముల - వినఁజాల కెప్పుడు వెఱ్ఱినైతి\nనావెఱ్ఱిగుణములు నయముగా ఖండించి - నన్ను రక్షింపుమో నళిననేత్ర!\nనిన్ను నే నమ్మితి నితరదైవముల నే - నమ్మలేదెప్పుడు నాగశయన!\nకాపాడినను నీవె కష్టపెట్టిన నీవె - నీ పాదకమలముల్‌ నిరత మేను	seesamu	upajaathi	శేషప్ప కవి	bhakti	Narasimha
p1082	శ్రీకల్యాణగుణాభిరామ! విబుధశ్రేణీ కిరీటద్యుతి\nవ్యాకీర్ణాంఘ్రి సరోరుహద్వయ! సహస్రాక్షస్తుతా! యచ్యుతా!\nనాకుం బ్రాపును దాపు నీవె యగుచున్ నన్నేలుమీ రామభ\nద్రా! కారుణ్యసముద్ర! ధీర! రఘువీరా! జానకీనాయకా!	saardulamu	vruttamu	అయ్యలరాజు త్రిపురాంతకకవి	bhakti	Ontimittaraguveera
p1083	తారుణ్యోదయ! యొంటిమిట్టరఘునాథా! నీకు నేఁ బద్యముల్\nనూఱుం జెప్పెద నూరుఁబేరు వెలయన్ నూత్నంబుగా; నంత నా\nనోరుం బావన మౌను, నీ కరుణఁ గాంతున్, భక్తి నన్నందఱున్\nరారమ్మందురు గారవించి రఘువీరా! జానకీనాయకా!	saardulamu	vruttamu	అయ్యలరాజు త్రిపురాంతకకవి	bhakti	Ontimittaraguveera
p1084	ఆ కర్ణాటకమండలాధిపతిచే నాస్థానమధ్యంబులో\nనా కావ్యంబులు మెచ్చఁజేసితివి నానారాజులుం జూడఁగా\nనీకుం బద్యము లిచ్చుచో నిపుడు వాణీదేవి నా జిహ్వకున్\nరాకుంటెట్లు? వసించుఁగాక రఘువీరా! జానకీ నాయకా!	saardulamu	vruttamu	అయ్యలరాజు త్రిపురాంతకకవి	bhakti	Ontimittaraguveera
p1085	నీ కేలన్ దృణ మంది వైవ నదియున్ నిర్ఘాతపాతక్రియన్\nగాకాకారనికారదానవుని లోకాలోకపర్యంత మీ\nలోకంబుల్ పదునాల్గు త్రిప్పినది కాలున్మోపఁగానీక యౌ\nరా! కాకుత్స్థ కులాగ్రగణ్య! రఘువీరా! జానకీనాయకా!	saardulamu	vruttamu	అయ్యలరాజు త్రిపురాంతకకవి	bhakti	Ontimittaraguveera
p1086	కొంకం గారణ మేమి ధర్మములు పెక్కుల్ చేసి మర్త్యుండు నీ\nవంకం జిత్తము నిల్పలేక పెరత్రోవల్ త్రొక్కినన్ సర్వముం\nబొంకై పోవుఁ; గురంగనేత్ర తగునోముల్ వేయునున్ నోచి తా\nఱంకాడంగఁ దొడంగినట్లు రఘువీరా! జానకీనాయకా!	saardulamu	vruttamu	అయ్యలరాజు త్రిపురాంతకకవి	bhakti	Ontimittaraguveera
p1087	ఆ గౌరీశ్వరకీర్తనీయుఁ డగు ని న్నర్చింపఁగా లేనివా\nరోగు ల్గారొకొ చాల యోగ్యులయినన్ యోగానుసంధాను లీ\nమాగుల్గాన యథార్థమాడితిని నీమంత్రంబె మంత్రంబురా!\nరాగద్వేషవిదూర! ధీర! రఘువీరా! జానకీనాయకా!	saardulamu	vruttamu	అయ్యలరాజు త్రిపురాంతకకవి	bhakti	Ontimittaraguveera
p1088	నీ చారిత్రముఁ జెప్ప నద్భుతమగున్, నీ నామసంకీర్తనం\nబాచండాలునకైన మోక్ష మొసఁగున్, హత్యాదిదోషంబులన్\nవే చించున్ విదళించుఁ ద్రుంచుఁ దునుమున్ వేఁటాడు నంటంబడున్\nరాచుం ద్రోచు నడంచు నొంచు రఘువీరా! జానకీనాయకా!	saardulamu	vruttamu	అయ్యలరాజు త్రిపురాంతకకవి	bhakti	Ontimittaraguveera
p1089	తేజం బొప్పఁగ నీవె కావె మొదలం ద్రేతాయుగాంతంబునన్\nరాజై పుట్టితి వింక నీకలియుగాంత్యం బందునన్ రౌతవై\nవాజిం దోలి విరోధులం దునుమ దేవా! నీవ యొండెవ్వఁ డా\nరాజున్ రౌతును నీవె కావె రఘువీరా! జానకీనాయకా!	saardulamu	vruttamu	అయ్యలరాజు త్రిపురాంతకకవి	bhakti	Ontimittaraguveera
p1090	గాజుం బూస సురేంద్రనీలమణిగాఁ గల్పించు చందంబునన్\nబాజుం జర్మము మీఁది బేగడపొరల్ బంగార మౌ రీతిగన్\nనా జన్మంబు పవిత్రభాజనముగా నన్నేల రావేలరా\nరాజీవాక్ష! కృపాకటాక్ష! రఘువీరా! జానకీనాయకా!	saardulamu	vruttamu	అయ్యలరాజు త్రిపురాంతకకవి	bhakti	Ontimittaraguveera
p1091	నా జన్మాంతర వాసనావశమునన్ నాపాలి భాగ్యంబునన్\nనా జాడ్యంబులు పోవుకాలముతఱిన్ నా పుణ్యపాకంబునం\nదీజన్మంబున నిన్నుఁ గొల్వఁ గలిగెన్, హీనుండఁ గా నింక, నే\nరాజన్, నాకెదు రెవ్వ రుర్వి? రఘువీరా! జానకీనాయకా!	saardulamu	vruttamu	అయ్యలరాజు త్రిపురాంతకకవి	bhakti	Ontimittaraguveera
p1092	నేఁటం దీఱె ననేకజన్మములనుండి న్నన్ను వెంటాడుచున్\nవాటంబై చనుదెంచు పాపములు; శ్రీవత్సాంక! యీవంక నీ\nపాటల్ పాఠము సేయువారికి మఱిం బాపంబులం బాపుఁ గ\nర్ణాటాధీశ్వర! యొంటిమిట్ట రఘువీరా! జానకీనాయకా!	saardulamu	vruttamu	అయ్యలరాజు త్రిపురాంతకకవి	bhakti	Ontimittaraguveera
p1093	పటునిర్ఘాత కఠోరనాదము ఘనబ్రహ్మాండ భాండంబుఁ బి\nక్కటిలం జేయుచు వచ్చునప్పు డితరుల్ గాండీవినామంబు లె\nన్నుట మేలందురు; వైష్ణవుల్ తలఁప రన్యుం గోరి యెంతెంత దు\nర్ఘటముల్ వచ్చిన నిన్నెగాక రఘువీరా! జానకీనాయకా!	mattebhamu	vruttamu	అయ్యలరాజు త్రిపురాంతకకవి	bhakti	Ontimittaraguveera
p1094	వడి మీఱంగ నమోఘమై నిగుడు నీ వాలమ్ము వాలమ్ముఁ దాఁ\nకెడు నంచున్ మెడ యొడ్డినన్ జమరిపైఁ గీల్కొన్న కారుణ్య మే\nర్పడ మున్నేసిన యమ్ము వేఱె యొక నారాచమ్మునం ద్రుంచి పే\nర్పడి తౌరా విలుకాండ్రలోన రఘువీరా! జానకీనాయకా!	mattebhamu	vruttamu	అయ్యలరాజు త్రిపురాంతకకవి	bhakti	Ontimittaraguveera
p1095	చెడుగన్, గష్టుఁడ, దుష్టచిత్తుఁడఁ, బరస్త్రీలోలుఁడన్, బాలుఁడన్\nజడుఁడన్, మూఢుఁడఁ, గొండెకాఁడను, దురాచారి, న్నిషిద్ధాత్ముఁడన్\nగడుసంగాకరిఁ గల్ల గుల్లఁ గపటిన్ గర్విన్ ననుం గావు మూ\nఱడి యున్నాఁడను నీవె దిక్కు రఘువీరా! జానకీనాయకా!	mattebhamu	vruttamu	అయ్యలరాజు త్రిపురాంతకకవి	bhakti	Ontimittaraguveera
p1096	ఏ తాత్పర్యము గల్గి కొల్చెదవురా? యే నేల నిన్మెత్తురా?\nనీతో నాకుఁ బనేమిరా? యనక మన్నింపం దగున్; మున్ను నీ\nచేతన్ మోక్షముఁ గన్నవారి వినమా చిత్రంబుగా నిర్జరా\nరాతిన్ నాతిని రాతిఁ దొల్లి రఘువీరా! జానకీనాయకా!	saardulamu	vruttamu	అయ్యలరాజు త్రిపురాంతకకవి	bhakti	Ontimittaraguveera
p1097	దాతల్ ద్రాతలు తల్లిదండ్రులు మఱిన్ దైవంబు లాప్తుల్ చెలుల్\nభ్రాత ల్దక్కినవారు చుట్టములు మీపాదాలపై నాన నా\nదాత ల్ద్రాతలు తల్లిదండ్రులు మఱిన్ దైవంబు లాప్తుల్ చెలుల్\nభ్రాతల్ సర్వము నీవె కావె రఘువీరా! జానకీనాయకా!	saardulamu	vruttamu	అయ్యలరాజు త్రిపురాంతకకవి	bhakti	Ontimittaraguveera
p1098	శ్రుతిపాథోధి మథించి శాస్త్రమహిమ ల్శోధించి యష్టాదశ\nస్మృతు లాలించి మహేతిహాసకథలుం జింతించి తా రొక్క స\nమ్మతమై సన్మును లాచరించిన మహామార్గంబు నీసేవ; దు\nర్మతు లీమార్గముఁ గానలేరు రఘువీరా! జానకీనాయకా!	mattebhamu	vruttamu	అయ్యలరాజు త్రిపురాంతకకవి	bhakti	Ontimittaraguveera
p1099	సుతు లంచున్ హితు లంచు బంధుజను లంచుం దల్లులుం దండ్రులున్\nసతులుం బౌత్రులు నంచు నెంచుకొనుచున్ సంసారమోహాబ్ధిలో\nగతజన్మంబులఁ దేలుచున్ మునుఁగుచున్ గర్వించి యే ని న్ననా\nరతముం గొల్వని మోస గల్గె రఘువీరా! జానకీనాయకా!	mattebhamu	vruttamu	అయ్యలరాజు త్రిపురాంతకకవి	bhakti	Ontimittaraguveera
p1100	క్షితిలోఁ దామును బ్రహ్మసృష్టికిఁ బునస్సృష్టిన్ వినిర్మించియున్\nగ్రతువిఘ్నం బొనరించు దానవుల వీఁకం దోలఁగా లేక నాఁ\nడతిబాలున్ నినుఁ దోడు తోడుకొనిపోఁడా గాధిసూనుండు నీ\nప్రతివీరాగ్రణి యెవ్వఁ డింక? రఘువీరా! జానకీనాయకా!	mattebhamu	vruttamu	అయ్యలరాజు త్రిపురాంతకకవి	bhakti	Ontimittaraguveera
p1101	సంతానంబును బారిజాతకమహీజాతంబు మందారమున్\nజింతారత్నముఁ గామధేనువు సుధాసింధూత్తమంబున్ మదిన్\nజింతింపన్ సరిగావు నీకు విజయశ్రీధామ! యో రామ! య\nశ్రాంతత్యాగ వివేకపాక! రఘువీరా! జానకీనాయకా!	saardulamu	vruttamu	అయ్యలరాజు త్రిపురాంతకకవి	bhakti	Ontimittaraguveera
p1102	ఏ దైవాల వరాలకంటె సులభం బెవ్వారికైనన్ మదిన్\nనీ దాతృత్వము చెప్పనేల శరణంటేన్ గాతు వింతేల నీ\nపాదాంభోజరజంబు రాతికయినన్ బ్రాణంబు లీఁజాలు నౌ\nరా! దిక్పూరితకీర్తిపూర! రఘువీరా! జానకీనాయకా!	saardulamu	vruttamu	అయ్యలరాజు త్రిపురాంతకకవి	bhakti	Ontimittaraguveera
p1103	విందున్ వేదపురాణశాస్త్రముల గోవిందున్ ముకుందున్ హరిన్\nవిందున్ వేల్పులలోన భక్తసులభున్ విశ్వంభరున్ సచ్చిదా\nనందున్ నందుఁడు కన్న చిన్నశిశువున్ నాపాలి పాపాళిఁ బా\nఱం దోలంగ నృసింహు నిన్ను రఘువీరా! జానకీనాయకా!	saardulamu	vruttamu	అయ్యలరాజు త్రిపురాంతకకవి	bhakti	Ontimittaraguveera
p1104	సందిం బూసలలోన నీ కవచరక్షామంత్రరాజంబుఁ బెం\nపొందన్ వ్రాసి ధరించినాతఁడు రిపువ్యూహంబులో నైన నే\nకందుం బొందక వజ్రపంజరములోఁ గాఁపున్న చందానఁ బా\nఱం దోలుం బగవారి నౌర రఘువీరా! జానకీనాయకా!	saardulamu	vruttamu	అయ్యలరాజు త్రిపురాంతకకవి	bhakti	Ontimittaraguveera
p1105	వృథగా దెవ్వఁడు నిన్నుఁ గొల్చినఁ గృపన్ వీక్షించి వాఁ డేమనో\nరథముల్ వేఁడిన నట్లె సేయుదువుగా రక్షావిధేయుండవై\nకథగాదీ వచనంబు నిక్క మటులే కాదేని మున్నేల సా\nరథివై తర్జునుతేరిఁ దోల రఘువీరా! జానకీనాయకా!	mattebhamu	vruttamu	అయ్యలరాజు త్రిపురాంతకకవి	bhakti	Ontimittaraguveera
p1106	ఘనసారంబును లోనికిం గొనిన శ్రీగంధంబుఁ బైఁ బూసినన్\nదినమున్ మర్దనఁ జేసినం గడిగినన్ దిష్టంబులోనం దొలం\nగని దుర్గంధము నైజ మీముఱికి డొక్కల్ నమ్మి ని న్గొల్వనే\nరని మూఢాత్ముల నేమి చెప్ప రఘువీరా! జానకీనాయకా!	mattebhamu	vruttamu	అయ్యలరాజు త్రిపురాంతకకవి	bhakti	Ontimittaraguveera
p1107	విను నా కెన్నియొ దోసముల్ గలవు నొప్పిం బొందఁగా మ్రంద ర\nమ్మని రౌద్రంబుగఁ గాలుబంటు లన నే రాఁపేరు? నా పేరుఁ బె\nట్టినవానిన్ బరలోకదూరుఁడని యండ్రే పొండు పొండంచు బో\nరన సాయమ్మయి యడ్డగింపు రఘువీరా! జానకీనాయకా!	mattebhamu	vruttamu	అయ్యలరాజు త్రిపురాంతకకవి	bhakti	Ontimittaraguveera
p1108	జననాథాగ్రణి! నిన్నుఁ గొల్చునతఁ డాచండాలుఁడైనం బున\nర్జననం బొందక ముక్తిఁ గాంచు నొనరన్ సద్భక్తుఁడైనం దుదిన్,\nజనుఁ జండాలకులంబులోన నుదయించం గోరి నీ నామకీ\nర్తన సేయ న్నిరసించెనేని రఘువీరా! జానకీనాయకా!	mattebhamu	vruttamu	అయ్యలరాజు త్రిపురాంతకకవి	bhakti	Ontimittaraguveera
p1109	నీ పాదోదక మక్షులం దదుముకొంటిం, గొంటి నాలోనికిన్,\nనీ పళ్లెంబు ప్రసాదముం గుడిచితిన్, నీ పేరునుం బెట్టితిన్,\nనీ పెన్ముద్రలు దాల్చితిన్ భుజములన్, నీవింక నన్నేగతిన్\nబ్రాపై ప్రోచెదొ కాని పూని రఘువీరా! జానకీనాయకా!	saardulamu	vruttamu	అయ్యలరాజు త్రిపురాంతకకవి	bhakti	Ontimittaraguveera
p1110	తపముల్ చేసినఁ బోనిపాపములు మంత్రంబుల్ సమర్థంబుగా\nజపముల్ చేసినఁ బోని దోషము నదీస్నానంబునం బోని ఘో\nరపుఁ గర్మంబులు వాయు నొక్కమఱి శ్రీరామా యనే మాట క\nర్ణపుటం బించుక సోఁకెనేని రఘువీరా! జానకీనాయకా!	mattebhamu	vruttamu	అయ్యలరాజు త్రిపురాంతకకవి	bhakti	Ontimittaraguveera
p1111	నీ మంత్రంబు సదా సదాశివుఁడు పత్నీయుక్తుఁడై కాశిలో\nనేమం బొప్ప జపించె నంచు శ్రుతులన్ని న్నిన్నె వర్ణింపఁగా\nనేమా నిన్ను నుతించువార మయినన్ నిన్నెంతు నోరారఁగా\nరామా! రాఘవ! రామభద్ర! రఘువీరా! జానకీనాయకా!	saardulamu	vruttamu	అయ్యలరాజు త్రిపురాంతకకవి	bhakti	Ontimittaraguveera
p1112	నీ మంత్రంబు జపించు మానవులకున్ నిశ్శ్రేయ మౌ నర్థముల్\nహేమంబు ల్గొడుగుల్ తురంగములు మత్తేభంబు లాందోళికల్\nగ్రామంబుల్ నగరంబులున్ విభవముల్ రాజ్యంబులున్ రత్నముల్\nరామారత్నము లేమిలెక్క రఘువీరా! జానకీనాయకా!	saardulamu	vruttamu	అయ్యలరాజు త్రిపురాంతకకవి	bhakti	Ontimittaraguveera
p1113	గోమేధాధ్వర వాజిమేధశతముల్ గోదాన భూదానముల్\nహేమాద్రుల్ తిలపర్వతంబులు సువర్ణేభాశ్వదానంబులున్\nనీ మంత్రంబగు నక్షరద్వయముతో నే పుణ్యముల్ పోల వో\nరామా! రాఘవ! రామభద్ర! రఘువీరా! జానకీనాయకా!	saardulamu	vruttamu	అయ్యలరాజు త్రిపురాంతకకవి	bhakti	Ontimittaraguveera
p1114	గోమాంసాశని, మద్యపాని, నగరిన్ గొండీఁడుఁ, చండాలుఁడున్\nహేమస్తేయుఁడు, సోదరీరతుఁడు, గూ డేకాదశిన్ భుక్తిగొ\nన్నామూఢాత్ముఁడు లోనుగాఁ గలుగు దుష్టాచారుఁడైనం దుదిన్\nరామా! యన్నను ముక్తిఁ గాంచు రఘువీరా! జానకీనాయకా!	saardulamu	vruttamu	అయ్యలరాజు త్రిపురాంతకకవి	bhakti	Ontimittaraguveera
p1115	ఏమీ పాతకులార! మా పురికి రా రీపట్టునం దున్నత\nశ్రీమైఁ బోయెద రెందుకన్న జమునిం గ్రేగన్నులం జూచుచున్\nరామయ్యా! యిఁక నంచుఁ బల్కి యపవర్గస్థానమున్ జొత్తురో\nరామయ్యా! నినుఁ గొల్చువారు రఘువీరా! జానకీనాయకా!	saardulamu	vruttamu	అయ్యలరాజు త్రిపురాంతకకవి	bhakti	Ontimittaraguveera
p1116	స్వామిద్రోహికిఁ దమ్ముఁడెట్లు? ఘనరాజ్యంబేల నీవిచ్చుటె?\nట్లామాటల్ విని కాదె నిన్నడుగ నత్యాసక్తి నాకున్న దొ\nడ్డేమిన్ పల్మఱు వేసరింపఁ గవి నే నీరాదె నీ సీమలో\nగ్రామం బొక్కటి చాలు నాకు రఘువీరా! జానకీనాయకా!	saardulamu	vruttamu	అయ్యలరాజు త్రిపురాంతకకవి	bhakti	Ontimittaraguveera
p1117	మామా యంచును మామ యంచు నెపుడే మా యల్లుఁ డుద్యద్గతిన్\nహేమాద్రిప్రతిమానమైన యొక విల్లేపార మో పెట్టఁగా\nసామర్థ్యంబున మేటి యీతఁడని నీ సత్త్వంబె వర్ణింతు నో\nరామా! రాఘవ! రామభద్ర! రఘువీరా! జానకీనాయకా!	saardulamu	vruttamu	అయ్యలరాజు త్రిపురాంతకకవి	bhakti	Ontimittaraguveera
p1118	నా యజ్ఞానముఁ బాపుమంచు మదిలో నానాప్రకారంబులన్\nగూయం గూయ నదేమిరా యనవు నీకున్ మ్రొక్కనా? కుక్కనా?\nచీ యంచేటికి రోఁతగించెదవు? నీచిత్తంబు రాకుండినన్\nబ్రాయశ్చిత్తము నాకునెద్ది? రఘువీరా! జానకీనాయకా!	saardulamu	vruttamu	అయ్యలరాజు త్రిపురాంతకకవి	bhakti	Ontimittaraguveera
p1119	సకృపాలోకన! నందగోపుని తనూజాతుండవై గొల్లవై\nసకలక్షోణుల నేలినాఁడవఁట, మించం గశ్యపబ్రహ్మ గ\nన్న కుమారుండన మిన్నుముట్టి కుఱుచై నాఁడేల నాడేల నే\nరక దానంబుగ వేఁడుకొంటి రఘువీరా! జానకీనాయకా!	mattebhamu	vruttamu	అయ్యలరాజు త్రిపురాంతకకవి	bhakti	Ontimittaraguveera
p1120	చీరల్ దీయకు చన్నుగుబ్బల పయిం జీకాకుగాఁ గాకుగాఁ\nజీరల్ దీయకు మందబోయఁడిదె వచ్చే బ్రొద్దు రావల్దు నా\nజారా! మేలను జారలం గవయు కృష్ణా! యేకపత్నీవ్రత\nప్రారంభం బిపుడేల నీకు రఘువీరా! జానకీనాయకా!	saardulamu	vruttamu	అయ్యలరాజు త్రిపురాంతకకవి	bhakti	Ontimittaraguveera
p1121	తిరునామంబు ధరింపఁడేని నొసలన్ దిక్పూరితంబైన నీ\nవరనామంబుఁ దలంపఁడేని మదిలో వాంఛించి నీ పాదపం\nకరుహ శ్రీతులసీదళోదకముఁ ద్రాగండేని వాఁడేటి నే\nర్పరి వైకుంఠపురంబుఁ జేర రఘువీరా! జానకీనాయకా!	mattebhamu	vruttamu	అయ్యలరాజు త్రిపురాంతకకవి	bhakti	Ontimittaraguveera
p1122	శరణంబన్నను మాటమాత్రమున విశ్వద్రోహి తోఁబుట్టుకున్\nగరుణాపూర్ణవిలోకనం బొదవ లంకారాజ్యసింహాసన\nస్థిరపట్టం బొనరించినాఁడ వఁట యేదేవుండు నీసాటి యు\nర్వరలోనన్ భవరోగదూర! రఘువీరా! జానకీనాయకా!	mattebhamu	vruttamu	అయ్యలరాజు త్రిపురాంతకకవి	bhakti	Ontimittaraguveera
p1123	పరనారీ కుచకుంభపాలికలపైఁ బాదాబ్జయుగ్మంబుపైఁ\nగరమూలంబులపైఁ గపోలతటిపైఁ గంఠంబుపైఁ గొప్పుపైఁ\nబరువుల్ వాఱెడు నా తలంపులు మిమున్ భావింపఁగాఁ జేసి స\nర్వరసాధీశ్వర! నన్నుఁ బ్రోవు రఘువీరా! జానకీనాయకా!	mattebhamu	vruttamu	అయ్యలరాజు త్రిపురాంతకకవి	bhakti	Ontimittaraguveera
p1124	నరకుల్ క్రాఁగిన యిన్పకంబముల నంటంగట్టఁగాఁ గొట్టఁగాఁ\nబొరలం బొర్లఁగఁ గక్కరాలఁ గొని వీఁపు ల్గోయఁగా వ్రేయఁగా\nనరకావాసులలోన నుండుదురు నీ నామంబు వర్జించి దు\nర్మరణంబు ల్గని చన్నవారు రఘువీరా! జానకీనాయకా!	mattebhamu	vruttamu	అయ్యలరాజు త్రిపురాంతకకవి	bhakti	Ontimittaraguveera
p1125	బాలత్వంబునఁ గొంతకాలము వృథా పాపంపు దుర్బుద్ధినై\nచాలన్ జవ్వనమందు గర్వమతినై సంసారినై దుష్క్రియా\nజాలభ్రాంతిఁ జరింతుఁగాని నినుఁ గాంక్షం గొల్వలేదయ్య హే\nరాళంబైనది చింత వంత రఘువీరా! జానకీనాయకా!	saardulamu	vruttamu	అయ్యలరాజు త్రిపురాంతకకవి	bhakti	Ontimittaraguveera
p1126	సాలగ్రామ శిలాశిలోచ్చయ గయాస్నాన ప్రయాగస్థలుల్\nపోలం జూచెద నంచుఁ బోవఁదలఁతున్ బోలేను మీదాసులన్\nబోలం గానఁగ బుద్ధిపుట్ట దిఁక నేఁ బుణ్యాత్ముఁ డౌటెట్లు? హే\nరాళంబైనది చింత వంత రఘువీరా! జానకీనాయకా!	saardulamu	vruttamu	అయ్యలరాజు త్రిపురాంతకకవి	bhakti	Ontimittaraguveera
p1127	కొలువం జాలక మాన, నీ నుతులు పెక్కుల్ సేయుటన్ మాన, నిన్\nదలఁపం జాలక మాన, నేఁ గలసి నీ దాసానువర్గంబుతో\nనిలువం జాలక మానఁబో! కడపటన్ నీనామముల్ విన్నవా\nరలకుం గల్గును మోక్షలక్ష్మి రఘువీరా! జానకీనాయకా!	mattebhamu	vruttamu	అయ్యలరాజు త్రిపురాంతకకవి	bhakti	Ontimittaraguveera
p1128	చెలఁగన్ మర్త్యులు వేగి లేచి తమిచేఁ జేయంగఁ బాపంబు లీ\nకలుషంబుల్ పెడఁబాయ నేదిగతి? యింకన్ ద్రోవ యొండెద్ది? పు\nర్వులగుంటం బడనీని పోకడయు నేర్పున్ బుద్ధియుం గల్గువా\nరలు నీ సేవకు లౌట లెస్స రఘువీరా! జానకీనాయకా!	mattebhamu	vruttamu	అయ్యలరాజు త్రిపురాంతకకవి	bhakti	Ontimittaraguveera
p1129	కలకాలంబు వ్రతంబులుం దపములుం గావించి యన్యు ల్తుదిన్\nగలకాలంబును బోలె నిర్జరపురీకాంతాకుచాలింగనం\nబులఁ గొన్నాళ్లు సుఖించి క్రమ్మఱ నిలం బుట్టంగ నే మెచ్చ ని\nర్మలముక్తిన్ నినుఁ గొల్చి కాంతు రఘువీరా! జానకీనాయకా!	mattebhamu	vruttamu	అయ్యలరాజు త్రిపురాంతకకవి	bhakti	Ontimittaraguveera
p1130	నిలువెల్లం బులకాంకురంబు లొదవన్ నీపాదతీర్థంబుతోఁ\nదులసీపర్ణ మొకించుకంత గొనినన్ దోషాలు ఖండించుఁ గా!\nపొలపాకుల్ దినఁ గాననంబుల బడిన్ బోనేల మోక్షంబు కూ\nరలను న్నారల నేల గల్గు? రఘువీరా! జానకీనాయకా!	mattebhamu	vruttamu	అయ్యలరాజు త్రిపురాంతకకవి	bhakti	Ontimittaraguveera
p1131	ఇల నిన్నుం దొలుబామునం దలఁప నే నీజన్మమందైన నా\nతలఁపు ల్మీపదపంకజంబులపయిన్ దాపింతు నే నింక బు\nట్టలలోఁ జెట్టులలోన నంబువులఁ బుట్టం బుట్టఁగా నోపఁ గ\nర్మలతాబంధము మాపవయ్య! రఘువీరా! జానకీనాయకా!	mattebhamu	vruttamu	అయ్యలరాజు త్రిపురాంతకకవి	bhakti	Ontimittaraguveera
p1132	గోవం దొల్తటి జన్మకాలముల నీకుం బంటఁ గానైతి నం\nచీవక్రంబులె కాక నాకు నివి లక్షింపంగ జన్మంబులా\nచావుం బుట్టువు మాన్పుకోవలయు నీ జన్మాన నీవాఁడనై\nరావా నా మది కింకనైన రఘువీరా! జానకీనాయకా!	saardulamu	vruttamu	అయ్యలరాజు త్రిపురాంతకకవి	bhakti	Ontimittaraguveera
p1133	చావు ల్మర్త్యులకెల్లఁ గల్గుటలు నిస్సందేహముల్ దేహముల్\nచేవ ల్గల్గిననాఁడె శ్రీగిరి గయా శ్రీవేంకటాహోబిల\nగ్రావప్రాంతములందుఁ జేరవలెఁ; జేరంబోవ కేలబ్బు నా\nర్యావాణీస్తుత మోక్షలక్ష్మి? రఘువీరా! జానకీనాయకా!	saardulamu	vruttamu	అయ్యలరాజు త్రిపురాంతకకవి	bhakti	Ontimittaraguveera
p1134	త్రోవన్ మానవుఁ డొంటిఁబోవుతఱి నీస్తోత్రంబు వాక్రుచ్చినన్\nనీవుం దమ్ముఁడుఁ దోడువత్తురటె నీ నెయ్యంబు తియ్యంబుగా\nనీవంటాప్తుఁడు నిన్నుఁ బోలు హితుఁడున్ నీవంటి భక్తప్రియ\nప్రావీణ్యుండును లేఁడు చూడ రఘువీరా! జానకీనాయకా!	saardulamu	vruttamu	అయ్యలరాజు త్రిపురాంతకకవి	bhakti	Ontimittaraguveera
p1135	నవనీతంబుల కేల పాఱెదవురా నాయన్న! రా! యెన్నరా\nయివి దూష్యంబులు గాఁగ గోపికలు? నీయింటం బదార్థంబు లె\nయ్యవి లే? వంచు వచించు నమ్మకడ కొయ్యంజేరు కైశోర చో\nరవినోదంబులు నేఁ దలంతు రఘువీరా! జానకీనాయకా!	mattebhamu	vruttamu	అయ్యలరాజు త్రిపురాంతకకవి	bhakti	Ontimittaraguveera
p1136	చెవి నీనామము విందునో యని కడున్ సెంకించి కర్ణంబులన్\nరవము ల్మీఱఁగ ఘంట లంటనిడి ఘంటాకర్ణుఁ డేతేరఁగా\nనవి చూచిన్ వరమిచ్చినాఁడవఁట నీయంఘ్రిద్వయీసేవక\nప్రవరుం గాచుట యేమిలెక్క? రఘువీరా! జానకీనాయకా!	mattebhamu	vruttamu	అయ్యలరాజు త్రిపురాంతకకవి	bhakti	Ontimittaraguveera
p1137	దోసంబు ల్కులపర్వతంబుల కొలందుల్ గల్గినం గల్గనీ\nమీ సంకీర్తన శబ్దమాత్రమున భస్మీభూతమైపోవవా\nత్రాసు ల్కోటిసహస్రముల్ గలిగి యెత్తన్ రాని కార్పాసపున్\nరాసు ల్సోఁకిన నిప్పువోలె రఘువీరా! జానకీనాయకా!	saardulamu	vruttamu	అయ్యలరాజు త్రిపురాంతకకవి	bhakti	Ontimittaraguveera
p1138	కసుమాలంబగు దేహిపుట్టువుల నీ కష్టంబులం బాపి ది\nవ్యసుకాయం బొనరింతు వెవ్వఁడు నినున్ వాక్రుచ్చినన్ యోగిమా\nనస గేహంబులనుండి; లోహము సువర్ణచ్ఛాయగాఁ జేయఁగా\nరసవాదంబులు నేర్చితౌర రఘువీరా! జానకీనాయకా!	mattebhamu	vruttamu	అయ్యలరాజు త్రిపురాంతకకవి	bhakti	Ontimittaraguveera
p1139	బహురూపాలు ధరించుకొంచును గ్రియాభాషాంగము ల్ముట్టఁగా\nబహుకాలంబులనుండి యాడితి నిఁకం బ్రాల్మాలినట్లయ్యెడిన్\nదహలంబెట్టక చాల్పురేయనుము నీత్యాగంబు నేనొల్ల సా\nగ్రహ దైతేయ మదాపహార! రఘువీరా! జానకీనాయకా!	mattebhamu	vruttamu	అయ్యలరాజు త్రిపురాంతకకవి	bhakti	Ontimittaraguveera
p1140	మోక్షాపేక్ష జనించె నాకు నిదియేమో కాని యీజన్మమం\nదక్షీణోదయ!ముక్తి కెవ్వఁ డొడయం డాపుణ్యునిం జెప్పెదో\nదక్షారిస్తుత! నీవె కర్తవయినన్ దక్కేల నీవే ననున్\nరక్షింతో యెఱుగంగఁ జెప్పు రఘువీరా! జానకీనాయకా!	saardulamu	vruttamu	అయ్యలరాజు త్రిపురాంతకకవి	bhakti	Ontimittaraguveera
p1141	చదువు ల్దొంగిలి సోమకాసురుఁడు భాషాభర్త కూపెట్టఁగా\nనుదధుల్ సొచ్చినఁ బాఱిపట్టుటకు నుద్యోగించి మత్స్యంబవై\nయదరంటన్ రిపుఁ ద్రుంచి వేదములు దేవా దేవ! శాండిల్యనా\nరదకౌండిన్యనుత ప్రతాప! రఘువీరా! జానకీనాయకా!	mattebhamu	vruttamu	అయ్యలరాజు త్రిపురాంతకకవి	bhakti	Ontimittaraguveera
p1142	దనుజాధీశులు నిర్జరాధిపతులున్ దామందఱున్ మందరున్\nఘనసత్త్వంబున నెత్తి వార్థి నహిపుం గవ్వంబుగాఁ ద్రచ్చుచో\nమునుఁగం బాఱకయుండఁ గచ్ఛపమవై మున్నీటిలోనుండు వ\nర్తన మే నాత్మఁ దలంచుచుందు రఘువీరా! జానకీనాయకా!	mattebhamu	vruttamu	అయ్యలరాజు త్రిపురాంతకకవి	bhakti	Ontimittaraguveera
p1143	ధర కల్పాంతమునం గరంగఁబడి పాతాళంబులోనంటినన్\nదొరయం దొల్లిటియట్ల కా నిలుప నుద్యోగించి క్రోడంబవై\nపొరి నబ్భూతలమెత్తినట్టి ఘనదర్పున్ నిన్ను భావింతు ని\nర్భరకారుణ్య నిరూఢచిత్త! రఘువీరా! జానకీనాయకా!	mattebhamu	vruttamu	అయ్యలరాజు త్రిపురాంతకకవి	bhakti	Ontimittaraguveera
p1144	ఏతుల్ గాక మురాంతకుండు గలఁడా యెందైన నిందైన నీ\nనీతు ల్మాను మటంచుఁ దండ్రి సుతునిన్ నిట్రాతిలోఁ జూపరా\nచూతున్ నాఁగ నృసింహరూపమున నచ్చో నుండవా చెండవా\nరాతిం బోలిన దైత్యు మేను రఘువీరా! జానకీనాయకా!	saardulamu	vruttamu	అయ్యలరాజు త్రిపురాంతకకవి	bhakti	Ontimittaraguveera
p1145	నిను నారాయణమూర్తిగాఁ దలఁచుచున్ నీ దండ నా దండకా\nవన వాచంయము లెల్లఁ జేరి కొలువన్ వారిం గృపం జూచుటల్\nవనధిం గట్టుట రావణుం దునుముటల్ వర్ణింతు రామావతా\nర నిరూఢాకృతి నిన్ను నౌర! రఘువీరా! జానకీనాయకా!	mattebhamu	vruttamu	అయ్యలరాజు త్రిపురాంతకకవి	bhakti	Ontimittaraguveera
p1146	కలికాలాంతమునన్ గిరాతజనముల్ గర్వించినం దత్కిరా\nతుల నెల్లన్ విదళించుచున్ గృతయుగోద్భూతంబుఁ గావింప నిం\nపలరం గల్కివి గాఁగ నున్న హరి నిన్నశ్రాంతముం గొల్చువా\nరలు పుణ్యాత్ము లగణ్యశూర! రఘువీరా! జానకీనాయకా!	mattebhamu	vruttamu	అయ్యలరాజు త్రిపురాంతకకవి	bhakti	Ontimittaraguveera
p1147	త్రేతా ద్వాపరసంధి నుద్ధతమదాంధీభూత ధాత్రీధవ\nవ్రాతంబున్ జననీ ప్రతిజ్ఞకొఱ కిర్వైయొక్కమారుల్ బహు\nప్రీతిం ద్రుంచితి గాదె నీవు విలసద్వీర్యంబుమై ఘోరని\nర్ఘాతక్రూరకుఠారధార రఘువీరా! జానకీనాయకా!	saardulamu	vruttamu	అయ్యలరాజు త్రిపురాంతకకవి	bhakti	Ontimittaraguveera
p1148	కావం దొల్లిటి కాలజన్మముల నీకా బంటుఁ గానైతి నీ\nసేవాకార్యములేమొ నాకు నవి లక్షింపంగ లేవయ్యె నీ\nచావుం బుట్టువు మాన్పుకోవలయు నీ జన్మాన నీవాఁడనై\nరావా నా మదిఁ గోర్కెఁ దీర్ప! రఘువీరా! జానకీనాయకా!	saardulamu	vruttamu	అయ్యలరాజు త్రిపురాంతకకవి	bhakti	Ontimittaraguveera
p1149	ఉండందెక్కడ నీవు లేక వెలియై యుండేది యెచ్చోటు బ్ర\nహ్మాండంబుల్ లయమందు నీవు కనుమూయన్ లోకపర్వంబుగా\nనండంబున్ బ్రభవించు నీకును వినోదార్థంబు నీ మాయ మా\nర్కండేయాదు లెఱుంగలేరు రఘువీరా! జానకీనాయకా!	saardulamu	vruttamu	అయ్యలరాజు త్రిపురాంతకకవి	bhakti	Ontimittaraguveera
p1150	జననీగర్భములందు నన్నిటు బడన్ జన్మిచ్చి బాల్యంబులన్\nజనుబా లెందఱివైనఁ ద్రాపి యటు వేల్ సంబంధముల్గా పురా\nతనకాలంబుననుండి యెంతగను యత్నంబున్న నిందాకఁ దీ\nరని కర్మంబులు దీఱు టెట్లు? రఘువీరా! జానకీనాయకా!	mattebhamu	vruttamu	అయ్యలరాజు త్రిపురాంతకకవి	bhakti	Ontimittaraguveera
p1151	నానాజీవమనోనివాస! త్రిజగన్నాథా! మురారీశ! గౌ\nరీనాథస్తుత! కైటభాసురవిదారీ! చక్రి! నారాయణా!\nయో నాళీకదళాయతాక్ష! కలుషవ్యూహాద్రి వజ్రాయుధా!\nప్రాణాపానసమానరూప! రఘువీరా! జానకీనాయకా!	saardulamu	vruttamu	అయ్యలరాజు త్రిపురాంతకకవి	bhakti	Ontimittaraguveera
p1152	అతులప్రౌఢిమ మీఱ రాయకవి యయ్యల్‌రాజు సత్పుత్రుఁ డ\nచ్యుతభక్తిం ద్రిపురాంతకుం డొనరిచెన్ శుద్ధంబుగా నాంధ్ర సం\nగత పద్యంబుల నూటి నివ్వి వెలయుం గాతన్ రవీందుప్రచా\nరత యెందాకనొ యంత దాక రఘువీరా! జానకీనాయకా!	mattebhamu	vruttamu	అయ్యలరాజు త్రిపురాంతకకవి	bhakti	Ontimittaraguveera
p1153	శ్రీమహోన్నత విజ్ఞాన సిద్ధి నొసఁగు\nసద్గురుస్వామి పాదాంబుజములు తలఁచి\nసకలతత్త్వార్థ సంగతుల్‌ సంగ్రహించి\nగీతశతకంబు రచియింతుఁ గీర్తి వెలయ\nనవ్యతరభోగి శ్రీసదానందయోగి.	teytageethi	upajaathi	సదానందయోగి	vairagya	Sadaanandayogi
p1154	ధరణిలోపలఁ దనరారు తత్త్వములకు\nనవ్వలై యున్న తత్త్వంబు నెవ్వఁ డెఱుఁగు\nశివుఁడు గురురూపమై వచ్చి చెప్పకున్న\nనవ్యతరభోగి శ్రీసదానందయోగి.	teytageethi	upajaathi	సదానందయోగి	vairagya	Sadaanandayogi
p1155	పుట్టుచావులు రెండును బొరయనట్టి\nనిర్మలజ్ఞానసంపన్ననిష్ఠ గలుగు\nతెరువుఁ గల్పించునాతఁడె గురువరుండు\nనవ్యతరభోగి శ్రీసదానందయోగి.	teytageethi	upajaathi	సదానందయోగి	vairagya	Sadaanandayogi
p1156	బట్టబయలైన యీ పరబ్రహ్మమహిమ\nదేశికస్వామికృప లేక తెలియరాదు\nయెన్నిచదువులు చదివిన నేమిఫలము?\nనవ్యతరభోగి శ్రీసదానందయోగి.	teytageethi	upajaathi	సదానందయోగి	vairagya	Sadaanandayogi
p1157	సకలశాస్త్రంబు లెల్లను చదువువారు\nచదువుకోనట్టివారితో సమముగాదె,\nగురుముఖంబున ననుభవం బెఱుఁగకున్న?\nనవ్యతరభోగి శ్రీసదానందయోగి.	teytageethi	upajaathi	సదానందయోగి	vairagya	Sadaanandayogi
p1158	దేవపూజల గొడవేల? తీర్థమేల?\nచెలఁగి యష్టాంగయోగముల్‌ సేయనేల?\nగురుముఖంబున క్షణములో గుఱియు గనిన\nనవ్యతరభోగి శ్రీసదానందయోగి.	teytageethi	upajaathi	సదానందయోగి	vairagya	Sadaanandayogi
p1159	తన్నుఁదెలిసిన మఱివేఱె తనకు లేదు;\nతన్నుఁదెలిసిన బ్రహ్మమై తాను నిలుచు\nతన్నుఁ దెలిసిన సద్గురూత్తముని వలన\nనవ్యతరభోగి శ్రీసదానందయోగి.	teytageethi	upajaathi	సదానందయోగి	vairagya	Sadaanandayogi
p1160	సద్గురువు గల్గునటమీఁదఁ జదువులేల?\nనిజమెఱింగినపిమ్మట నిష్ఠలేల?\nసర్వమును దానయై యున్నసరణి గాదె?\nనవ్యతరభోగి శ్రీసదానందయోగి.	teytageethi	upajaathi	సదానందయోగి	vairagya	Sadaanandayogi
p1161	తత్పదంబును నదియపో 'త్వం'పదంబు,\nఅసిపదంబును నీరెంటి కైక్యమగును;\nదెలియు శివయోగి, మూఢుండు దెలియలేఁడు,\nనవ్యతరభోగి శ్రీసదానందయోగి.	teytageethi	upajaathi	సదానందయోగి	vairagya	Sadaanandayogi
p1162	సకలనైష్ఠికములు గాదు, శక్తిగాదు,\nజీవుఁడును గాదు, పరమునై చెలఁగు బ్రహ్మ\nమద్భుతానంద మైనట్టి యనుభవంబు,\nనవ్యతరభోగి శ్రీసదానందయోగి.	teytageethi	upajaathi	సదానందయోగి	vairagya	Sadaanandayogi
p1163	రూపులకునెల్ల రూఢియౌ రూపు గాక,\nవెలుఁగులకునెల్ల వెలుఁగునై వెలుఁగుఁగాక\nచెలఁగు ననుభవవేద్యమై చిద్ఘనంబు,\nనవ్యతరభోగి శ్రీసదానందయోగి.	teytageethi	upajaathi	సదానందయోగి	vairagya	Sadaanandayogi
p1164	లోను జూడంగఁ జూడంగ లోనుగాదు;\nబయలు చూడంగఁ జూడంగ బట్టబయలు;\nబైటలోపలఁ బూర్ణుఁడై పరఁగుశివుఁడు,\nనవ్యతరభోగి శ్రీసదానందయోగి.	teytageethi	upajaathi	సదానందయోగి	vairagya	Sadaanandayogi
p1165	శివుఁడు జీవుండు రెండువస్తువు లటంచు\nనిచ్చ నెంచిన సాయుజ్య మెట్లు కల్గు?\nశివశివా భేద మన్నది సేయరాదు,\nనవ్యతరభోగి శ్రీసదానందయోగి.	teytageethi	upajaathi	సదానందయోగి	vairagya	Sadaanandayogi
p1166	నీట వెలసినలవణంబు నీటఁ గలియు\nనీరు గాకుండ దారీతి నిశ్చయముగ;\nశివుని దలఁచిన జీవుండు శివుఁడు గాఁదె,\nనవ్యతరభోగి శ్రీసదానందయోగి.	teytageethi	upajaathi	సదానందయోగి	vairagya	Sadaanandayogi
p1167	సత్తు నెఱుఁగ దసత్తు దా జడముగాన,\nసత్తసత్తువు నెఱుఁగ బ్రసక్తి లేదు;\nఅట్టి సదసత్తు లెఱిఁగెడి దాత్మ సువ్వె,\nనవ్యతరభోగి శ్రీసదానందయోగి.	teytageethi	upajaathi	సదానందయోగి	vairagya	Sadaanandayogi
p1168	సత్తుఁ గూడినయపుడెల్ల సత్తె యౌను;\nసత్తు లోఁగూడ మఱి తానె సత్తు వౌను;\nగాన జీవుండు సదసత్తుగాఁడె తలఁప?\nనవ్యతరభోగి శ్రీసదానందయోగి.	teytageethi	upajaathi	సదానందయోగి	vairagya	Sadaanandayogi
p1169	సూర్యదివసాదికంబులు చూచుకొన్న\nనాస్పదంబును బుద్ధికి నాస్పదంబు,\nపెక్కుభ్రమలను నెందుకుఁ జిక్కినారు?\nనవ్యతరభోగి శ్రీసదానందయోగి.	teytageethi	upajaathi	సదానందయోగి	vairagya	Sadaanandayogi
p1170	కలదు కల దన్నవారికి కలదు జగము;\nలేదు లే దనువారికి లేదు జగము;\nకలిమిలేములు మాయకుఁ గలగుణములు,\nనవ్యతరభోగి శ్రీసదానందయోగి.	teytageethi	upajaathi	సదానందయోగి	vairagya	Sadaanandayogi
p1171	మతము లెన్నైనఁ గలవు భూమండలమున;\nమతము లన్నియు సామాన్యమాయ సువ్వె;\nమతము విడిచిన మదికి సమ్మతము గాదె?\nనవ్యతరభోగి శ్రీసదానందయోగి.	teytageethi	upajaathi	సదానందయోగి	vairagya	Sadaanandayogi
p1172	తనకు దేహాభిమానంబు తఱిఁగెనేని\nమాయసంసార మప్పుడే మాయ మయ్యె;\nమాయరూపంబులే నష్టమాయె మాయ,\nనవ్యతరభోగి శ్రీసదానందయోగి.	teytageethi	upajaathi	సదానందయోగి	vairagya	Sadaanandayogi
p1173	అతిరహస్యము మఱిబయ లనఁగ వినియుఁ\nదెలియఁజాల రదేమొకో తేటపడఁగ?\nమాయ బలమైగదా యిట్లు మఱుఁగుచేసె,\nనవ్యతరభోగి శ్రీసదానందయోగి.	teytageethi	upajaathi	సదానందయోగి	vairagya	Sadaanandayogi
p1174	మనసు మాయని తానును మచ్చికాయె;\nమనసు మాయగదా యన మాయ మాయె;\nఅందు నేమాయె? సత్తె యానంద మాయె;\nనవ్యతరభోగి శ్రీసదానందయోగి.	teytageethi	upajaathi	సదానందయోగి	vairagya	Sadaanandayogi
p1175	గాలి నిలిచినఁ గలదండ్రు కాయసిద్ధి;\nకాయమును గాలియును రెండు మాయ గాదె?\nకాయ సిద్ధౌట తత్త్వంబుఁ గనుట కాదె?\nనవ్యతరభోగి శ్రీసదానందయోగి.	teytageethi	upajaathi	సదానందయోగి	vairagya	Sadaanandayogi
p1176	కాయ సిద్ధైనవారినిఁ గన్నవారు\nనున్నవారును గలరె యీ యుర్విలోనఁ?\nగాయ సిద్ధులు తొల్లింటికథలు సువ్వె,\nనవ్యతరభోగి శ్రీసదానందయోగి.	teytageethi	upajaathi	సదానందయోగి	vairagya	Sadaanandayogi
p1177	తనువు గలుగుట ప్రారబ్ధ మనుభవింప\nననుభవము దీఱి నిశ్శేష మైనవెనుక;\nకాయసిద్ధికిఁ బడుపాటు గాలిఁబోదె,\nనవ్యతరభోగి శ్రీసదానందయోగి.	teytageethi	upajaathi	సదానందయోగి	vairagya	Sadaanandayogi
p1178	గరికివేళ్లును నీళ్లును గాయకసరు\nనాకటికిఁ దిన్నఁ గాయసిద్ధౌటయెట్లు?\nమనుజు లి ట్లేల వెఱ్ఱులై మరులుకొనిరి?\nనవ్యతరభోగి శ్రీసదానందయోగి.	teytageethi	upajaathi	సదానందయోగి	vairagya	Sadaanandayogi
p1179	చెనఁటి మానవు లణిమాదిసిద్ధులందు\nమోహమొనరింతు; రదికాదు ముక్తిపథము;\nపరమవిజ్ఞానపరు లిట్లు భ్రమలఁబడరు,\nనవ్యతరభోగి శ్రీసదానందయోగి.	teytageethi	upajaathi	సదానందయోగి	vairagya	Sadaanandayogi
p1180	పుట్టగోఁచులు పెట్టి, విభూతిఁ బూసి\nజడలు ముడివెట్టి, కడసము చంకఁ బెట్టి,\nగుహల గూర్చుండి, ప్రాణాలు కుదియఁబట్టి\nతనువు పీడింపఁ దత్త్వంబుఁ గనుట యెట్లు?\nనవ్యతరభోగి శ్రీసదానందయోగి.	teytageethi	upajaathi	సదానందయోగి	vairagya	Sadaanandayogi
p1181	కరకమండలమును బట్టి కావికోకఁ\nబూనునంతనె ముక్తిని బొందుటెట్లు?\nసమయవర్ణాశ్రమాదులు భ్రమలుకావె?\nనవ్యతరభోగి శ్రీసదానందయోగి.	teytageethi	upajaathi	సదానందయోగి	vairagya	Sadaanandayogi
p1182	సప్తకోటిమహామంత్రజాలమెల్లఁ\nజిత్తవిభ్రమ; మదిగాదు శివపదంబు;\nనభ్యసింపఁడు దాని మోక్షాధికారి,\nనవ్యతరభోగి శ్రీసదానందయోగి.	teytageethi	upajaathi	సదానందయోగి	vairagya	Sadaanandayogi
p1183	హెచ్చరిక గల్గి మానవుఁ డిహపరార్థ\nఫలము లాసింపకను బ్రహ్మపదముఁ గోరి\nనిర్గుణాష్టాంగయోగంబె నెఱుఁగవలయుఁ\nనవ్యతరభోగి శ్రీసదానందయోగి.	teytageethi	upajaathi	సదానందయోగి	vairagya	Sadaanandayogi
p1184	సగుణచింతన, మణిమాదిసాధనంబు,\nనిర్గుణోపాస్తి, కైవల్యమార్గ మిదియఁ\nగాన, నిర్గుణయోగంబె పూనవలయు,\nనవ్యతరభోగి శ్రీసదానందయోగి.	teytageethi	upajaathi	సదానందయోగి	vairagya	Sadaanandayogi
p1185	మంత్రలయహఠ మనియెడుమాయఁ విడిచి,\nరాజయోగంబు సద్గురురాజువలనఁ\nదెలియ నేర్చినవాఁడెపో దివ్యయోగి,\nనవ్యతరభోగి శ్రీసదానందయోగి.	teytageethi	upajaathi	సదానందయోగి	vairagya	Sadaanandayogi
p1186	ముక్కుబిగియించుకొని, గాలి మూటగట్టి\nవట్టి పసలేనిపెనుబయల్‌ ప్రాఁక నేర్చి\nయద్భుతానందమును బొందునతఁడె యోగి,\nనవ్యతరభోగి శ్రీసదానందయోగి.	teytageethi	upajaathi	సదానందయోగి	vairagya	Sadaanandayogi
p1187	లోకదృష్టియు మఱియు నాలోకదృష్టి\nగానరా దిందు; నీరెండుఁ గాననట్టి\nభావదృష్టిని గలవాఁడె భవ్యయోగి\nనవ్యతరభోగి శ్రీసదానందయోగి.	teytageethi	upajaathi	సదానందయోగి	vairagya	Sadaanandayogi
p1188	వెలుఁగుకవ్వల వెలిఁగెడు వెలుఁగుఁజేరి,\nబయలుఁ గొనిపోయి యచ్చట బయలుఁగలిపి,\nనిశ్చలత నున్నయతఁడెపో నిత్యయోగి,\nనవ్యతరభోగి శ్రీసదానందయోగి.	teytageethi	upajaathi	సదానందయోగి	vairagya	Sadaanandayogi
p1189	ఒక్కటే లేదు మఱి వేయి లెక్క లేదు;\nనొండు రెండును గాక దా నిండియుండు\nనట్టితత్త్వంబుఁ దెలిసినయతఁడె యోగి,\nనవ్యతరభోగి శ్రీసదానందయోగి.	teytageethi	upajaathi	సదానందయోగి	vairagya	Sadaanandayogi
p1190	చూడకే చూచు జగమెల్లఁ జోద్యమంది;\nచావకే చచ్చు నత్యంతసరసలీల;\nచేయకే చేయుఁ గ్రియలెల్ల సిద్ధయోగి,\nనవ్యతరభోగి శ్రీసదానందయోగి.	teytageethi	upajaathi	సదానందయోగి	vairagya	Sadaanandayogi
p1191	చూచువాఁడును, మఱి చూపు, చూడఁదగిన\nవస్తువులు లేక, సమరసత్త్వమునఁ దలఁపు\nనిలుపనేర్చినవాఁడె పో నిత్యయోగి,\nనవ్యతరభోగి శ్రీసదానందయోగి.	teytageethi	upajaathi	సదానందయోగి	vairagya	Sadaanandayogi
p1192	కర్తయై యుండియును మఱి కర్త గాఁడు\nభోక్తయై యుండియును మఱి భోక్త గాఁడు\nఅట్టితత్త్వంబుఁ దెలిసినయతఁడె యోగి\nనవ్యతరభోగి శ్రీసదానందయోగి.	teytageethi	upajaathi	సదానందయోగి	vairagya	Sadaanandayogi
p1193	తలఁపు మఱపను వస్తుద్వితయము విడిచి,\nశుద్ధమైన యవస్థందు సుస్థిరముగ\nనిలిచి, యనుభూతిఁ గనువాఁడె నిత్యయోగి,\nనవ్యతరభోగి శ్రీసదానందయోగి.	teytageethi	upajaathi	సదానందయోగి	vairagya	Sadaanandayogi
p1194	మూఁడు ద్రోవలలోపల ముఖ్యమైన\nనడిమిత్రోవను జని, లోన నాగకన్య\nనూరడించినవాఁడె పో యుచిత యోగి,\nనవ్యతరభోగి శ్రీసదానందయోగి.	teytageethi	upajaathi	సదానందయోగి	vairagya	Sadaanandayogi
p1195	ఎచట నేవంకఁ జూచిన నచటనెల్ల\nదొడరి చిన్మయలింగమై తోఁచవలదె;\nయదిగదా యోగసిద్ధికి నాలయంబు?\nనవ్యతరభోగి శ్రీసదానందయోగి.	teytageethi	upajaathi	సదానందయోగి	vairagya	Sadaanandayogi
p1196	చదువవచ్చును వేదశాస్త్రంబులెల్ల;\nబలుకవచ్చును తానెపో బ్రహ్మ మనుచు;\nననుభవజ్ఞుఁడు గానేర్చు టదియె యరుదు\nనవ్యతరభోగి శ్రీసదానందయోగి.	teytageethi	upajaathi	సదానందయోగి	vairagya	Sadaanandayogi
p1197	పూయవచ్చును బట్టెఁడు బూడిదైన;\nవేయవచ్చును రుద్రాక్ష వేలసంఖ్య;\nసేయఁగా రాదు మనసు సుస్థిరముగాను,\nనవ్యతరభోగి శ్రీసదానందయోగి.	teytageethi	upajaathi	సదానందయోగి	vairagya	Sadaanandayogi
p1198	ఒక్కఁడే పోయి యడవుల నుండవచ్చు;\nనీరుద్రావుచు బ్రాణము ల్నిలుపవచ్చు;\nరాజయోగంబు సేయంగ రాదుగాక,\nనవ్యతరభోగి శ్రీసదానందయోగి.	teytageethi	upajaathi	సదానందయోగి	vairagya	Sadaanandayogi
p1199	వనధి లోఁతని చెప్పఁగా వచ్చుఁగాక;\nమునుఁగవచ్చునె మేనెల్ల ముద్దగాను\nసోఽహమనవచ్చుఁ; దన్నుఁ దాఁ జూచుటరుదు,\nనవ్యతరభోగి శ్రీసదానందయోగి.	teytageethi	upajaathi	సదానందయోగి	vairagya	Sadaanandayogi
p1200	ఎవ్వరైనను బరమార్థ మిట్టి దనుచు\nతెలియనేర్తురె తమలోన తేటపడఁగ?\nనుత్తమజ్ఞాని శివయోగి యుండుఁ గాక,\nనవ్యతరభోగి శ్రీసదానందయోగి.	teytageethi	upajaathi	సదానందయోగి	vairagya	Sadaanandayogi
p1201	స్నానమొల్లఁడు, దేవతార్చనము సేయఁ\nడమల విజ్ఞానసంపన్నుఁ డైనయోగి;\nలోకులకుఁ దెల్సునే వానిలోనిగుట్టు?\nనవ్యతరభోగి శ్రీసదానందయోగి.	teytageethi	upajaathi	సదానందయోగి	vairagya	Sadaanandayogi
p1202	తమనిజం బేమి యెఱుఁగరు ధాత్రిజనులు;\nమృచ్ఛిలాకాష్ఠతామ్రనిర్మితములైన\nదేవతలఁ గొల్చువాఁ డెట్లు తెలియనేర్చు?\nనవ్యతరభోగి శ్రీసదానందయోగి.	teytageethi	upajaathi	సదానందయోగి	vairagya	Sadaanandayogi
p1203	ఱాళ్లఁ జేసిన వొకకొన్ని రాగికొన్ని,\nమ్రానఁ జేసిన వొకకొన్ని, మంటిఁ గొన్ని;\nయిట్టిదేవుళ్ళు ముక్తీయ నెట్లు నేర్తు?\nనవ్యతరభోగి శ్రీసదానందయోగి.	teytageethi	upajaathi	సదానందయోగి	vairagya	Sadaanandayogi
p1204	మండలాంతర దేదీప్యమాను శివుని\nమూఁడు నాలుగు పాఁతల ముడిచి ముడిచి\nయఱుతఁ గట్టుదు రొకకొంద ఱల్పమతులు,\nనవ్యతరభోగి శ్రీసదానందయోగి.	teytageethi	upajaathi	సదానందయోగి	vairagya	Sadaanandayogi
p1205	కులము రూపును గుణమును గూలఁబెట్టు\nనరుఁడు శివయోగివిద్యలు మరగెనేని;\nచెడ్డసంసార మైతేను చెప్పనేల?\nనవ్యతరభోగి శ్రీసదానందయోగి.	teytageethi	upajaathi	సదానందయోగి	vairagya	Sadaanandayogi
p1206	బ్రహ్మవిద్యకుఁ దనయింటి ప్రజలు చాల\nసమ్మతించిన గృహమందె సలుపవలయు;\nనట్లు గాకున్న మఱి యింటియాస లేల,\nనవ్యతరభోగి శ్రీసదానందయోగి.	teytageethi	upajaathi	సదానందయోగి	vairagya	Sadaanandayogi
p1207	మనుజమాత్రుండె శివయోగి మహితకీర్తి\nయఖిలజగములు తానైన యట్టివిధము\nదృష్టముగఁ జూచు ననుభవదృష్టిచేత\nనవ్యతరభోగి శ్రీసదానందయోగి.	teytageethi	upajaathi	సదానందయోగి	vairagya	Sadaanandayogi
p1208	పరమసుజ్ఞాననిధిఁ జూచి పాపజనులు\nదమకు సరియైనవారుగాఁ దలఁతు రెపుడు\nవారు గన నేరరెట్టి నిర్వాణమహిమ\nనవ్యతరభోగి శ్రీసదానందయోగి.	teytageethi	upajaathi	సదానందయోగి	vairagya	Sadaanandayogi
p1209	కట్టఁగావచ్చు మృదువైన కావికోకఁ\nబెట్టఁగావచ్చుఁ బాదుక లెట్టివైనఁ\nబట్టఁగారాదు మనసింత పాఱనీక\nనవ్యతరభోగి శ్రీసదానందయోగి.	teytageethi	upajaathi	సదానందయోగి	vairagya	Sadaanandayogi
p1210	కూడు దినరాదటంచును గొందఱయ్య\nలేలకో వెఱ్ఱిత్రోవల నెఱుఁగలేరు\nకూడు విడిచిన విడుచునా కుటిలబుద్ధి\nనవ్యతరభోగి శ్రీసదానందయోగి.	teytageethi	upajaathi	సదానందయోగి	vairagya	Sadaanandayogi
p1211	పాలు నీరును నొక్కటై పరిణమించు\nకరణి బ్రహ్మంబులో మాయ గలసియుండు\nచారు శివయోగి తెలియు హంసంబు పగిది\nనవ్యతరభోగి శ్రీసదానందయోగి.	teytageethi	upajaathi	సదానందయోగి	vairagya	Sadaanandayogi
p1212	నిత్యనైమిత్తికాదులు నెఱపకున్న\nపాతకం బని వెఱచునే పరమయోగి?\nపోతురాజుకు నేల నీభూతశంక?\nనవ్యతరభోగి శ్రీసదానందయోగి.	teytageethi	upajaathi	సదానందయోగి	vairagya	Sadaanandayogi
p1213	ఊరు మేలైన నుండును యోగివరుఁడు;\nతోడు మేలైన బోవును తోడుతోనె;\nవాని కెక్కడ లోకంబువారి నడత?\nనవ్యతరభోగి శ్రీసదానందయోగి.	teytageethi	upajaathi	సదానందయోగి	vairagya	Sadaanandayogi
p1214	తన్నుఁ దాఁ దెల్సి జగమెల్లఁ దానయైన\nమర్మ మెఱుఁగంగఁ జాల రీమందమతులు;\nగడవఁజాలరు సంసారఘనపయోధి,\nనవ్యతరభోగి శ్రీసదానందయోగి.	teytageethi	upajaathi	సదానందయోగి	vairagya	Sadaanandayogi
p1215	ఏమి భుజియింపఁ గోరిన, నెచట నున్న,\nనెందుబోయినఁ, దన కెందు నేమికొదువ\nపూర్ణభావంబు తనయందు బొడమియున్న?\nనవ్యతరభోగి శ్రీసదానందయోగి.	teytageethi	upajaathi	సదానందయోగి	vairagya	Sadaanandayogi
p1216	బుద్ధిజాడ్యులు తమలోనఁ బూర్ణమైన\nనిండుబంగారమున వన్నె నిలిచినట్లు\nకఠినమై యున్న బ్రహ్మంబు గానలేరు,\nనవ్యతరభోగి శ్రీసదానందయోగి.	teytageethi	upajaathi	సదానందయోగి	vairagya	Sadaanandayogi
p1217	చదువులేఁటికి? దేవతార్చనము లేల?\nనిత్యనైమిత్తికాదుల నియమ మేల?\nస్వానుభూతి రసామృతాస్వాదనులకు,\nనవ్యతరభోగి శ్రీసదానందయోగి.	teytageethi	upajaathi	సదానందయోగి	vairagya	Sadaanandayogi
p1218	పూజలును మంత్రకథలును బుస్తకములు\nయంత్రజాలంబు యోగంబు తంత్రములును\nకడఁగి బ్రహ్మానుభవవిఘ్నకరము లరయ\nనవ్యతరభోగి శ్రీసదానందయోగి.	teytageethi	upajaathi	సదానందయోగి	vairagya	Sadaanandayogi
p1219	అనుభవము చాల కొకకొంద ఱవనిలోన\nసిద్ధయోగుల మనుకొంద్రు సిగ్గులేక;\nతేటతెలివిగఁ ద మ్మేమి తెలిసినారు?\nనవ్యతరభోగి శ్రీసదానందయోగి.	teytageethi	upajaathi	సదానందయోగి	vairagya	Sadaanandayogi
p1220	స్మార్తకర్మంబుఁ గొందఱు సలుపలేక\nబ్రహ్మవేత్తల మనుకొంద్రు బైసిమాలి;\nఅట్టిజనులకుఁ గైవల్య మెట్టు గలుగు?\nనవ్యతరభోగి శ్రీసదానందయోగి.	teytageethi	upajaathi	సదానందయోగి	vairagya	Sadaanandayogi
p1221	అనుభవముఁ దెల్పనేరని యతని చేత\nచారు సుజ్ఞానమును విన్నవారిప్రజ్ఞ\nఅంధకుడు చూపుతెరువున నరుగుకరణి,\nనవ్యతరభోగి శ్రీసదానందయోగి.	teytageethi	upajaathi	సదానందయోగి	vairagya	Sadaanandayogi
p1222	విశ్వమున నూట వేయింట వెదకి చూడ\nనొక్కశివయోగి దొరకుట యెక్కు వరయ\nకల్లయోగుల కేమి పెక్కండ్రు గలరు,\nనవ్యతరభోగి శ్రీసదానందయోగి.	teytageethi	upajaathi	సదానందయోగి	vairagya	Sadaanandayogi
p1223	బ్రాహ్మణు లటంచుఁ గొందఱు పలుకు టెట్లు?\nబ్రహ్మ నెఱుఁగంగనేరఁక బాఁపఁడగునె?\nబ్రహ్మనెఱిఁగినవాఁడె పో బ్రాహ్మణుండు,\nనవ్యతరభోగి శ్రీసదానందయోగి.	teytageethi	upajaathi	సదానందయోగి	vairagya	Sadaanandayogi
p1224	వేషధారులఁ జూచి వివేకు లైన\nబ్రమయుచుందురు వేషంబుబలిమిఁ జూచి;\nతెల్లముగ లోనిగుట్టెల్ల దేవుఁ డెఱుఁగు,\nనవ్యతరభోగి శ్రీసదానందయోగి.	teytageethi	upajaathi	సదానందయోగి	vairagya	Sadaanandayogi
p1225	వేదశాస్త్రపురాణాది విద్యలెల్లఁ\nజదివి పాండిత్యములు సేయుజనుల కెల్ల\nననుభవజ్ఞాన మెక్కడి దరసిచూడ?\nనవ్యతరభోగి శ్రీసదానందయోగి.	teytageethi	upajaathi	సదానందయోగి	vairagya	Sadaanandayogi
p1226	అనుభవజ్ఞానియైనట్టి యమలమూర్తి\nతన్నుఁ బ్రకటన సేయఁడు ధాత్రిలోన\nనివురు నుముకయు నిండిననిప్పురీతి,\nనవ్యతరభోగి శ్రీసదానందయోగి.	teytageethi	upajaathi	సదానందయోగి	vairagya	Sadaanandayogi
p1227	తాను నిర్మలుఁడై యుండి తనకు లేని\nయంటుఁ గల్పించుకొని తీర్థ మాడనేల?\nమనము పోయెడిపోకలు మాన్ప వశమె?\nనవ్యతరభోగి శ్రీసదానందయోగి.	teytageethi	upajaathi	సదానందయోగి	vairagya	Sadaanandayogi
p1228	మనసు వెగ టౌట యెఱిఁగిన జనము లెల్లఁ\nబాఱవిడి చూరకుందురు పట్టులేక\nవెఱ్ఱివాఁడైన సంకెళ్లువేయవలదె!\nనవ్యతరభోగి శ్రీసదానందయోగి.	teytageethi	upajaathi	సదానందయోగి	vairagya	Sadaanandayogi
p1229	బ్రహ్మనిష్ఠాంగపరుఁ డైనపావనునకు\nతీర్థయాత్రల భూమెల్లఁ దిరుగ నేల?\nతాను గలచోట సకలతీర్థములు గలవు!\nనవ్యతరభోగి శ్రీసదానందయోగి.	teytageethi	upajaathi	సదానందయోగి	vairagya	Sadaanandayogi
p1230	మాంసమును చీము నెత్తురు మలిన మైన\nతోలుఁ గొనిపోయి నీళ్ళలోఁ దొలిచినపుడె\nశుద్ధిగాదది, మనఃపరిశుద్ధిగాని\nనవ్యతరభోగి శ్రీసదానందయోగి.	teytageethi	upajaathi	సదానందయోగి	vairagya	Sadaanandayogi
p1231	మఱియు సర్వేంద్రియములకు మనసు రాజు;\nమనసునకు రాజు తలఁపంగ మారుతంబు;\nమనసు మారుతమొకటైన మలయు సుఖము,\nనవ్యతరభోగి శ్రీసదానందయోగి.	teytageethi	upajaathi	సదానందయోగి	vairagya	Sadaanandayogi
p1232	మనసు నిల్పంగ నిలుచును మారుతంబు;\nచూపు నిలుపంగ నిలుచును స్థిరసుఖంబు;\nస్థిరమనోదృష్టి నిల్పినఁ జేరు ముక్తి,\nనవ్యతరభోగి శ్రీసదానందయోగి.	teytageethi	upajaathi	సదానందయోగి	vairagya	Sadaanandayogi
p1233	పాలు నీరును రుచియును బరఁగునట్టి\nజీవుఁ డనుమాయ శివుఁడును జేరియుండు!\nమొదలఁగడపట నిత్యుండు మూఁడువగల\nనవ్యతరభోగి శ్రీసదానందయోగి.	teytageethi	upajaathi	సదానందయోగి	vairagya	Sadaanandayogi
p1234	సత్య మిది యని తెలిసియె జనులతోడఁ\nజెనకి పలుమాఱు వాదము సేయఁబోక\nమౌనవృత్తిని జరియింప మంచితనము,\nనవ్యతరభోగి శ్రీసదానందయోగి.	teytageethi	upajaathi	సదానందయోగి	vairagya	Sadaanandayogi
p1235	ద్వైత మనుచును గొందఱద్వైత మనుచు\nవాద మొనరింతు రెఱుఁగక; వారు భువిని\nకలిమియై నట్టితత్త్వంబు గానలేరు,\nనవ్యతరభోగి శ్రీసదానందయోగి.	teytageethi	upajaathi	సదానందయోగి	vairagya	Sadaanandayogi
p1236	మానవులు వార లెంత నజ్ఞాను లైనఁ\nగడఁపజాలరు ప్రారబ్ధకర్మఫలము;\nలిందుకై కాదె తనువుల నెత్తవలసె?\nనవ్యతరభోగి శ్రీసదానందయోగి.	teytageethi	upajaathi	సదానందయోగి	vairagya	Sadaanandayogi
p1237	జనుడు దా నవివేకియై సాహసమునఁ\nబట్టు దుర్దానములు మఱి పాపమనక;\nవాని నన నేల! గతజన్మవాసన యది,\nనవ్యతరభోగి శ్రీసదానందయోగి.	teytageethi	upajaathi	సదానందయోగి	vairagya	Sadaanandayogi
p1238	ఒడలు సర్వేంద్రియంబుల కునికి గాదె?\nయొడలు గలవానికిని గాదె యోగవిద్య?\nయొడలు చెడినట్టివానికి యోగ మేల?\nనవ్యతరభోగి శ్రీసదానందయోగి.	teytageethi	upajaathi	సదానందయోగి	vairagya	Sadaanandayogi
p1239	బంధ మెచ్చటనుండి సంప్రాప్త మయ్యె?\nముక్తి యేవంకనుండియు మొలచివచ్చె?\nబంధముక్తులు రెండును భ్రమలుసూవె,\nనవ్యతరభోగి శ్రీసదానందయోగి.	teytageethi	upajaathi	సదానందయోగి	vairagya	Sadaanandayogi
p1240	ఇహపరాపేక్షలును రెండు నెంచిచూడ\nనినుము బంగారు సంకెలలే తలంపఁ\nగోర రిట్టివి మోక్షాధికారు లెపుడు,\nనవ్యతరభోగి శ్రీసదానందయోగి.	teytageethi	upajaathi	సదానందయోగి	vairagya	Sadaanandayogi
p1241	గుహలఁ జొచ్చుక కొందఱు కూడు నీళ్ళు\nవిడిచి త మ్మేమి కన్నారు వెఱ్ఱివారు?\nమూల బెట్టిన దేహాల ముక్తి యెట్లు?\nనవ్యతరభోగి శ్రీసదానందయోగి.	teytageethi	upajaathi	సదానందయోగి	vairagya	Sadaanandayogi
p1242	చే టెఱుంగని నలికూన జీవులెల్ల\nవిషయములఁ జిక్కుపడినట్టి విధము వినవె\nపొంగి ఝషకము గాలము మ్రింగుకరణి,\nనవ్యతరభోగి శ్రీసదానందయోగి.	teytageethi	upajaathi	సదానందయోగి	vairagya	Sadaanandayogi
p1243	దేహ మస్థిర మని యెంత తెలిసియుండు\nమంచిగతి చూచుకోలేరు మాయఁదగిలి\nజీవు లజ్ఞాన మే మని చెప్పవచ్చు?\nనవ్యతరభోగి శ్రీసదానందయోగి.	teytageethi	upajaathi	సదానందయోగి	vairagya	Sadaanandayogi
p1244	చాలుచాలును సంసారసంగ మనుచు,\nవేఁడివెసలంటి గొబ్బున విడిచినట్లు\nవిడిచి మనుజుండు సద్గురు వెదుకవలయు\nనవ్యతరభోగి శ్రీసదానందయోగి.	teytageethi	upajaathi	సదానందయోగి	vairagya	Sadaanandayogi
p1245	దేవదానవమానవ తిర్యగాఖ్య\nజీవు లింతల భ్రమలచేఁ జిక్కినారు;\nశక్తి బలవంత మీజగజ్జాలమునకు,\nనవ్యతరభోగి శ్రీసదానందయోగి.	teytageethi	upajaathi	సదానందయోగి	vairagya	Sadaanandayogi
p1246	సుతుని నాలిని సంపదఁ జూచి చూచి\nమోహియై నరుఁ డూరకే మోసపోవుఁ\nదనకు నవి మీఁదఁజే టని తలఁచుకొనఁడు,\nనవ్యతరభోగి శ్రీసదానందయోగి.	teytageethi	upajaathi	సదానందయోగి	vairagya	Sadaanandayogi
p1247	ఆలుబిడ్డలు తన దని యాస సేయు;\nనందు నేమియు మేలు లే దరసి చూడ;\nవెంట వత్తురె తనువులు విడిచిపోతె\nనవ్యతరభోగి శ్రీసదానందయోగి.	teytageethi	upajaathi	సదానందయోగి	vairagya	Sadaanandayogi
p1248	ఆలుబిడ్డల విడిచిన నందువల్ల\nమోక్ష మబ్బునె? తనుఁబట్టి ముంచుకొన్న\nకల్మషము తీఱినప్పుడుగానఁ గలదె?\nనవ్యతరభోగి శ్రీసదానందయోగి.	teytageethi	upajaathi	సదానందయోగి	vairagya	Sadaanandayogi
p1249	విషయముల రోసి నరుఁడు నిర్విషయుఁడైనఁ\nదనకు మోక్షంబు హస్తగతంబు కాదె?\nవిషయములకన్న మఱిచేటు వేఱ లేదు,\nనవ్యతరభోగి శ్రీసదానందయోగి.	teytageethi	upajaathi	సదానందయోగి	vairagya	Sadaanandayogi
p1250	వేడుకై యుండు ముందఱ విషయసుఖము;\nవెనుక బరువౌను సంసారవిషయసుఖము;\nకాదు సుఖ మిది మీసాలమీఁదితేనె,\nనవ్యతరభోగి శ్రీసదానందయోగి.	teytageethi	upajaathi	సదానందయోగి	vairagya	Sadaanandayogi
p1251	చుట్టములుఁ దల్లిఁదండ్రులు సుతులు హితులుఁ\nదాను పోయెడిగతులకుఁ దగిలి రారు,\nవారు త్రోవంప వచ్చెడువారుగాని,\nనవ్యతరభోగి శ్రీసదానందయోగి.	teytageethi	upajaathi	సదానందయోగి	vairagya	Sadaanandayogi
p1252	మొదల సంసారబద్ధుఁడై మోసపోయి\nవెనుక చింతించు దేహంబు విడుచువేళ;\nనిట్టిజీవుండు దుదముట్ట నెట్లునేర్చు?\nనవ్యతరభోగి శ్రీసదానందయోగి.	teytageethi	upajaathi	సదానందయోగి	vairagya	Sadaanandayogi
p1253	తన్నుఁ గట్టను మఱి త్రాళ్లు తానె తెచ్చి\nకట్టుపడురీతి జనుఁడు సంకల్ప మనెడు\nపాశజాలంబుతో వాలబద్ధుఁ డగును,\nనవ్యతరభోగి శ్రీసదానందయోగి.	teytageethi	upajaathi	సదానందయోగి	vairagya	Sadaanandayogi
p1254	చేయుక్రియ లెల్ల శివుఁడైన సేయవలయు,\nతనకుఁ గర్తృత్వ మెన్నఁడుఁ దలఁపరాదు,\nమనుజుఁ డపరోక్షమునఁ బొందు మార్గ మిదియ,\nనవ్యతరభోగి శ్రీసదానందయోగి.	teytageethi	upajaathi	సదానందయోగి	vairagya	Sadaanandayogi
p1255	ఏమతంబున నుండిన నేమి తప్పు?\nముక్తిగనువారి కొక్కటి ముద్రపదము;\nతాను సంకల్పరహితుఁ డైతేను చాలు,\nనవ్యతరభోగి శ్రీసదానందయోగి.	teytageethi	upajaathi	సదానందయోగి	vairagya	Sadaanandayogi
p1256	సకల యోగీంద్రహృద్యమై సార మమరు\nవాక్యఫణితి సదానందవరుఁ డనియెడు\nయోగివిరచిత వైరాగ్యయోగ శతక\nమలరు నాచంద్రతారార్క మగుచు మహిని.	teytageethi	upajaathi	సదానందయోగి	vairagya	Sadaanandayogi
p1257	శ్రీమానినీమనోహర!\nసోమార్కవిశాలనేత్ర! సురనుతగాత్రా!\nదామోదర నీలమణీ\nశ్యామా! ననుఁ బ్రోవు మన్న సంపఁగిమన్నా!	kandamu	jaathi	పరమానంద యతీంద్ర	bhakti	Sampangimanna
p1258	గామువలె సంచరించినఁ\nబామువలెన్‌ గుహల నున్న బంధము తెగునా?\nదీ మెఱిఁగి పరునిఁ గలసెడి\nసామర్థ్యము గూడకున్న సంపఁగిమన్నా!	kandamu	jaathi	పరమానంద యతీంద్ర	bhakti	Sampangimanna
p1259	ఎక్కటిచదువులు బోధలు\nమక్కువ ననుభవములేనిమాటలు వినఁగాఁ\nబుక్కిటిపురాణములకై\nజక్కులసంతోష మెన్న సంపఁగిమన్నా!	kandamu	jaathi	పరమానంద యతీంద్ర	bhakti	Sampangimanna
p1260	ఒండొరులఁ గూడి గొణఁగుచు\nదండము లిడికొనుచు బోడితలలుం దామున్‌\nనిండిరి మహి తత్త్వము నహి\nచండితనం బధిక మన్న సంపఁగిమన్నా!	kandamu	jaathi	పరమానంద యతీంద్ర	bhakti	Sampangimanna
p1261	తామరసాక్షున కైనన్‌\nశ్రీమించినసురల కైన సిద్ధుల కైనన్‌\nనీమాయఁ దెలియవశమా\nసామాన్యమె! కఠిన మెన్న సంపఁగిమన్నా!	kandamu	jaathi	పరమానంద యతీంద్ర	bhakti	Sampangimanna
p1262	నిండికొను నిట్టిమాయ ప్ర\nచండగతిం గప్పుకొన్న సజ్జనుల బుధుల్‌\nఖండింప నేల మదపా\nషండులవాక్యములు విన్న సంపఁగిమన్నా!	kandamu	jaathi	పరమానంద యతీంద్ర	bhakti	Sampangimanna
p1263	బూటకములు వేషంబులు\nనాటకములు మంత్రతంత్రనటనలు మిథ్యా\nపేటిక లవి యోగికి జం\nజాటము లివి యేటి కన్న! సంపఁగిమన్నా!	kandamu	jaathi	పరమానంద యతీంద్ర	bhakti	Sampangimanna
p1264	చలపట్టియు హఠయోగముఁ\nదలపెట్టిన వట్టిగొడ్డుతాఁకట్టింతే\nయలసిద్ధి దొరక దడియా\nసలుగా కిందేమియున్నె! సంపఁగిమన్నా!	kandamu	jaathi	పరమానంద యతీంద్ర	bhakti	Sampangimanna
p1265	నావయగున్‌ భవజలధికిఁ\nద్రోవయగున్‌ ముక్తికాంతతోఁ గూడుటకున్‌\nకేవలనిజదేశిక ర\nక్షావహ మగుయోగ మెన్న సంపఁగిమన్నా!	kandamu	jaathi	పరమానంద యతీంద్ర	bhakti	Sampangimanna
p1266	అంగం బెఱుఁగరు ముక్తి తె\nఱంగెఱుఁగరు కపటధూర్తరావణవేషుల్‌\nదొంగలగురువులవారల\nసంగతి దుర్బోధ లెన్న సంపఁగిమన్నా!	kandamu	jaathi	పరమానంద యతీంద్ర	bhakti	Sampangimanna
p1267	తనవాసనయెట్లుండిన\nఘనయోగికి బంధవృత్తి గానేరదు వాఁ\nడనుభవముకతన నిర్వా\nసనుఁ డై మరి పుట్టఁ డన్న సంపఁగిమన్నా!	kandamu	jaathi	పరమానంద యతీంద్ర	bhakti	Sampangimanna
p1268	తలకొని దుఃఖము రానీ\nవలనొప్పఁగ నిత్యసుఖము వచ్చిన రానీ\nనలఁకువను బడనిమనుజుఁడు\nచలియింపఁడు బోధ గన్న సంపఁగిమన్నా!	kandamu	jaathi	పరమానంద యతీంద్ర	bhakti	Sampangimanna
p1269	బాలుఁడుగానీ భోగ\nస్త్రీలోలుఁడుగాని విషయశీలుఁడు గానీ\nమేలైనబోధ గలిగినఁ\nజాలదె ముక్తిని గనంగ సంపఁగిమన్నా!	kandamu	jaathi	పరమానంద యతీంద్ర	bhakti	Sampangimanna
p1270	విత్తపరాయణుఁ డయినన్‌\nమత్తచకోరాక్షులందు మగ్నుండైనన్‌\nసూత్తమపురుషుఁడె గాదా\nసత్తామాత్రంబు గనును సంపఁగిమన్నా!	kandamu	jaathi	పరమానంద యతీంద్ర	bhakti	Sampangimanna
p1271	పంచావస్థలఁ దగిలియుఁ\nబంచావస్థలను గడచు ప్రాజ్ఞుండు జగ\nద్వంచకుఁ డై లోకులవలె\nసంచారము సేయు నన్న సంపఁగిమన్నా!	kandamu	jaathi	పరమానంద యతీంద్ర	bhakti	Sampangimanna
p1272	నిత్యానిత్యము లెఱుఁగక\nనిత్యముఁ జేపట్టుబుధుల నిందించిన నా\nమృత్యువుపా లౌ మర్తుఁడు\nసత్యం బిది వినగదన్న సంపఁగిమన్నా!	kandamu	jaathi	పరమానంద యతీంద్ర	bhakti	Sampangimanna
p1273	అద్వైతభావ మెఱుఁగక\nవిద్వాంసుల మనుచు నాత్మవేత్తలవలెనే\nయద్వాతత్వము లాడుచు\nసద్వర్తన మెంచరన్న సంపఁగిమన్నా!	kandamu	jaathi	పరమానంద యతీంద్ర	bhakti	Sampangimanna
p1274	వదలరు విషయము లెచటను\nమెదలరు సజ్జనులకడను మిధ్యాజ్ఞానుల్‌\nచదివితి మని యజ్ఞులతోఁ\nజదువులుపచరింతు రన్న సంపఁగిమన్నా!	kandamu	jaathi	పరమానంద యతీంద్ర	bhakti	Sampangimanna
p1275	జడివాన కురిసినట్టులు\nవిడువక వాదింతు రాత్మవేత్తల మనుచున్‌\nగుడియెడ మెఱుఁగనిమాటల\nజడమతు లిలఁ గొంద ఱన్న సంపఁగిమన్నా!	kandamu	jaathi	పరమానంద యతీంద్ర	bhakti	Sampangimanna
p1276	చేతావాతాగొట్టెడి\nఘాతుకు లవివేకు లనుచుఁ గని వారలతోఁ\nనీతిపరు లడ్డ మాడరు\nచాతుర్యధురీణు లెన్న సంపఁగిమన్నా!	kandamu	jaathi	పరమానంద యతీంద్ర	bhakti	Sampangimanna
p1277	వాదుల నడఁచెడిపెద్దలఁ\nగాదనఁ గా నేల వట్టికలహం బింతే\nఖేదం బని చాలించిన\nసాదరమతి జాణఁ డన్న! సంపఁగిమన్నా!	kandamu	jaathi	పరమానంద యతీంద్ర	bhakti	Sampangimanna
p1278	వాదము ఖేదముకొఱకౌ\nమేదినిఁ గలవిద్య లెల్ల మెతుకులకొఱకౌఁ\nగా దది ముక్తిపథం బని\nసాదరమతిఁ దెలియ రన్న! సంపఁగిమన్నా!	kandamu	jaathi	పరమానంద యతీంద్ర	bhakti	Sampangimanna
p1279	వాదము లనఁగా దాతృవి\nవాదము మఱి యంత్రతంత్రవాదములును నీ\nజూదము మేదిని మెత్తురె?\nసాదరమతు లెన్నరన్న! సంపఁగిమన్నా!	kandamu	jaathi	పరమానంద యతీంద్ర	bhakti	Sampangimanna
p1280	సూతకము వచ్చె ననుచును\nనాతలఁ బదినాళ్లు జరపినంతనె తెగునా?\nసూతకమే కాదా తన\nజాతకము నెఱింగికొన్న సంపఁగిమన్నా!	kandamu	jaathi	పరమానంద యతీంద్ర	bhakti	Sampangimanna
p1281	ముట్టున దొలఁగుదురేమో\nముట్టుననే తనువుగాఁక మునుఁగుదు రేమో\nముట్టుకు వెలియైతే యొక\nచట్టా మఱిదేహ మెల్ల సంపఁగిమన్నా!	kandamu	jaathi	పరమానంద యతీంద్ర	bhakti	Sampangimanna
p1282	నలుగురు నడచెడుత్రోవను\nబలిమిని లోకంబు నడచుఁ బ్రాజ్ఞుం డైనన్‌\nనలువు రెఱుంగనిత్రోవలఁ\nజలియింపక నడచు నన్న! సంపఁగిమన్నా!	kandamu	jaathi	పరమానంద యతీంద్ర	bhakti	Sampangimanna
p1283	వెలిచూపును లోచూపును\nవెలిగాఁ దన్మధ్యమునను వెలిఁగెడితత్త్వం\nబలవడఁ జూచినయతఁడే\nసలలితుఁ డగుముక్తుఁ డన్న! సంపఁగిమన్నా!	kandamu	jaathi	పరమానంద యతీంద్ర	bhakti	Sampangimanna
p1284	మిక్కిలి సంసారయినను\nనెక్కడియోగము రుచించు నెక్కుడుశైత్యం\nబెక్కిననోటికిఁ జేఁదగు\nజక్కెరపొడిఁ దిన్న నెన్న సంపఁగిమన్నా!	kandamu	jaathi	పరమానంద యతీంద్ర	bhakti	Sampangimanna
p1285	నాలుగుత్రోవలనడుమను\nశ్రీలీలను వ్రేలుచున్న చిహ్నంబులఁ దా\nనాలోచించినబుద్ధివి\nశాలుండౌ ముక్తుఁడన్న! సంపఁగిమన్నా!	kandamu	jaathi	పరమానంద యతీంద్ర	bhakti	Sampangimanna
p1286	పాళ్ళును బంపును దొడవులు\nనూళ్ళును మును చన్నవారు నూర్జితులై రా\nయో ళ్ళరిగి రోళ్ళ వెంటనె\nసాళ్ళని ఘను లెన్న రన్న! సంపఁగిమన్నా!	kandamu	jaathi	పరమానంద యతీంద్ర	bhakti	Sampangimanna
p1287	ముందు వెనుకెఱుఁగ కాటల\nసందడిఁ బడి మోక్షసుఖము సాధింపనియా\nపందలవ్రతుకులు నిఁక నే\nచందంబో యెఱుఁగ మన్న! సంపఁగిమన్నా!	kandamu	jaathi	పరమానంద యతీంద్ర	bhakti	Sampangimanna
p1288	వెలిచూపును లోచూపును\nగలయంగా నొక్కచూపుఁగా జూచిన యా\nనిలుకడ గలయోగీంద్రుఁడె\nసలలితసుజ్ఞాని యన్న!సంపఁగిమన్నా!	kandamu	jaathi	పరమానంద యతీంద్ర	bhakti	Sampangimanna
p1289	సంపద లెఱుఁగక తామే\nసంపదగలవార మనుచు జడు లిలఁ దమలో\nసంపదఁ గననేరక వెలి\nసంపదలే చూతు రన్న! సంపఁగిమన్నా!	kandamu	jaathi	పరమానంద యతీంద్ర	bhakti	Sampangimanna
p1290	శోధింపరు తత్త్వజ్ఞులు\nనీధరఁ దమతోడిసరికి నీదుర్మనుజుల్‌\nమేధావంతులు పెద్దలు\nసాధువు లని యెంతు రన్న! సంపఁగిమన్నా!	kandamu	jaathi	పరమానంద యతీంద్ర	bhakti	Sampangimanna
p1291	సర్వావస్థల నడఁచియు\nసర్వావస్థల నెఱింగి సర్వసముం డై\nసర్వముఁ దా నని తెలిసిన\nసర్వోత్తముఁ డాతఁ డన్న సంపఁగిమన్నా!	kandamu	jaathi	పరమానంద యతీంద్ర	bhakti	Sampangimanna
p1292	పాపపువాసనవిషయము\nకాపాడుచురాగ నరుఁడు గడఁవగఁగలఁడా?\nయేపట్టున గుహ్యోదర\nచాపల్యము మానకున్న సంపఁగిమన్నా!	kandamu	jaathi	పరమానంద యతీంద్ర	bhakti	Sampangimanna
p1293	సాధనచతుష్టయంబున\nసాధారణలీలఁ దనరి సర్వేంద్రియముల్‌\nశోధించి నిజసమాధిని\nసాధించినముక్తుఁ డన్న సంపఁగిమన్నా!	kandamu	jaathi	పరమానంద యతీంద్ర	bhakti	Sampangimanna
p1294	ఉద్యోగంబునఁ బురుషుఁడు\nసద్యోగముఁ జలుపవలయు సవిశేషముగా\nవిద్యానిధి యగునతఁడే\nసద్యోముక్తుఁడు గదన్న సంపఁగిమన్నా!	kandamu	jaathi	పరమానంద యతీంద్ర	bhakti	Sampangimanna
p1295	శ్రీకంఠుం బరమేశు నవ్యయు నిజశ్రీపాదదివ్యప్రభా-\nనీకోత్సారితదేవతానిటలదుర్నీత్యక్షరధ్వాంతుఁ జి-\nత్ప్రాకామ్యాంగు నపాంగమాత్రరచితబ్రహ్మాండసంఘాతు జం-\nద్రాకల్పుం బ్రణుతింతు నిన్ను మది నాహ్లాదింతు సర్వేశ్వరా!	saardulamu	vruttamu	యథావాక్కుల అన్నమయ్య	bhakti	Sarveswara
p1296	జ్ఞానాతీతుఁడవైన నీ మహిమఁ బ్రజ్ఞం బూని తర్కించు ట-\nజ్ఞానాంగంబగు నైననుం దమ యథాశక్తిం బ్రశంసించి ది-\nవ్యానందస్థితిఁ బొందువారిఁ గని భక్త్యావృత్తి నిన్నెట్టివాఁ-\nడైనం బ్రస్తుతి సేయుచుండుఁ దనచే నైనంత సర్వేశ్వరా!	saardulamu	vruttamu	యథావాక్కుల అన్నమయ్య	bhakti	Sarveswara
p1297	ఏపారంగ నజాండభాండనికరం బేరూపులో బుట్టి యు-\nద్దీపించు న్మఱి రూపులెల్ల సమసుప్తిం బొంది యేరూపులో\nలోపించుం గలయంగ నంతటికిఁ దా లోనై విజృంభించి యే\nరూపం బవ్యయమై వెలుంగు నది నీ రూపంబు సర్వేశ్వరా!	saardulamu	vruttamu	యథావాక్కుల అన్నమయ్య	bhakti	Sarveswara
p1298	జలజాతప్రభవాండబుద్బుదము లశ్రాంతంబునుం బుట్టుచుం\nగలయం గ్రాఁగుచునుండు నీ పృథులలింగస్ఫారగర్భాబ్ధిలో-\nపలఁ దద్బుద్బుదగర్భవాసులు హరిబ్రహ్మాది దేవాళియుం\nగలదే వారికి నీ మహత్త్వ మెఱుఁగంగా శక్తి సర్వేశ్వరా!	mattebhamu	vruttamu	యథావాక్కుల అన్నమయ్య	bhakti	Sarveswara
p1299	జలజాతప్రభవాండభాండములు దుశ్చారిత్రులం బాత్రులం\nజెలువై యుండ యథాప్రమాణములుగా శిక్షింప రక్షింప ని-\nశ్చలలీలం బ్రభవించు రాజు భవదాజ్ఞాశక్తిఁ గాకింత వ-\nట్టెలమిం జేకొని నిర్వహింప మఱి రాజెవ్వండు సర్వేశ్వరా!	mattebhamu	vruttamu	యథావాక్కుల అన్నమయ్య	bhakti	Sarveswara
p1300	జ్ఞానజ్యోతి విజృంభమాణముగ నోజన్ విష్ణువిధ్యాది దే-\nవానీకాత్మదశావళిం దవిలి నీవారంగ వారిం గళా-\nజ్ఞానప్రౌఢులఁ జేయుటన్ వెలయఁగా సర్వజ్ఞశబ్దంబు దా\nనీ నామాంకముగా విధించు నిగమానీకంబు సర్వేశ్వరా!	saardulamu	vruttamu	యథావాక్కుల అన్నమయ్య	bhakti	Sarveswara
p1301	ఘనుఁడై యేచి దశాననుండు బలిమిం గైలాసశైలేంద్ర మె-\nత్తినఁ దద్దానవనాథుఁ ద్రొక్క నతఁ డర్థి న్మ్రొక్కినం గాచి ప్రా-\nక్తనశౌర్యాధికుఁ జేసె దుష్టు నణఁపంగా శిష్టు రక్షింప రం-\nజనతో నెప్పుడు వేచియుండు భవదాజ్ఞాశక్తి సర్వేశ్వరా!	mattebhamu	vruttamu	యథావాక్కుల అన్నమయ్య	bhakti	Sarveswara
p1302	తమకం బెత్తిన నాత్మజం గడు మదాంధవ్యాప్తి నేకాంతప-\nక్షమునం దెవ్వరుఁ గానకుండఁ గవయంగాఁ బోయి నీ బాణఘా-\nతమునం బద్మభవుండు ద్రెళ్లెననినం దాఁ దప్ప వర్తించి లో-\nకమునం దెవ్వరికింక నిన్ను నెఱుఁగంగా వచ్చు సర్వేశ్వరా!	mattebhamu	vruttamu	యథావాక్కుల అన్నమయ్య	bhakti	Sarveswara
p1303	అమరేంద్రాబ్జభవాళి కెన్నఁ దుది నీ వాదిం బ్రసాదింప న-\nర్థము సిద్ధించుచునుండుఁగాని సురమాత్రుం గోరిన న్వీరి కా-\nర్యము సిద్ధింప దనేకమార్గములఁ బ్రారంభించిరే నిశ్చయా-\nర్థముగా నీవ సమస్తకర్త వగుటం దర్కింప సర్వేశ్వరా!	mattebhamu	vruttamu	యథావాక్కుల అన్నమయ్య	bhakti	Sarveswara
p1304	అమరంగా స్ఫుటభక్తినాటకము భాషాంగక్రియాంగాభిర-\nమ్యముగాఁ జూపిన మెచ్చి మీరిల బలే యన్నంతకున్ యోనిగే-\nహములన్ రూపులు వన్నుకొంచును నటుండై వచ్చి సంసారరం-\nగములోనం బహురూపమాడు వెలయంగా జీవి సర్వేశ్వరా!	mattebhamu	vruttamu	యథావాక్కుల అన్నమయ్య	bhakti	Sarveswara
p1305	శ్రీవత్సాంకు రమావిశేషతయు వాక్ఛ్రీనాథు చాతుర్యమున్\nదేవాధీశ్వరు వైభవోన్నతియు నా తిగ్మాంశు తేజంబు శ్రీ-\nదేవీనందను రూపవిభ్రమము చింతింపంగ నీ భక్తిస-\nద్భావాత్ముండగు పుణ్యమూర్తికి దృణప్రాయంబు సర్వేశ్వరా!	saardulamu	vruttamu	యథావాక్కుల అన్నమయ్య	bhakti	Sarveswara
p1306	కమనీయంబగు సర్వతీర్థములు లింగంబున్నచో మూర్తిమం-\nతములై యొప్పుచునుండు లింగమును దాత్పర్యంబుతో భక్తగా-\nత్రములం దెప్పుడు నుండుఁ గాన మహిలోఁ దత్త్వార్థ మూహింపఁ దీ-\nర్థములందెల్లను దివ్యతీర్థము భవద్భక్తుండు సర్వేశ్వరా!	mattebhamu	vruttamu	యథావాక్కుల అన్నమయ్య	bhakti	Sarveswara
p1307	భవదీయామలతత్త్వనిర్ణయకళాప్రఖ్యాతసద్భక్తపుం-\nగవగోష్ఠీసుఖవార్ధిలోనఁ గడువేడ్కం దేలినం గాక యీ\nభువిలోఁ దీర్థజలంబులం గడగినం బోనేర్చునే ఘోరదు-\nర్భవసంఘాకలితాత్మతామసమహాపంకంబు సర్వేశ్వరా!	mattebhamu	vruttamu	యథావాక్కుల అన్నమయ్య	bhakti	Sarveswara
p1308	ధరణిం బ్రాక్తనభక్తనిర్మితమహాస్థానంబులై యొప్పు శ్రీ-\nగిరిముఖ్యంబగు దివ్యతీర్థములు భక్తిం జూచిరే వారి దు-\nస్తరదోషంబులు వాయునన్న మఱి సాక్షాద్భక్తులం జూచినం\nబరమార్థంబుగఁ బాయదే నరుల పాపంబెల్ల సర్వేశ్వరా!	mattebhamu	vruttamu	యథావాక్కుల అన్నమయ్య	bhakti	Sarveswara
p1309	కని సద్భక్తుల కంత నంతఁ గడువేడ్కన్ హృత్ప్రణామంబు సే-\nసినమాత్రం జెడు సర్వదోషములు తచ్ఛ్రీపాదము ల్ముట్టి మ్రొ-\nక్కిన సర్వాంగసమగ్రశుద్ధియగు భక్తిన్ వారికిం బ్రీతిచే-\nసినఁ ద్వద్దివ్యదయావలోకనఘనశ్రీ లొందు సర్వేశ్వరా!	mattebhamu	vruttamu	యథావాక్కుల అన్నమయ్య	bhakti	Sarveswara
p1310	అనురాగంబున నిన్నుఁ జూచుఁ దలపోయన్ జొక్కుఁ గాంక్షించు వ-\nర్ణన సేయం దమకించు సిగ్గు విరియన్ బ్రార్థించు శోషించు నం-\nత నెదన్ ధ్యానము దాల్చుఁ దన్ను మఱచుం దానీ దశావస్థలం\nదనరంగా మది నిన్ను డక్కఁ గొను సద్భక్తుండు సర్వేశ్వరా!	mattebhamu	vruttamu	యథావాక్కుల అన్నమయ్య	bhakti	Sarveswara
p1311	రమణీయక్షితిపాలుఁ డింద్రుని చతుర్మాసక్రమాయుష్యుఁ డా\nయమరేంద్రుం డజునాడికాద్వయమువాఁ డా బ్రహ్మ యుష్మన్నిమే-\nషమువాఁ డంచును వీరినెల్ల నగు నీ సాలోక్యసామీప్యస-\nత్తమరాజ్యస్థితిపట్టభద్రుఁ డగు సద్భక్తుండు సర్వేశ్వరా!	mattebhamu	vruttamu	యథావాక్కుల అన్నమయ్య	bhakti	Sarveswara
p1312	క్షితిపై శ్వేతమునీంద్రుఁ జంప నలుకం గీనాశుఁ డేతెంచి నీ\nయతికోపోజ్జ్వలనాహుతి న్మడిసెఁ దథ్యం బేకనిష్ఠాసమ-\nన్వితులం జేకొని భక్తవత్సలుఁడవై నీవెప్పుడు న్గావఁగాఁ\nబ్రతిపక్షావలి కెట్లు వారి దెసఁ జేరన్వచ్చు సర్వేశ్వరా!	mattebhamu	vruttamu	యథావాక్కుల అన్నమయ్య	bhakti	Sarveswara
p1313	కింకం దన్ను నదల్చి చక్రమునఁ దాఁ గృష్ణుండని న్వైచినం\nబొంకంబొప్పఁగ దానిఁ దుత్తుఱుముగాఁ బోఁదట్టి యుప్పొంగె ని-\nశ్శంకాత్ముండు దధీచి శాశ్వతులు నీ సద్భక్తు లూహింపఁగా\nసంకల్పప్రభవప్రతాపవనభాస్వద్దావ సర్వేశ్వరా!	saardulamu	vruttamu	యథావాక్కుల అన్నమయ్య	bhakti	Sarveswara
p1314	ఘటదుగ్ధంబులు పేరుఁగాక వెలయంగా నెంత తోడంటి న-\nన్నట దుర్గాంబుధి పేరునే జగములో నల్పుండు దుస్సంగతిం\nజటులాత్ముండగుఁ గాక యెయ్యెడల నీ సద్భక్తుఁ డేకార్య ము-\nత్కటమై తాఁకిన నన్యచిత్తుఁడగునే తర్కింప సర్వేశ్వరా!	mattebhamu	vruttamu	యథావాక్కుల అన్నమయ్య	bhakti	Sarveswara
p1315	వెలి వీక్షించిన నీ స్వరూపమె మహావిస్పష్టమై యాత్మలో-\nపల భావించిన నీ స్వరూపమె మహాప్రవ్యక్తమై దృష్టులం\nదలఁపం జేకొని యున్న నీ యచలితధ్యానంబునం జేసి తాఁ\nగలనైన న్శివయోగి తన్ను జగముం గానండు సర్వేశ్వరా!	mattebhamu	vruttamu	యథావాక్కుల అన్నమయ్య	bhakti	Sarveswara
p1316	ఎచ్చో నీ పదభక్తుఁ డుండు మది నింపెక్కం బ్రయత్నంబుతో\nనచ్చో నీ వనిశంబు నుండుదు త్వదీయధ్యానచిన్మూర్తులై\nయచ్చో సన్మునులెల్ల నుండుదురు మంత్రాంగాక్షరాయుక్తులై\nయచ్చోఁ దీర్థములెల్ల నుండు నిది వేదార్థంబు సర్వేశ్వరా!	saardulamu	vruttamu	యథావాక్కుల అన్నమయ్య	bhakti	Sarveswara
p1317	సత్యం బెప్పుడుఁ దప్పఁడేనియు దురాచారుండు గాఁడేని యౌ-\nచిత్యం బేమఱఁడేని దుర్జనుల గోష్ఠిం బొందఁడే భక్తసాం-\nగత్యం బాదటఁ బాయఁడేని మదనగ్రస్తుండు గాఁడేని నీ\nభృత్యుం డాతఁడు మూఁడులోకములలోఁ బెంపొందు సర్వేశ్వరా!	saardulamu	vruttamu	యథావాక్కుల అన్నమయ్య	bhakti	Sarveswara
p1318	పెంపన్ దల్లి యగున్ రుజాపటలదుష్పీడావిధి క్షోభ వా-\nరింపన్ వైద్యుఁ డగుం గుమార్గవిధులం గ్రీడింపఁబోకుండ శి-\nక్షింపన్ బల్లిదుఁడైన తండ్రి యగుచున్ శ్రీమంతుఁగా నెంతయున్\nసంపద్వృద్ధి యొనర్ప దాతయగు నీ సద్భక్తి సర్వేశ్వరా!	saardulamu	vruttamu	యథావాక్కుల అన్నమయ్య	bhakti	Sarveswara
p1319	ఉరుసంసారగజేంద్రదర్పదళన వ్యూఢప్రతాపోగ్రకే-\nసరి దుష్ప్రాపశరీధబంధవిపులక్ష్మాజవ్రజచ్ఛేదవి-\nస్ఫురితక్రూర కుఠారధార దురితప్రోద్భూతజీమూతదు-\nస్తరసంఘాతవిఘాత మారుతము నీ సద్భక్తి సర్వేశ్వరా!	mattebhamu	vruttamu	యథావాక్కుల అన్నమయ్య	bhakti	Sarveswara
p1320	కామోద్రేకవిజృంభణంబును సమగ్రక్రోధమున్ లోభమున్\nవ్యామోహంబు మదంబు మచ్చరము దీవ్రంబైన పంచేంద్రియో-\nద్దామాటోపము గ్రాఁచి పెంపెసఁగు తత్త్వజ్ఞానికిం గాక తా\nసామాన్యాత్ముల కేల నూలుకొను నీ సద్భక్తి సర్వేశ్వరా!	saardulamu	vruttamu	యథావాక్కుల అన్నమయ్య	bhakti	Sarveswara
p1321	లింగారాధన జంగమార్చనము లోలిన్ భక్తి కంగంబు ప్రా-\nణాంగవ్యాప్తియునై స్ఫురించు నిది తత్త్వార్థంబగుం గాన నా\nయంగాభ్యర్చన జంగమాహితకరుండై చేసినం దా శవ-\nశృంగారంబగు వాని భక్తి మదిఁ జర్చింపంగ సర్వేశ్వరా!	saardulamu	vruttamu	యథావాక్కుల అన్నమయ్య	bhakti	Sarveswara
p1322	మోహధ్వాంతములో మునింగిన మహామూఢుం డతిభ్రష్టుఁడై\nసోహంబంచుఁ దొడంగి నీకుఁ గడు దూరాత్ముం డగుంగాని దు-\nష్టాహంకారగుణంబు మాని మది సొంపారంగ సద్భక్తి దా-\nసోహంబన్న భవత్పదార్చకుఁడు నీవై యుండు సర్వేశ్వరా!	saardulamu	vruttamu	యథావాక్కుల అన్నమయ్య	bhakti	Sarveswara
p1323	చావంబుట్టుచుఁ బుట్టఁజచ్చుచు మహాచండాలసంసారపా-\nరావారంబునఁ గూలి తాఁ జెడుటకుం బ్రవ్యక్తిగా నాత్మలో-\nనేవం బొందక యేను నీవనుట తా నేజ్ఞానమో శ్రీమహా-\nదేవా యిట్టి కుతర్కముం గలదే చింతింపంగ సర్వేశ్వరా!	saardulamu	vruttamu	యథావాక్కుల అన్నమయ్య	bhakti	Sarveswara
p1324	రసికుండై భవదంఘ్రిపద్మయుగ మారాధించుచో దుర్మద-\nవ్యసనాటోపము చిక్కులం బొరలుచు న్వర్తించుచున్నట్టి పా-\nలసు పూజావిభవం బదొప్పునె భువిన్ లక్షింప నారంభముం\nగసవుం బెంచిన చేనుఁ బోలుఁ దలఁపంగా మీఁద సర్వేశ్వరా!	mattebhamu	vruttamu	యథావాక్కుల అన్నమయ్య	bhakti	Sarveswara
p1325	స్థిరబుద్ధిం దన సొమ్ము భక్తవరసుక్షేత్రంబులన్ బీజమై\nపరగంగా వెదపెట్టి మీఁద నతిసంపన్నుండగుం గాక దా-\nనరిషడ్వర్గము పాలుసేసి భవమాయాగ్రస్తుఁడై యిచ్చ నె-\nవ్వరి వేఁడం జనువాఁడొకో విషయదుర్వ్యాపారి సర్వేశ్వరా!	mattebhamu	vruttamu	యథావాక్కుల అన్నమయ్య	bhakti	Sarveswara
p1326	కాయంబన్నది వారిబుద్బుదసదృక్షం బందు రూపింప లేఁ-\nబ్రాయంబన్నది శారదాంబుదతటిత్ప్రఖ్యంబగుం దత్సుఖ-\nశ్రేయంబన్నది మాయ యిట్లెఱిఁగియు శీఘ్రంబ నీ ధ్యానసం-\nస్థాయీభావనఁ బొందఁ డేమిటి కయో సంసారి సర్వేశ్వరా!	saardulamu	vruttamu	యథావాక్కుల అన్నమయ్య	bhakti	Sarveswara
p1327	భవదీయస్థిరభక్తి లబ్ధియు భవద్భక్తైకగోష్ఠీమహో-\nత్సవలీలావిభవంబు నీ యనుదినధ్యానానుమోదంబులౌ-\nనివి నిత్యస్థితు లారయంగ విధిదేవేంద్రాది భూతాఖిలో-\nత్సవభోగస్థితులెల్ల మిథ్యలవి తత్త్వంబెన్న సర్వేశ్వరా!	mattebhamu	vruttamu	యథావాక్కుల అన్నమయ్య	bhakti	Sarveswara
p1328	తన యుక్తి న్భవదంఘ్రిసేవగల సద్భక్తుండు పాపంబు చే-\nసినఁ బుణ్యంబగు భక్తిహీనుఁడు శ్రుతు ల్చేపట్టి పుణ్యంబు చే-\nసినఁ బాపంబగు దీనికంతటికిఁ జర్చింపంగఁ జండేశ్వరుం\nడును దక్షుండును సాక్షులెన్న నగరాట్కోదండ సర్వేశ్వరా!	mattebhamu	vruttamu	యథావాక్కుల అన్నమయ్య	bhakti	Sarveswara
p1329	ప్రారంభించి చకోరపోతము మహీయజ్యోత్స్నయం దుత్సవ-\nశ్రీ రంజిల్లుచు వేడ్కనుండు గతి నా చిత్తంబు నీ దివ్యశృం-\nగారధ్యానమునం దహర్నిశముఁ జొక్కంజేయవే దేవ శ్రీ-\nగౌరీలోచననర్తకీనటనరంగస్థాన సర్వేశ్వరా!	saardulamu	vruttamu	యథావాక్కుల అన్నమయ్య	bhakti	Sarveswara
p1330	తరులం బువ్వులు పిందెలై యొదవి తత్తజ్జాతితోఁ బండ్లగున్\nహర మీ పాదపయోజపూజితములై యత్యద్భుతం బవ్విరుల్\nకరులౌ నశ్వములౌ ననర్హమణులౌఁ గర్పూరమౌ హారమౌఁ\nదరుణీరత్నములౌఁ బటీరతరులౌఁ దథ్యంబు సర్వేశ్వరా!	mattebhamu	vruttamu	యథావాక్కుల అన్నమయ్య	bhakti	Sarveswara
p1331	ఆనందంబును బొందునప్పుడును నత్యాశ్చర్యకార్యార్థభా-\nవానీకంబులు దోఁచునప్పుడును రోగాపాయదుఃఖాతుర-\nగ్లానిం బొంది చరించునప్పుడును సత్కార్యంబున న్నీవు నా\nధ్యానంబం దుదయింపుమయ్య దివిజేంద్రస్తుత్య సర్వేశ్వరా!	saardulamu	vruttamu	యథావాక్కుల అన్నమయ్య	bhakti	Sarveswara
p1332	నానాశాస్త్రసముచ్చయాగమపురాణప్రౌఢులై తత్త్వవి-\nజ్ఞానధ్యానసమాధివిద్య లతివిస్పష్టంబుగా నేర్చి రే\nదాన న్నేర్పరులెల్ల నేరరు భవత్సద్భక్తివిద్యాసమా-\nధానప్రస్ఫుటశక్తి నీ కరుణచేతం గాని సర్వేశ్వరా!	saardulamu	vruttamu	యథావాక్కుల అన్నమయ్య	bhakti	Sarveswara
p1333	మలినాంగుం డగుటేమి కష్టము మనోమార్గంబు నీ భక్తిని-\nర్మలసౌభాగ్యనిధానదీపశిఖయై రంజిల్లదే భూషణో-\nజ్జ్వలదేహుం డగుటేమి తేజము మనోవ్యావృత్తి దుర్మోహసం-\nచలదుష్పంకముఁ బొంది పీడఁ బడఁగాఁ జర్చింప సర్వేశ్వరా!	mattebhamu	vruttamu	యథావాక్కుల అన్నమయ్య	bhakti	Sarveswara
p1334	ఉదకం బింకిన లావు మాలి కడుమై యష్ణింపఁగా రొంపిలోఁ\nగదలం జాలని మీను వాన గురియం గ్రమ్మెక్కి పెన్నీటిలోఁ\nబొదలం గన్న విధంబునన్ భవముతోఁ బోరాడు మర్త్యుండు దా\nహృదయాబ్జంబున నిన్నుఁ గొల్వఁగనునే యింపొంద సర్వేశ్వరా!	mattebhamu	vruttamu	యథావాక్కుల అన్నమయ్య	bhakti	Sarveswara
p1335	భవదీయార్చన సేయుచోఁ బ్రథమపుష్పంబెన్న సత్యంబు రెం-\nడవ పుష్పంబు దయాగుణంబును విశిష్టం బేకనిష్ఠాసమో-\nత్సవసంపత్తి తృతీయ పుష్పమది భాస్వద్భక్తిసంయుక్తియో-\nగవిధానం బవిలేని పూజలు మదిం గైకోవు సర్వేశ్వరా!	mattebhamu	vruttamu	యథావాక్కుల అన్నమయ్య	bhakti	Sarveswara
p1336	శ్రీకంఠాయ నమోనమో నతసురజ్యేష్ఠాయ రుద్రాయ లిం-\nగాకారాయ నమోనమో విగతసంసారాయ శాంతాయ చం-\nద్రాకల్పాయ నమోనమో దురితసంహారాయ తే యంచు ని-\nన్నాకాంక్షం బ్రణుతించు మానవుఁడు నీవై యుండు సర్వేశ్వరా!	saardulamu	vruttamu	యథావాక్కుల అన్నమయ్య	bhakti	Sarveswara
p1337	శూలస్థాపితుఁడైన మానవునకున్ శూలంబు దుర్వారవా-\nత్యాలిం గంపము నొందకుండుట సుఖంబై తోఁచు మాడ్కిన్ భవా-\nభీలజ్వాలలఁ గ్రాఁగు మానవునకున్ బింబాధరల్ హారవ-\nస్త్రాలంకారము లించుకించుక సుఖంబై తోఁచు సర్వేశ్వరా!	saardulamu	vruttamu	యథావాక్కుల అన్నమయ్య	bhakti	Sarveswara
p1338	ఆకాశానలచంద్రసూర్యపవమానాత్మాంబువిశ్వంభరా-\nప్రాకామ్యాంచితమూర్తి భేదముల నీ బ్రహ్మాండనానాఘటా-\nనీకప్రాకట జీవభావవిలసన్నిర్మాణకర్మాద్భుతా-\nస్తోకశ్రీకరమూర్తియై వెలుఁగు నీ స్థూలంబు సర్వేశ్వరా!	saardulamu	vruttamu	యథావాక్కుల అన్నమయ్య	bhakti	Sarveswara
p1339	భవదుఃఖార్ణవయానపాత్రము పరబ్రహ్మంబు యోగీంద్రహృ-\nద్భవనప్రస్ఫురితప్రదీపము నఘధ్వాంతార్కబింబం బతి-\nశ్రవణానందకరంబు సన్మునిగణస్వాధ్యాయపాఠంబు మీ\nశివనామాంకము భక్తపుంగవ సదా సేవ్యంబు సర్వేశ్వరా!	mattebhamu	vruttamu	యథావాక్కుల అన్నమయ్య	bhakti	Sarveswara
p1340	అణిమాద్యష్టగుణప్రసిద్ధులు త్రిలోకారాధ్యు లుద్యద్వచో-\nమణికోటిప్రతిమప్రభాపటలు లున్మాదేంద్రియధ్వాంతభీ-\nషణదైత్యేంద్రవినాశకారణమహాశౌర్యోన్నతు ల్లోకర-\nక్షణదక్తుల్ వినుతింప నీ ప్రమథసంఘాతంబు సర్వేశ్వరా!	mattebhamu	vruttamu	యథావాక్కుల అన్నమయ్య	bhakti	Sarveswara
p1341	సకలాధీశ్వరులై గణాధిపతులై సర్వజ్ఞులై నిత్యులై\nయకలంకాత్మకులై మహామహిములై యంభోజగర్భాండర-\nక్షకులై యుండుదు రెల్లవారును భవత్సద్భక్తి నానాగణా-\nధికలీలావిధి నంతరంగముల వర్తింపంగ సర్వేశ్వరా!	mattebhamu	vruttamu	యథావాక్కుల అన్నమయ్య	bhakti	Sarveswara
p1342	శివవాక్యస్ఫురితాక్షరద్వయ సకృజ్జిహ్వాప్రదేశాత్ముఁడై\nభవదుఃఖాంబుధి దాఁటజూచు తఱిఁ దత్పంచాక్షరీమంత్ర ము-\nత్సవలీలం గడుశుద్ధుఁడై జపము వాంఛం జేయు భాస్వద్గుణా-\nర్ణవసౌభాగ్యము మానమెవ్వరికిఁ గాన న్వచ్చు సర్వేశ్వరా!	mattebhamu	vruttamu	యథావాక్కుల అన్నమయ్య	bhakti	Sarveswara
p1343	ఏదేశంబున నేదిశాముఖమునం దేయూర నేవాడ మీ\nపాదాభ్యర్చన సేయు నిర్మలుఁడు సద్భక్తుం డొకండుండె నా-\nయాదేశంబును నాదిశాముఖమును న్నాయూరు నావాడ గం-\nగాదిస్నాన నదీప్రవాహఫలదంబై యొప్పు సర్వేశ్వరా!	saardulamu	vruttamu	యథావాక్కుల అన్నమయ్య	bhakti	Sarveswara
p1344	ఖలులై యాచకులై విరుద్ధవికటాకారాంగులై పంగులై\nబలహీనాతురులై రుజాపటలతాపచ్ఛన్నులై ఖిన్నులై\nచలనాందోళితచిత్తులై మలినులై జాత్యంధులై మందులై\nతొలిజన్మంబున మిమ్ముఁ గొల్వని దురాత్ముల్ వారు సర్వేశ్వరా!	mattebhamu	vruttamu	యథావాక్కుల అన్నమయ్య	bhakti	Sarveswara
p1345	ఏయేవేళల నేవయస్సున నరుం డేభూమి నేయూరిలో\nనేయేకర్మము నాచరించు నశుభంబేని న్శుభంబేని దా\nనాయావేళల నావయస్సున నరుం డాభూమి నాయూరిలో\nనాయాకర్మములెల్లఁ దాఁ గుడుచుఁ దథ్యంబింత సర్వేశ్వరా!	saardulamu	vruttamu	యథావాక్కుల అన్నమయ్య	bhakti	Sarveswara
p1346	ఆడంబోయినచోట బాలురు వినోదార్థంబు పాషాణముల్\nగూడంబెట్టి శివాలయంబనుచుఁ బేర్కొన్నంతటం జేసి వా-\nరాడంబోయి సురాంగనాకలితదివ్యారామచింతామణి\nక్రీడాశైలవిహారులౌదురు మిముం గీర్తింప సర్వేశ్వరా!	saardulamu	vruttamu	యథావాక్కుల అన్నమయ్య	bhakti	Sarveswara
p1347	సంకీర్ణాకలితాక్షరత్రయము భాస్వన్నాదబిందుక్రమా-\nలంకారద్వితయంబుతోఁ గలిసి లీలన్ దివ్యయోగీంద్రహృ-\nత్పంకోద్భూతములందు రూఢమగుచుం బంచాక్షరీమంత్ర మ-\nయ్యోంకారాత్మకమౌ లసన్మునిగణం బూహింప సర్వేశ్వరా!	saardulamu	vruttamu	యథావాక్కుల అన్నమయ్య	bhakti	Sarveswara
p1348	అమలజ్ఞానవిభాసభాసురత నయ్యష్టాంగపూజావిధి\nక్రమయోగంబుల నిన్ను నెల్లపుడు జోకం గొల్వగానేల ని-\nక్కము నీ భక్తులగోష్ఠి చాలుఁ గడువీఁకన్ ఘోరసంసారదుః-\nఖములెల్లం బెడవాప నిన్ను వెలయంగాఁ జూప సర్వేశ్వరా!	mattebhamu	vruttamu	యథావాక్కుల అన్నమయ్య	bhakti	Sarveswara
p1349	పరమార్థంబుగఁ దత్త్వము న్నెఱుఁగ నొప్పందీర్చి డెందంబు నీ\nకరుణాస్థానముఁ జేర్పలేక తన వంకం బోవఁగానిచ్చిరే\nనరకాబ్ధిం బడవైచుఁ దత్క్షణములోనం గానఁ దత్త్వక్షమం-\nబరయం జిత్తము శూకలాశ్వము విభంబై యుండు సర్వేశ్వరా!	mattebhamu	vruttamu	యథావాక్కుల అన్నమయ్య	bhakti	Sarveswara
p1350	బాలుం డాడెడు మాటలెల్ల నుపమింపం దండ్రికి బ్రౌఢభా-\nవాలాపంబులకంటె మించుగతి నే నజ్ఞానభావంబునం-\nదాలోచించి రచించినట్టి కృతి యింపారంగ నీకు న్మహా-\nలాలిత్యస్తుతికంటెఁ గైకొనుఁగదా శ్లాఘ్యంబు సర్వేశ్వరా!	saardulamu	vruttamu	యథావాక్కుల అన్నమయ్య	bhakti	Sarveswara
p1351	ధాత్రి న్భక్తజనానురంజనముగాఁ దత్త్వప్రకాశంబుగాఁ\nజిత్రార్థాంచితశబ్దబంధురముగా సేవ్యంబుగా సజ్జన-\nశ్రోత్రానందముగా శుభాంచితముగా శోధించి సర్వేశ్వర-\nస్తోత్రం బన్నయ చెప్పె నిజ్జగములో శోభిల్ల సర్వేశ్వరా!	saardulamu	vruttamu	యథావాక్కుల అన్నమయ్య	bhakti	Sarveswara
p1352	శాకాబ్దంబులు వార్ధిషట్కపురజిత్సంఖ్యం బ్రవర్తింప సు-\nశ్లోకానందకరంబుగా మహిమతో శోభిల్ల సర్వేశ్వర-\nప్రాకామ్యస్తవ మొప్పఁ జెప్పె శుభకృత్ప్రవ్యక్తవర్షంబునన్\nశ్రీకంఠార్పితమై వసుంధరపయిం జెన్నొంద సర్వేశ్వరా!	saardulamu	vruttamu	యథావాక్కుల అన్నమయ్య	bhakti	Sarveswara
p1353	అరిషడ్వర్గబలంబులో మలసి మాయావృత్తి నాయం దతి-\nస్ఫురణం జేసినవాఁడు మోహుఁ డతనిన్ బోఁద్రోచి నీ భక్తితో\nబరగం గూర్చి వివేకిఁ జేసి నెరయం బాటించి నాయం దధీ-\nశ్వరుఁడై యుండఁగదయ్య రౌప్యకుధరవ్యాపార సర్వేశ్వరా!	mattebhamu	vruttamu	యథావాక్కుల అన్నమయ్య	bhakti	Sarveswara
p1354	కానీ దారసమన్వితుండు మిగులం గానీఁడు కందర్పునిన్\nగోనీ మానవకోటిలో మరులు పైకోనీఁడు మోహంబునున్\nరానీ రాజితరాజ్యవైభవము పైరానీఁడు గర్వంబునున్\nలో నీవైన మహాత్ముఁ డన్యమునకున్ బోనీఁడు సర్వేశ్వరా!	saardulamu	vruttamu	యథావాక్కుల అన్నమయ్య	bhakti	Sarveswara
p1355	ఏ నిన్నే శరణందు బాంధవులు గానీ యెల్లవారుం బగే\nకానీ మృత్యువు తలక్రిందువడనీ కాలుండు గీవెట్టనీ\nనానాకర్మచయంబు గింజుకొననీ నాకేమి నేరాజ నిం-\nతే నీ చాటున దాఁగియున్నపుడు బీతే యింక సర్వేశ్వరా!	saardulamu	vruttamu	యథావాక్కుల అన్నమయ్య	bhakti	Sarveswara
p1356	పరమానందయతీంద్రుఁడ\nసురుచిరముగ మిమ్ము వాక్ప్రసూనంబులచేఁ\nగరమర్థిఁ బూజచేసెద\nపరమాత్మా శివముకుంద పరమానందా.	kandamu	jaathi	పరమానంద యతీంద్ర	bhakti	Sivamukunda
p1357	అలతత్త్వము గురుకృపచే\nనలవడు నని నమ్మి మిగుల నాసక్తుం డై\nతలపడవలె గురుభజనకుఁ\nబలుమాఱును శివముకుంద పరమానందా.	kandamu	jaathi	పరమానంద యతీంద్ర	bhakti	Sivamukunda
p1358	తాఁటాకులు ద్రిప్పుచు పది\nకోటులు చదువంగ నేమి గురువాక్యంబుల్‌\nపాటించి తెలియ కది యే\nర్పా టౌనా శివముకుంద పరమానందా.	kandamu	jaathi	పరమానంద యతీంద్ర	bhakti	Sivamukunda
p1359	గురుభజనఁ బాపములు చెడు\nగురుభజనను గర్మ ముడుగుఁ గోరిక లుడుగుం\nగురుభజన ముక్తికర మగు\nపరమాత్మా శివముకుంద పరమానందా.	kandamu	jaathi	పరమానంద యతీంద్ర	bhakti	Sivamukunda
p1360	తానే పరదైవంబని\nకానక తనకన్న వేఱు గాఁదలఁచేదే\nయూనిన మాయారూపము\nభానునుతా శివముకుంద పరమానందా.	kandamu	jaathi	పరమానంద యతీంద్ర	bhakti	Sivamukunda
p1361	తను నే నెఱుఁగనిమునుపే\nతనయాటలు చెల్లెఁగాక తా మా యనఁగా\nనను నే నెఱిఁగిన పిమ్మట\nపనిగలదా శివముకుంద పరమానందా.	kandamu	jaathi	పరమానంద యతీంద్ర	bhakti	Sivamukunda
p1362	కట్టిడిమాయ యనంగా\nరట్టుకు లోనాయెఁగాక భ్రమ యదికాదా\nపట్టఁ బసలేని దది యే\nపట్టున నిఁక శివముకుంద పరమానందా.	kandamu	jaathi	పరమానంద యతీంద్ర	bhakti	Sivamukunda
p1363	నలుదిశల నిక్కడక్కడఁ\nదలచూపఁగ లేక మాయ దాగెను కంటే\nయలపూర్ణుఁడ నేఁ గాఁగాఁ\nబల ముడిగెను శివముకుంద పరమానందా.	kandamu	jaathi	పరమానంద యతీంద్ర	bhakti	Sivamukunda
p1364	ఇది కల్లర ఛీయన్నా!\nవదలక యీమాయ కదియవచ్చిన నేమో\nముదిలంజెవలపు చాలును\nపదివే లిఁక శివముకుంద పరమానందా.	kandamu	jaathi	పరమానంద యతీంద్ర	bhakti	Sivamukunda
p1365	పుట్టించని సుద్దులు చెవిఁ\nబెట్టిన నది లెస్సగాక పిమ్మట ధరలోఁ\nబుట్టించెడు సుద్దులఁ జెవిఁ\nబట్టుదురా శివముకుంద పరమానందా.	kandamu	jaathi	పరమానంద యతీంద్ర	bhakti	Sivamukunda
p1366	వేషములవలన జనులఁ బ్ర\nమోషించి మనీషివరుల మోదము జెఱిచే\nదూషకులఁ గూడి పెద్దలు\nభాషింపరు శివముకుంద పరమానందా.	kandamu	jaathi	పరమానంద యతీంద్ర	bhakti	Sivamukunda
p1367	అచ్చట నచ్చట నేర్చిన\nతచ్చన లొక కొన్ని యఱచి తత్త్వం బని తా\nమెచ్చిన నేమగు మాటల\nపచ్చ ళ్లది శివముకుంద పరమానందా.	kandamu	jaathi	పరమానంద యతీంద్ర	bhakti	Sivamukunda
p1368	అలయంగ భూమి నుదధి\nస్థలి కృష్ణనివాసమైన ద్వారక నడుమన్‌\nలలిఁ దను గను శివయోగియె\nబలవంతుఁడు శివముకుంద పరమానందా.	aataveladi	upajaathi	పరమానంద యతీంద్ర	bhakti	Sivamukunda
p1369	పరకార్యపరులు లోకులు\nపరమజ్ఞానులు స్వకార్యపరు లై ధరలో\nనిరతిశయసుఖముఁ గాంతురు\nపరమాత్మా శివముకుంద పరమానందా.	teytageethi	upajaathi	పరమానంద యతీంద్ర	bhakti	Sivamukunda
p1370	మేటైన బ్రహ్మవిద్యకు\nసూటై తగు రాజయోగసుస్థిరు లెచటన్‌\nబూటకపు మంత్రవిద్యలఁ\nబాటింపరు శివముకుంద పరమానందా.	kandamu	jaathi	పరమానంద యతీంద్ర	bhakti	Sivamukunda
p1371	నలుగురి నొక్కటిఁ జేసిన\nనలుగురిలో బ్రతుకవచ్చు నాణెముగాఁ దా\nనలుగురిపనులకుఁ దిరిగిన\nఫల మంటదు శివముకుంద పరమానందా.	kandamu	jaathi	పరమానంద యతీంద్ర	bhakti	Sivamukunda
p1372	నలుగురికిం దా గుఱియై\nమెలఁగిన నది ముక్తిగతికి మేలై రాదే\nనలుగురితో గూడనిదే\nపలుచనయా శివముకుంద పరమానందా.	kandamu	jaathi	పరమానంద యతీంద్ర	bhakti	Sivamukunda
p1373	తనయింటం దా నుండినఁ\nదనయిల్లే తనకుఁ జేటు దాఁ దెచ్చునయా\nతనయిల్లు కాలవేసిన\nపనిమే లది శివముకుంద పరమానందా.	kandamu	jaathi	పరమానంద యతీంద్ర	bhakti	Sivamukunda
p1374	తలఁపు చెడఁ గర్మములు చెడుఁ\nదలఁపు చెడన్‌ మాయ చెడును దా ననుట చెడున్‌\nతలఁపు చెడినతఁడె ముక్తికి\nబలవంతుఁడు శివముకుంద పరమానందా.	kandamu	jaathi	పరమానంద యతీంద్ర	bhakti	Sivamukunda
p1375	భావంబుఁ దలఁచుటెల్ల న\nభావము తలఁపుడుగు టెల్లఁ బన్నుగ భావా\nభావాతీతము సహజము\nపావన మది శివముకుంద పరమానందా.	kandamu	jaathi	పరమానంద యతీంద్ర	bhakti	Sivamukunda
p1376	కలపండ్రెండు పదాఱును\nనలువదిరెండైనచోట నయముగ నొకటై\nతెలివొందు వెరవుఁ గూడిన\nఫలసిద్ధౌ శివముకుంద పరమానందా.	kandamu	jaathi	పరమానంద యతీంద్ర	bhakti	Sivamukunda
p1377	లో వెలి చూపులు రెండును\nబో విడువఁ దదంతరమున బొలుపగుతత్త్వం\nబావిధ మెఱుఁగును నిర్గుణ\nభావజ్ఞుఁడు శివముకుంద పరమానందా.	kandamu	jaathi	పరమానంద యతీంద్ర	bhakti	Sivamukunda
p1378	తలఁచినయది జడిమం బగు\nతలఁ పుడిగిన శూన్యమగును దలఁచిన తలఁపే\nసలలిత మగు చిద్బ్రహ్మము\nబలిబంధన శివముకుంద పరమానందా.	kandamu	jaathi	పరమానంద యతీంద్ర	bhakti	Sivamukunda
p1379	కన్నుల ముందఱఁ దెలివై\nకన్నది యదికాన్పటంచుఁ గన్న యతండే\nపన్నుగ నిజవిద్యాసం\nపన్నుఁడగున్‌ శివముకుంద పరమానందా.	kandamu	jaathi	పరమానంద యతీంద్ర	bhakti	Sivamukunda
p1380	ఒకటే రెండై తోఁపఁగ\nనొకటిని జెప్పంగ వలసె యొకటై యున్నన్‌\nయొకటి నొక టేల సేయను\nబ్రకటముగా శివముకుంద పరమానందా.	aataveladi	upajaathi	పరమానంద యతీంద్ర	bhakti	Sivamukunda
p1381	త న్నెఱుఁగనిదియు ఒకటే\nత న్నెఱిఁగినయదియు నొకటె తా నన రెండై\nయున్నది యొకటే సత్యము\nపన్నుగ నిఁక శివముకుంద పరమానందా.	kandamu	jaathi	పరమానంద యతీంద్ర	bhakti	Sivamukunda
p1382	చూడఁగఁబడినది యొకటే\nవేడుకఁ జూచెడిది యొకటె వీనికి వెలియై\nచూడఁగవలసిన దొకటే\nపాడి యిదే శివముకుంద పరమానందా.	kandamu	jaathi	పరమానంద యతీంద్ర	bhakti	Sivamukunda
p1383	జీవునకుఁ గాక దేవుఁడు\nదేవునికి న్వేఱె యొక్క దేవుఁడు గలడే\nదేవుఁడు తానే యనఁ గను\nభావజ్ఞుఁడు శివముకుంద పరమానందా.	kandamu	jaathi	పరమానంద యతీంద్ర	bhakti	Sivamukunda
p1384	దానంబులు సత్క్రియలును\nబూని మఱెన్నైనఁ జేయఁ బుట్టుక చెడునే\nదానికి వైరి వివేకము\nభానునుతా శివముకుంద పరమానందా.	kandamu	jaathi	పరమానంద యతీంద్ర	bhakti	Sivamukunda
p1385	చేయఁగవలసినపని విధి\nసేయుటగా కనుచు నెంచి సేయుచుఁ జేసీ\nజేయని యాపని యదియును\nబాయరయా శివముకుంద పరమానందా.	kandamu	jaathi	పరమానంద యతీంద్ర	bhakti	Sivamukunda
p1386	ఊనము జడమును విత్తును\nగానిది చైతన్య మెట్లు గానేర్చునయా\nతానే దానికి మూలము\nభానునుతా శివముకుంద పరమానందా.	kandamu	jaathi	పరమానంద యతీంద్ర	bhakti	Sivamukunda
p1387	ఒండెఱుఁగక తనుగంటే\nపండినకాన్పగుచు సర్వపరిపూర్ణం బై\nయుండును నదియే కన్నుల\nపండు వయా శివముకుంద పరమానందా.	kandamu	jaathi	పరమానంద యతీంద్ర	bhakti	Sivamukunda
p1388	మాటల సందెడు నిడఁగను\nతాటోటులు గాక దానఁ దత్త్వంబగునే\nమాటల తత్త్వము లవి పరి\nపాటిగదా! శివముకుంద పరమానందా.	kandamu	jaathi	పరమానంద యతీంద్ర	bhakti	Sivamukunda
p1389	కోటివగవిద్య లెల్లను\nకూటికిఁ గా కాత్మవిద్యకును సరియగునే\nబూటకము లనక కుజనులు\nపాటింపరు శివముకుంద పరమానందా.	kandamu	jaathi	పరమానంద యతీంద్ర	bhakti	Sivamukunda
p1390	జ్ఞానం బన యోగం బనఁ\nగానఁగవలె నొకటికొకటి కావడికుండల్‌\nపూనిక నొక్కట నిలువదు\nభానునుతా శివముకుంద పరమానందా.	kandamu	jaathi	పరమానంద యతీంద్ర	bhakti	Sivamukunda
p1391	అజ్ఞాని యొకఁడు గల్గఁగ\nసుజ్ఞానిఁగఁ జేయవలసె సుజ్ఞానైతే\nసుజ్ఞాని నేల చేయను\nప్రాజ్ఞుఁడనా శివముకుంద పరమానందా.	kandamu	jaathi	పరమానంద యతీంద్ర	bhakti	Sivamukunda
p1392	దూషణ యసూయకొఱకే\nభాషాంతరరచన లెల్ల బ్రతుకులకొఱకే\nవేషము వంచనకొఱకే\nపాషండము శివముకుంద పరమానందా.	kandamu	jaathi	పరమానంద యతీంద్ర	bhakti	Sivamukunda
p1393	మెండుగ లోకులవలెఁ దా\nనుండఁగవలెఁ గూడకున్న నొక్కెఁడ మౌనై\nయుండఁగవలె నేర్పరియగు\nపండితునకు శివముకుంద పరమానందా.	kandamu	jaathi	పరమానంద యతీంద్ర	bhakti	Sivamukunda
p1394	అణిమాదిసిద్ధపురుషులు\nగుణవంతులుగాఁగ జనులు కొనియాడుదు రా\nగుణహీనులఁ బొగడుదురే\nఫణిశాయీ శివముకుంద పరమానందా.	kandamu	jaathi	పరమానంద యతీంద్ర	bhakti	Sivamukunda
p1395	ఒకతుచ్ఛసిద్ధిఁ జూపిన\nసకలజనుల్‌ వానిఁ జూచి సన్మానముగా\nసకలంకజ్ఞా నందురు\nప్రకటముగా శివముకుంద పరమానందా.	kandamu	jaathi	పరమానంద యతీంద్ర	bhakti	Sivamukunda
p1396	అణిమాదిసిద్ధు లెల్లను\nగణుతింపఁగ మోక్షవిధము గా దెట్లంటే\nనణిమాదులు సగుణంబులు\nఫణిశాయీ శివముకుంద పరమానందా.	kandamu	jaathi	పరమానంద యతీంద్ర	bhakti	Sivamukunda
p1397	సిద్ధులు జ్ఞానం బగునా\nసిద్ధియు దృశ్యంబు లవియుఁ జేపట్టుదురా\nశుద్ధములు గానిసిద్ధు ల\nబద్ధంబులు శివముకుంద పరమానందా.	aataveladi	upajaathi	పరమానంద యతీంద్ర	bhakti	Sivamukunda
p1398	శ్రీవిద్యుత్కలితాజవంజవ మహాజీమూతపాపాంబు ధా\nరావేగంబున మన్మనోబ్జ సముదీర్ణత్వంబు గోల్పోయితిన్‌\nదేవా! నీ కరుణా శరత్సమయమింతేఁ జాలు సద్భావనా\nసేవం దామరతంపరై మనియెదన్‌ శ్రీకాళహస్తీశ్వరా!	saardulamu	vruttamu	ధూర్జటి	bhakti	Srikaalahasteeswara
p1399	నీనా సందొడబాటు మాట వినుమా! నీచేత జీతంబునేఁ\nగానింబట్టక సంతతంబు మదివేడ్కన్గొల్తు నంతస్సప\nత్నానీకంబున కొప్పగింపకుము నన్నాపాటియే చాలుఁదే\nజీనొల్లం గరినొల్ల నొల్లసిరులన్‌ శ్రీకాళహస్తీశ్వరా!	saardulamu	vruttamu	ధూర్జటి	bhakti	Srikaalahasteeswara
p1400	భవకేళీ మదిరామదంబున మహాపాపాత్ముఁడై వీఁడు న\nన్ను వివేకింపఁడటంచు నేను నరకార్ణోరాశిపాలైనఁ బ\nట్టవు? బాలుండొకచోట నాటతమితోడన్నూతఁ గూలంగఁ దం\nడ్రి విచారింపకయుండునా కటకటా! శ్రీకాళహస్తీశ్వరా!	mattebhamu	vruttamu	ధూర్జటి	bhakti	Srikaalahasteeswara
p1401	దివిజక్ష్మారుహధేనురత్న ఘనభూతి ప్రస్ఫురద్రత్న సా\nనువు నీ విల్లు, నిధీశ్వరుండు సఖుఁ, డర్ణోరాశి కన్యావిభుం\nడు విశేషార్చకుఁ డింక నీకెన ఘనుండుం గల్గునే నీవు చూ\nచి విచారింపవు లేమి నెవ్వఁడుడుపున్‌ శ్రీకాళహస్తీశ్వరా!	mattebhamu	vruttamu	ధూర్జటి	bhakti	Srikaalahasteeswara
p1402	నీతో యుద్ధముఁ జేయనోప, గవితా నిర్మాణశక్తిన్నినుం\nబ్రీతుంజేయఁగలేను, నీకొఱకుఁ దండ్రిం జంపఁగాజాల నా\nచేత న్రోకట నిన్ను మొత్త వెఱతుం జీకాకు నాభక్తియే\nరీతి న్నాకిఁక నిన్నుఁ జూడఁగలుగున్‌ శ్రీకాళహస్తీశ్వరా!	saardulamu	vruttamu	ధూర్జటి	bhakti	Srikaalahasteeswara
p1403	నిప్పై పాతకతూల శైలమడఁచు న్నీనామమున్మానవుల్‌\nతప్పన్‌ దవ్వులవిన్న నంతకభుజాదర్పోద్ధత క్లేశముల్‌\nతప్పుందారును ముక్తులౌదురని శాస్త్రంబుల్మహాపండితుల్‌\nచెప్పంగాఁ దమకింక శంకవలెనా శ్రీకాళహస్తీశ్వరా!	saardulamu	vruttamu	ధూర్జటి	bhakti	Srikaalahasteeswara
p1404	నినుసేవింపఁగ నాపదల్పొడమనీ, నిత్యోత్సవంబబ్బనీ\nజనమాత్రుండననీ, మహాత్ముఁడననీ, సంసార మోహంబు పై\nకొననీ, జ్ఞానముగల్గనీ, గ్రహగతుల్‌ గుందింపనీ, మేలు వ\nచ్చిన రానీ యవి నాకు భూషణములో శ్రీకాళహస్తీశ్వరా!	mattebhamu	vruttamu	ధూర్జటి	bhakti	Srikaalahasteeswara
p1405	కాయల్గాచె వధూనఖాగ్రములచేఁ గాయంబు వక్షోజముల్‌\nరాయన్‌ రాపడెఱొమ్ము మన్మథ విహారక్లేశ విభ్రాంతిచే\nబ్రాయంబాయెను బట్టగట్టెఁ దల చెప్పన్‌రోఁత సంసారమేఁ\nజేయంజాల విరక్తుఁ జేయఁగదవే శ్రీకాళహస్తీశ్వరా!	saardulamu	vruttamu	ధూర్జటి	bhakti	Srikaalahasteeswara
p1406	నిను నావాఁకిలి గావుమంటినొ? మరున్నీలాలకభ్రాంతిఁ గుం\nటెన పొమ్మంటినొ? యెంగిలిచ్చి తిను తింటేఁగాని కాదంటినో\nనిను నెమ్మిందగ విశ్వసించు సుజనానీకంబు రక్షింపఁ జే\nసిన నావిన్నపమేల గైకొనవయా! శ్రీకాళహస్తీశ్వరా!	mattebhamu	vruttamu	ధూర్జటి	bhakti	Srikaalahasteeswara
p1407	ఱాలన్‌ ఱువ్వఁగ జేతులాడవు కుమారా! రమ్మురమ్మంచునేఁ,\nజాలన్‌ జంపఁగ నేత్రముల్దివియఁగా శక్తుండనేఁగాను, నా\nశీలంబేమని చెప్పనున్నదిఁక నీ చిత్తంబు నాభాగ్యమో\nశ్రీలక్ష్మీపతి సేవితాంఘ్రియుగళా శ్రీకాళహస్తీశ్వరా!	saardulamu	vruttamu	ధూర్జటి	bhakti	Srikaalahasteeswara
p1408	నీరూపంబు దలంపగాఁ దుదమొదల్‌ నేఁగాన నీవైననున్‌\nరారా! రమ్మనియంచుఁ జెప్పవు వృథారంభంబు లింకేటికిన్‌\nనీరన్ముంపుము, పాలముంపుమిఁక నిన్నేనమ్మినాఁడంజుమీ\nశ్రీరామార్చిత పాదపద్మయుగళా శ్రీకాళహస్తీశ్వరా!	saardulamu	vruttamu	ధూర్జటి	bhakti	Srikaalahasteeswara
p1409	నీకున్మాంసము వాంఛయేని కఱవా? నీచేతలేడుండఁగాఁ\nజోకైనట్టి కుఠారముండ ననలజ్యోతుండ, నీరుండఁగా\nబాకం బొప్ప ఘటించి చేతి పునుకన్భక్షింప కా బోయచేఁ\nజేకొంటెంగిలి మాంసమిట్లుదగునా? శ్రీకాళహస్తీశ్వరా!	saardulamu	vruttamu	ధూర్జటి	bhakti	Srikaalahasteeswara
p1410	రాజై దుష్కృతిజెందెఁ జందురుఁడు రారాజై కుబేరుండు దృ\nగ్రాజీవంబునఁగాంచె దుఃఖము కురుక్ష్మాపాలుఁడామాటనే\nయాజింగూలె సమస్త బంధువులతో నా రాజశబ్దంబు చీ,\nచీ జన్మాంతరమందు నొల్లనుజుమీ శ్రీకాళహస్తీశ్వరా!	saardulamu	vruttamu	ధూర్జటి	bhakti	Srikaalahasteeswara
p1411	రాజర్థాతురుఁడైనచో నెచట ధర్మంబుండు నేరీతి నా\nనాజాతి క్రియలేర్పడున్‌ సుఖము మాన్యశ్రేణి కెట్లబ్బు రూ\nపాజీవాళికి నేది దిక్కు ధృతి నీభక్తుల్‌ భవత్పాదనీ\nరేజంబుల్‌ భజియింతురే తెఱఁగునన్‌ శ్రీకాళహస్తీశ్వరా!	saardulamu	vruttamu	ధూర్జటి	bhakti	Srikaalahasteeswara
p1412	నిన్ను న్నమ్మినరీతినమ్మనొరులన్‌, నీకన్న నాకెన్నలే\nరన్నల్దమ్ములు తల్లిదండ్రులు గురుండాపత్సహాయుండు నా\nయన్నా! యెన్నడు నన్ను సంస్కృతి విషాదాంభోధి దాఁటించి య\nచ్ఛిన్నానంద సుఖాబ్ధిఁ దేల్చెదొ కదే శ్రీకాళహస్తీశ్వరా!	saardulamu	vruttamu	ధూర్జటి	bhakti	Srikaalahasteeswara
p1413	నీపంచం బడియుండఁగాఁ గలిగిన న్భిక్షాన్నమే చాలు ని\nక్షేపంబబ్బిన రాజకీటముల నే సేవింపఁగా నోప నా\nశాపాశంబులఁజుట్టి త్రిప్పకుము సంసారార్థమై బంటుగాఁ\nజేపట్టం దయగల్గెనేని మదిలో శ్రీకాళహస్తీశ్వరా!	saardulamu	vruttamu	ధూర్జటి	bhakti	Srikaalahasteeswara
p1414	నీపేరున్‌ భవదంఘ్రితీర్థము భవన్నిష్ఠ్యూత తాంబూలముల్‌\nనీ పళ్ళెంబు ప్రసాదముంగొనికదా నే బిడ్డఁడైనాఁడ న\nన్నీ పాటిం గరుణింపు మోపనిఁక నేనెవ్వారికిం బిడ్డఁగాన్‌\nజేపట్టందగుఁ బట్టి మానఁదగదో శ్రీకాళహస్తీశ్వరా!	saardulamu	vruttamu	ధూర్జటి	bhakti	Srikaalahasteeswara
p1415	గ్రహదోషంబులు దుర్నిమిత్తములు నీ కల్యాణనామంబు ప్ర\nత్యహముంబేర్కొను నుత్తమోత్తముల బాధంబెట్టగానోపునే\nదహనుం గప్పఁగఁజాలునే శలభసంతానంబు నీ సేవఁజే\nసి హతక్లేశులుగారుగాక మనుజుల్‌ శ్రీకాళహస్తీశ్వరా!	mattebhamu	vruttamu	ధూర్జటి	bhakti	Srikaalahasteeswara
p1416	చావంకాలము చేరువౌటెఱిఁగియుం జాలింపఁగా లేక త\nన్నేవైద్యుండు చికిత్సఁబ్రోవగలఁడో? యేమందు రక్షించునో?\nయే వేల్పుల్‌కృపఁజూతురో?యనుచు నిన్నింతైనఁ జింతింపఁడా\nజీవచ్ఛ్రాద్ధముఁజేసికొన్న యతియున్‌ శ్రీకాళహస్తీశ్వరా!	saardulamu	vruttamu	ధూర్జటి	bhakti	Srikaalahasteeswara
p1417	పదునాల్గేలె మహాయుగంబులొక భూపాలుండు, చెల్లించె న\nయ్యుదయాస్తాచలసంధినాజ్ఞ నొకఁడాయుష్మంతుఁడై వీరి య\nభ్యుదయంబెవ్వరు చెప్పఁగా వినరొ? యల్పుల్మత్తులై యేల చ\nచ్చెదరో రాజులమంచు నక్కటకటా! శ్రీకాళహస్తీశ్వరా!	mattebhamu	vruttamu	ధూర్జటి	bhakti	Srikaalahasteeswara
p1418	రాజన్నంతనెపోవునా కృపయు ధర్మంబాభిజాత్యంబు వి\nద్యాజాత క్షమ సత్యభాషణము విద్వన్మిత్ర సంరక్షయున్‌\nసౌజన్యంబు కృతంబెఱుంగుటయు విశ్వాసంబుగాకున్న దు\nర్బీజ శ్రేష్ఠులుగా గతంబుగలదే శ్రీకాళహస్తీశ్వరా!	saardulamu	vruttamu	ధూర్జటి	bhakti	Srikaalahasteeswara
p1419	చనువారిం గని యేడ్చువారు జముఁడా సత్యంబుగా వత్తు మే\nమనుమానంబిఁకలేదు నమ్మమని తారావేళ నా రేవునన్‌\nమునుఁగంబోవుచు బాససేయుటసుమీ ముమ్మాటికింజూడఁగాఁ\nజెనఁటుల్గానరు దీని భావమిదివో శ్రీకాళహస్తీశ్వరా!	mattebhamu	vruttamu	ధూర్జటి	bhakti	Srikaalahasteeswara
p1420	భవదుఃఖంబులు రాజకీటముల నేఁ బ్రార్థించినం బాయునే\nభవదంఘ్రిస్తుతి చేతఁగాక, విలసద్బాల క్షుథాక్లేశ దు\nష్ట విధుల్మానునె? చూడ మేఁకమెడచంటం దల్లి కారుణ్యదృ\nష్టి విశేషంబుననిచ్చు చంటబలెనో శ్రీకాళహస్తీశ్వరా!	mattebhamu	vruttamu	ధూర్జటి	bhakti	Srikaalahasteeswara
p1421	లేవో కానలఁ గందమూలఫలముల్‌ లేవో గుహల్‌ తోయముల్‌\nలేవో యేఱులఁ బల్లవాస్తరణముల్‌ లేవో సదాయాత్మలో\nలేవో నీవు విరక్తులన్మనుప జాలింబొంది భూపాలురన్‌\nసేవల్సేయఁగఁ బోదురేలొకొ జనుల్‌ శ్రీకాళహస్తీశ్వరా!	saardulamu	vruttamu	ధూర్జటి	bhakti	Srikaalahasteeswara
p1422	మును నేఁ బుట్టిన పుట్టులెన్నిగలవో మోహంబుచే నందుఁ జే\nసిన కర్మంబుల ప్రోవులెన్నిగలవో చింతించినం గాన నీ\nజననంబే యని యున్నవాఁడ నిదియే చాలింపవే నిన్నుఁగొ\nల్చినపుణ్యంబునకుం గృపారతుఁడవై శ్రీకాళహస్తీశ్వరా!	mattebhamu	vruttamu	ధూర్జటి	bhakti	Srikaalahasteeswara
p1423	తనువెందాఁక ధరిత్రినుండు నను నందాఁక న్మహారోగదీ\nపన దుఃఖాదులఁ బొందకుండ ననుకంపాదృష్టి వీక్షించి యా\nవెనుక న్నీపదపద్మముల్దలఁచుచు న్విశ్వప్రపంచంబుఁ బా\nసిన చిత్తంబుననుండఁజేయ గదవే శ్రీకాళహస్తీశ్వరా!	mattebhamu	vruttamu	ధూర్జటి	bhakti	Srikaalahasteeswara
p1424	మలభూయిష్ఠ మనోజధామము సుషుమ్నాద్వారమో? యారు కుం\nడలియో? పాదకరాక్షియుగ్మములు షట్కంజంబులో? మోముదా\nజలజంబో? నిటలంబు చంద్రకళయో, సంగంబు యోగంబొ? గా\nసిలిసేవింతురు కాంతలన్‌ భువి జనుల్‌ శ్రీకాళహస్తీశ్వరా!	mattebhamu	vruttamu	ధూర్జటి	bhakti	Srikaalahasteeswara
p1425	ఏలీలన్నుతియింపవచ్చు నుపమోత్ప్రేక్షా ధ్వనివ్యంగ్యశ\nబ్దాలంకార విశేషభాషల కలభ్యంబైన నీరూపముం\nజాలుంజాలుఁ గవిత్వమున్నిలుచునే సత్యంబు వర్ణించుచో,\nచీ! లజ్జింపరుగాక మాదృశకవుల్‌ శ్రీకాళహస్తీశ్వరా!	saardulamu	vruttamu	ధూర్జటి	bhakti	Srikaalahasteeswara
p1426	ఆలుంబిడ్డలు మిత్రులున్‌ హితులు నిశ్టార్థంబు లీనేర్తు రే\nవేళ న్వారిభజింపఁ జాలిపడ కావిర్భూత మోదంబునం\nగాలంబెల్ల సుఖంబు నీకు నిఁక భక్తశ్రేణి రక్షింపకే\nశ్రీ లెవ్వారికిఁ గూడఁబెట్టెదవయా శ్రీకాళహస్తీశ్వరా!	saardulamu	vruttamu	ధూర్జటి	bhakti	Srikaalahasteeswara
p1427	సులభుల్మూర్ఖు లనుత్తమోత్తములు రాజుల్గల్గి యేవేళన\nన్నలఁతం బెట్టిన నీ పదాబ్జములఁ బాయంజాల నేమిచ్చినం\nగలధౌతాచల మేలుటంబునిధిలోఁ గాపుండుటబ్జంబుపైఁ\nజెలువొప్పన్సుఖియింపఁ గాంచుటసుమీ శ్రీకాళహస్తీశ్వరా!	mattebhamu	vruttamu	ధూర్జటి	bhakti	Srikaalahasteeswara
p1428	కలధౌతాద్రియు నస్థిమాలికయు గోగంధర్వమున్బున్నయుం,\nబులిలోలున్భసితంబుఁ బాపతొడవుల్పోకుండఁ దోఁబుట్లకై,\nతొలినేవారలతోడఁబుట్టగఁ గళాదుల్గల్గె మేలయ్యె నా\nసిలువుల్దూరము చేసికొంటెఱిగియే శ్రీకాళహస్తీశ్వరా!	mattebhamu	vruttamu	ధూర్జటి	bhakti	Srikaalahasteeswara
p1429	శ్రుతులభ్యాసముచేసి శాస్త్రగరిమల్శోధించి తత్త్వంబులన్‌\nమతినూహించి శరీరమస్థిరము బ్రహ్మంబెన్నసత్యంబు గాం\nచితిమంచున్‌ సభలన్‌ వృథావచనముల్చెప్పంగనేకాని, ని\nర్జిత చిత్తస్థిరసౌఖ్యముల్‌ దెలియరో శ్రీకాళహస్తీశ్వరా!	mattebhamu	vruttamu	ధూర్జటి	bhakti	Srikaalahasteeswara
p1430	"గతినీవంచు భజించువార లపవర్గంబొందఁగానేల సం\nతతముం గూటికినై చరింప వినలేదా ""యాయురన్నం ప్రయ\nచ్ఛతి"" యంచున్మొఱవెట్టఁగా శ్రుతులు సంసారాంధకారాభిదూ\nశిత దుర్మార్గులు గానఁ గానఁబడవో శ్రీకాళహస్తీశ్వరా!"	mattebhamu	vruttamu	ధూర్జటి	bhakti	Srikaalahasteeswara
p1431	రతిరాజుద్ధతి మీఱనొక్క మఱి గోరాజాశ్వునిన్‌ నొక్కఁబో\nనతఁడా దర్పకు వేగ నొత్తఁ గవయం బాఁబోతునుందాఁకి యు\nగ్రతఁ బోరాడఁగ నున్న యన్నడిమి లేఁగల్వోలె శోకానల\nస్థితిపాలై మొఱపెట్టినన్‌ మనుపవే శ్రీకాళహస్తీశ్వరా!	mattebhamu	vruttamu	ధూర్జటి	bhakti	Srikaalahasteeswara
p1432	అంతా సంశయమే శరీర ఘటనంబంతా విచారంబె లో\nనంతా దుఃఖపరంపరాన్వితమె మేనంతా భయభ్రాంతమే\nయంతానాంత శరీరశోషణమె దుర్వ్యాపారమే దేహికిన్‌\nజింతన్నిన్నుఁ దలంచి పొందరు నరుల్‌ శ్రీకాళహస్తీశ్వరా!	saardulamu	vruttamu	ధూర్జటి	bhakti	Srikaalahasteeswara
p1433	సంతోషించితిఁ జాలుఁజాలు రతి రాజద్వార సౌఖ్యంబులన్‌\nశాంతిం బొందితిఁ జాలుఁజాలు బహురాజద్వార సౌఖ్యంబులన్‌\nశాంతిం బొందెదఁ జూపు బ్రహ్మపద రాజద్వార సౌఖ్యంబు ని\nశ్చింత న్శాంతుఁడనౌదు నీ కరుణచే శ్రీకాళహస్తీశ్వరా!	saardulamu	vruttamu	ధూర్జటి	bhakti	Srikaalahasteeswara
p1434	ఒకయర్థంబును నిన్ను నే నడుగఁగా నూహింప నెట్లైన బొ\nమ్ము కవిత్వంబులు నాకు జెందవని యేమోయంటివా నాదు జి\nహ్వకు నైసర్గిక కృత్యమింతయు సుమీ ప్రార్థించుటే కాదు కో\nరికల న్నిన్నును గాన నాకు వశమా శ్రీకాళహస్తీశ్వరా!	mattebhamu	vruttamu	ధూర్జటి	bhakti	Srikaalahasteeswara
p1435	శుకముల్కింశుకపుష్పము ల్గని ఫలస్తోమంబటంచు న్సము\nత్సుకతం జేరఁగఁబోవ నచ్చట మహాదుఃఖంబు సిద్ధించుఁ గ\nర్మకళాభాషలకెల్లఁ బ్రాపులగు శాస్త్రంబుల్విలోకించు వా\nరికి నిత్యత్వమనీష దూరమగునో శ్రీకాళహస్తీశ్వరా!	mattebhamu	vruttamu	ధూర్జటి	bhakti	Srikaalahasteeswara
p1436	నీ కారుణ్యముఁ గల్గినట్టి నరుఁడే నీచాలయంబుం జొరం\nడే కార్పణ్యపు మాటలాడనరుగం డెవ్వారితో వేషముల్‌\nగైకోఁ డేమతముల్భజింపఁడిల నే కష్టప్రకారంబులన్‌\nజీకాకై చెడిపోఁడు జీవనదశన్‌ శ్రీకాళహస్తీశ్వరా!	saardulamu	vruttamu	ధూర్జటి	bhakti	Srikaalahasteeswara
p1437	జ్ఞాతుల్ద్రోహులు! వాండ్రు సేయు కపటేర్ష్యాది క్రియాదోషముల్‌\nమా తండ్రాన సహింపరాదు ప్రతికర్మంబించుకేఁ జేయగాఁ\nబోతే దోషముగాన మాని యతినై పోఁగోరినన్‌ సర్వదా\nచేతఃక్రోధము మానదెట్లు నడుతున్‌ శ్రీకాళహస్తీశ్వరా!	saardulamu	vruttamu	ధూర్జటి	bhakti	Srikaalahasteeswara
p1438	చదువుల్నేర్చిన పండితాధములు స్వేచ్ఛాభాషణ క్రీడలన్‌\nవదరన్‌ సంశయ భీకరాటవులఁ ద్రోవల్దప్పి వర్తింపఁగా\nమదనక్రోధకిరాతులందుఁ గని భీమప్రౌఢిచేఁ దాఁకినం\nచెదరుంజిత్తము చిత్తగింపఁగదవే శ్రీకాళహస్తీశ్వరా!	mattebhamu	vruttamu	ధూర్జటి	bhakti	Srikaalahasteeswara
p1439	రోసిందేఁటిది రోఁతలేఁటిది మనోరోగస్థుఁడై దేహి తాఁ\nబూసిందేఁటిది పూఁతలేఁటివి మదాపూతంబులీ దేహంబుల్‌\nమూసిందేఁటిది మూఁతలేఁటివి సదా మూఢత్వమే కాని తాఁ\nజేసిందేఁటిది చేఁతలేఁటివి వృథా శ్రీకాళహస్తీశ్వరా!	saardulamu	vruttamu	ధూర్జటి	bhakti	Srikaalahasteeswara
p1440	అయవారై చరియింపవచ్చుఁ దనపాదాంభోజ తీర్థంబులన్‌\nదయతోఁ గొమ్మనవచ్చు సేవకుని నర్థప్రాణదేహాదుల\nన్నియు నా సొమ్మనవచ్చుఁగాని నరులన్నిందించి నిన్నాత్మ ని\nష్క్రియతం గానఁగరాదు పండితులకున్‌ శ్రీకాళహస్తీశ్వరా!	mattebhamu	vruttamu	ధూర్జటి	bhakti	Srikaalahasteeswara
p1441	మాయాజాండ కరండకోటిఁ బొడిగా మర్దించిరో విక్రమా\nజేయుం గాయజుఁ జంపిరో కపటలక్ష్మీమోహముం బాసిరో\nయాయుర్దాయ భుజంగమృత్యువు ననాయాసంబునన్‌ గెల్చిరో\nశ్రేయోదాయకులౌదు రెట్టులితరుల్‌ శ్రీకాళహస్తీశ్వరా!	saardulamu	vruttamu	ధూర్జటి	bhakti	Srikaalahasteeswara
p1442	చవిగాఁజూడ వినంగ మూర్కొనఁ దనూసంఘర్షణాస్వాద మొం\nద వినిర్మించెదవేల జంతువుల నేతత్క్రీడలే పాతక\nవ్యవహారంబులు సేయనేమిటికి మాయావిద్యచేఁ బ్రొద్దుపు\nచ్చి వినోదింపగఁ దీన నేమిఫలమో శ్రీకాళహస్తీశ్వరా!	mattebhamu	vruttamu	ధూర్జటి	bhakti	Srikaalahasteeswara
p1443	వెనుకంజేసిన ఘోరదుర్దశలు భావింపంగ రోఁతయ్యెడున్‌\nవెనుకన్ముందటవచ్చు దుర్మరణముల్వీక్షింప భీతయ్యెడున్‌\nనను నేఁజూచియు నావిధుల్దలఁచియున్నాకే భయంబయ్యెడుం\nజెనకుంజీకటినాయెఁ గాలమునకున్‌ శ్రీకాళహస్తీశ్వరా!	mattebhamu	vruttamu	ధూర్జటి	bhakti	Srikaalahasteeswara
p1444	మొదలంజేసిన వారి ధర్మములు నిర్మూలంబుగాఁ జేసి దు\nర్మదులై యిప్పుడు వారధర్మములొనర్పం దమ్ము దైవంబు న\nవ్వదె? రానున్న దురాత్ములెల్ల దమ త్రోవంబోవరే యేలచే\nసెదరో మీఁదు దలంచి చూడకధముల్‌ శ్రీకాళహస్తీశ్వరా!	mattebhamu	vruttamu	ధూర్జటి	bhakti	Srikaalahasteeswara
p1445	కాసంతైన సుఖంబొనర్చునొ మనఃకామంబు లీడేర్చునో\nవీసంబైనను వెంటవచ్చునొ జగద్విఖ్యాతిఁ గావించునో\nదోసంబుల్పెడఁబాపునో వలసినందోడ్తో మిముంజూపునో\nఛీ! సంసారదురాశలేలుడుపవో శ్రీకాళహస్తీశ్వరా!	saardulamu	vruttamu	ధూర్జటి	bhakti	Srikaalahasteeswara
p1446	కేదారాదిసమస్త తీర్థములు కోర్కింజూడఁ బోనేఁటికిం\nగాదా ముంగిలి వారణాసి కడుపే కైలాసశైలంబు మీ\nపాదధ్యానము సంభవించునపుడే భావింప నజ్ఞాన ల\nక్ష్మీదారిద్ర్యులుగారె లోకు లకటా! శ్రీకాళహస్తీశ్వరా!	saardulamu	vruttamu	ధూర్జటి	bhakti	Srikaalahasteeswara
p1447	పుడమిన్నిన్నొక బిల్వపత్త్రమున నేఁ బూజించి పుణ్యంబునుం\nబడయన్నేరక పెక్కుదైవములకుం బప్పుల్‌ ప్రసాదంబులుం\nగుడుముల్‌ దోసెలు సారెసత్తులడుకుల్‌ గుగ్గిళ్లునుం బెట్టుచుం\nజెడి యెందుం గొఱగాకపోదురకటా! శ్రీకాళహస్తీశ్వరా!	mattebhamu	vruttamu	ధూర్జటి	bhakti	Srikaalahasteeswara
p1448	విత్తజ్ఞానము పాడుచిత్తము భవావేశంబు రక్షాంబువుల్‌\nమత్తత్త్వంబు తదంకురం బనృతముల్‌ మాఱాకులత్యంత దు\nర్వృత్తుల్‌ పువ్వులు పండ్లు మన్మథ ముఖావిర్భూత దోషంబులుం\nజిత్తాభ్యున్నత నింబభూజమునకున్‌ శ్రీకాళహస్తీశ్వరా!	saardulamu	vruttamu	ధూర్జటి	bhakti	Srikaalahasteeswara
p1449	సంపద్వర్గముఁ బాఱఁదోలి రిపులన్‌ జంకించి యాకాంక్షలన్‌\nదంపుల్వెట్టి కళంకముల్నఱికి బంధక్లేశ దోషంబులం\nజింపుల్చేసి వయోవిలాసములు సంక్షేపించి భూతంబులం\nజెంపల్వేయక నిన్నుఁ గాననగునా? శ్రీకాళహస్తీశ్వరా!	saardulamu	vruttamu	ధూర్జటి	bhakti	Srikaalahasteeswara
p1450	రాజశ్రేణికి దాసులై సిరులఁ గోరం జేరఁగా సౌఖ్యమో\nయీ జన్మంబు తరింపఁజేయఁగల మిమ్మే ప్రొద్దు సేవించు ని\nర్వ్యాజాచారము సౌఖ్యమో తెలియలేరో మానవు ల్బాపరా\nజీజాతాది మదాంధ బుద్ధులగుచున్‌ శ్రీకాళహస్తీశ్వరా!	saardulamu	vruttamu	ధూర్జటి	bhakti	Srikaalahasteeswara
p1451	నిన్నం జూడరొ మొన్నఁజూడరో జనుల్‌ నిత్యంబుఁజావంగ నా\nపన్నుల్గన్న నిధానమయ్యెడి ధనభ్రాంతి న్విసర్జింపలే\nకున్నా రెన్నఁడు నిన్ను గందురిక మర్త్యుల్‌ గొల్వరేమో నిను\nన్చిన్నంబుచ్చక ప్రోవకుండునెడలన్‌ శ్రీకాళహస్తీశ్వరా!	saardulamu	vruttamu	ధూర్జటి	bhakti	Srikaalahasteeswara
p1452	ద్వారద్వారములందుఁ గంచుకిజన వ్రాతంబు దండంబులన్‌\nదోరంతస్స్థలి బగ్గనంబొడుచుచున్‌ దుర్భాషలాడన్మఱిన్‌\nవారింబ్రార్థనచేసి రాజులకు సేవల్సేయగాఁ బోరు ల\nక్ష్మీ రాజ్యంబునుగోరి నీ పరిజనుల్‌ శ్రీకాళహస్తీశ్వరా!	saardulamu	vruttamu	ధూర్జటి	bhakti	Srikaalahasteeswara
p1453	ఊరూరం జనులెల్ల భిక్షమిడరో యుండం గుహల్గల్గవో\nచీరానీకము వీథులందొరకదో శీతామృత స్వచ్ఛవాః\nపూరంబేఱులఁబాఱదో తపసులంబ్రోవంగ నీవోపవో\nచేరంబోవుదురేల రాజుల జనుల్‌ శ్రీకాళహస్తీశ్వరా!	saardulamu	vruttamu	ధూర్జటి	bhakti	Srikaalahasteeswara
p1454	దయ సేయుండని గొందఱాడుదురు నిత్యంబున్నినుంగొల్చుచున్‌\nనియమంబెంతొ ఫలంబునంతియగదా నీవీయ పిండెంతొ యం\nతియకా యెప్పటికిం దళం బశనబుద్ధిం జూడనేలబ్బు స\nత్క్రియలన్నిన్ను భజింప కిష్టసుఖముల్‌ శ్రీకాళహస్తీశ్వరా!	mattebhamu	vruttamu	ధూర్జటి	bhakti	Srikaalahasteeswara
p1455	ఆరావంబుదయించెఁ దారకముగా నాత్మాభ్రవీధిన్మహా\nకారోకారమకార యుక్తమగునోంకారాభిధానంబు చె\nన్నారు న్విశ్వమనంగఁ దన్మహిమచే నా నాదబిందుల్సుఖ\nశ్రీ రంజిల్లఁగడంగు నీవదె సుమీ శ్రీకాళహస్తీశ్వరా!	saardulamu	vruttamu	ధూర్జటి	bhakti	Srikaalahasteeswara
p1456	నీ భక్తుల్పదివేల భంగుల నినున్సేవింపుచున్‌ వేఁడఁగా\nలోభంబేఁటికి వారి కోర్కులు కృపాళుత్వంబుఁనం దీర్పరా\nదా భవ్యంబు దలంచిచూడు పరమార్థంబిచ్చి పొమ్మన్న నీ\nశ్రీ భాండారములోఁ గొఱంతపడునా శ్రీకాళహస్తీశ్వరా!	saardulamu	vruttamu	ధూర్జటి	bhakti	Srikaalahasteeswara
p1457	మొదలన్భక్తులకిచ్చినాఁడవు గదా మోక్షంబు నేఁడేమయా\nముదియంగా ముదియంగఁబుట్టె ఘనమౌ మోహంబు లోభంబున\nన్నది సత్యంబు కృపందలంప వొక పుణ్యాత్ముండు నిన్నాత్మ గొ\nల్చి దినంబున్మొఱవెట్టఁగా గటకటా! శ్రీకాళహస్తీశ్వరా!	mattebhamu	vruttamu	ధూర్జటి	bhakti	Srikaalahasteeswara
p1458	కాలద్వార కవాటబంధనము దుష్కాల ప్రమాణక్రియా\nలీలాజాలక చిత్రగుప్త ముఖవల్మీకోగ్ర జిహ్వాద్భుత\nవ్యాళ వ్యాళవిరోధి మృత్యుముఖదంష్ట్రాహార్య వజ్రంబు ది\nక్చేలాలంకృత! నీదు నామ మరయన్‌ శ్రీకాళహస్తీశ్వరా!	saardulamu	vruttamu	ధూర్జటి	bhakti	Srikaalahasteeswara
p1459	పదివేలైనను లోకకంటకులచేఁ బ్రాపించు సౌఖ్యంబు నా\nమదికిం బథ్యముగాదు సర్వమునకున్‌ మధ్యస్థుఁడై సత్యదా\nన దయాదుల్గల రాజు నా కొసఁగు మెన్నన్వాని నీయట్ల చూ\nచి దినంబున్ముద మొందుదుం గడపటన్‌ శ్రీకాళహస్తీశ్వరా!	mattebhamu	vruttamu	ధూర్జటి	bhakti	Srikaalahasteeswara
p1460	చెడుగుల్‌ కొందఱు కూడి చేయఁగఁ బనుల్‌ చీకట్లు దూఱంగఁ బా\nల్పడితింగాని చరింపరాని నిను నొల్లంజాలుఁ బొమ్మంచు ని\nల్వెడలం ద్రోచినఁజూరువట్టుకొని నే వ్రేలాడుదుం గోర్కిఁగో\nరెడి యర్థంబులు నాకు వే గలుగవో శ్రీకాళహస్తీశ్వరా!	mattebhamu	vruttamu	ధూర్జటి	bhakti	Srikaalahasteeswara
p1461	క్షితిలో దొడ్డతురంగసామజములే చిత్రమ్ము లాందోళికా\nతతులే లెక్క విలాసినీజన సువస్త్రవ్రాత భూషాకలా\nప తనూజాదికమేమి దుర్లభము నీ పాదమ్ము లర్చించుచో\nజితపంకేరుహ పాదపద్మయుగళా శ్రీకాళహస్తీశ్వరా!	mattebhamu	vruttamu	ధూర్జటి	bhakti	Srikaalahasteeswara
p1462	పటవద్రజ్జుభుజంగవద్రజత విభ్రాంతి స్ఫురచ్ఛుక్తివ\nద్ఘటవ చ్చంద్రశిలాజపాకుసుమ రుక్సాంగత్యవత్తంచు వా\nక్పటిమల్నేర్తురు చిత్సుఖంబనుభవింపన్‌ లేక దుర్మేధసుల్‌\nచిటుకన్నం దలపోయఁజూతురధముల్‌ శ్రీకాళహస్తీశ్వరా!	mattebhamu	vruttamu	ధూర్జటి	bhakti	Srikaalahasteeswara
p1463	కరిదైత్యున్బొరిగొన్న శూలము కరగ్రస్తంబుగాదో రతీ\nశ్వరునిన్‌ గాల్చిన ఫాలలోచన శిఖావర్గంబు చల్లాఱెనో\nపరనిందాపరుల న్వధింపవిదియున్‌ భావ్యంబె వారేమి చే\nసిరి నీకున్బరమోపకార మరయన్‌ శ్రీకాళహస్తీశ్వరా!	mattebhamu	vruttamu	ధూర్జటి	bhakti	Srikaalahasteeswara
p1464	తనయుం గాంచి ధనంబు వాడి దివిజస్థానంబు గట్టించి వి\nప్రున కుద్వాహముఁ జేసి సత్కృతికిఁ బాత్రుండై తటాకంబు నే\nర్పునఁ ద్రవ్వించి వనంబు బెట్టి మననీ పోలేఁడు నీ సేవజే\nసిన పుణ్యాత్ముఁడు పోవు లోకమునకున్‌ శ్రీకాళహస్తీశ్వరా!	mattebhamu	vruttamu	ధూర్జటి	bhakti	Srikaalahasteeswara
p1465	నీకుంగాని కవిత్వమెవ్వరికి నేనీనంచు మీఁదెత్తితిన్‌\nజేకొంటిన్‌ బిరుదంబు కంకణము ముంజేగట్టితిం బట్టితిన్‌\nలోకుల్‌ మెచ్చ వ్రతంబు నా తనువుకీలున్‌ నేర్పులుంగావు ఛీ\nఛీ కాలంబుల రీతి దప్పెడు జుమీ శ్రీకాళహస్తీశ్వరా!	saardulamu	vruttamu	ధూర్జటి	bhakti	Srikaalahasteeswara
p1466	దంతంబుల్పడనప్పుడే తనువునన్‌ దార్ఢ్యంబు నున్నప్పుడే\nకాంతాసంఘము రోయనప్పుడె జరాక్రాంతంబు గానప్పుడే\nవింతల్మేనఁ జరించనప్పుడె కురుల్వెల్వెల్ల గానప్పుడే\nచింతింపన్‌వలె నీ పదాంబుజములన్‌ శ్రీకాళహస్తీశ్వరా!	saardulamu	vruttamu	ధూర్జటి	bhakti	Srikaalahasteeswara
p1467	ఊరూరన్‌ బవినీని కాండ్లు కవులై యొక్కొక్కచోఁ గొందఱన్‌\nకేరే మీరును బాణకాదురనుచున్‌ గీతాలు బోధింపఁగా\nసారాసారమెఱుంగలేక మిగులంజౌకయ్యెగా పద్యముల్‌\nజేరంజోటికనేది సత్కవులకున్‌ శ్రీకాళహస్తీశ్వరా!	saardulamu	vruttamu	ధూర్జటి	bhakti	Srikaalahasteeswara
p1468	దొప్పెండెంగిలి దెచ్చియిచ్చినను గండూషాంబుధారావళిన్‌\nదొప్పం దోఁగిన చెప్పుగాల తలపై ద్రొక్కంగ నట్లైనఁ గ\nన్నప్పం బాత్రుని జేసితింతటికి సన్మానంబు దీపింపఁగా\nచెప్పన్నేరము నీ విహార మహిమల్‌ శ్రీకాళహస్తీశ్వరా!	saardulamu	vruttamu	ధూర్జటి	bhakti	Srikaalahasteeswara
p1469	శ్రీ రాముని దయ చేతను\nనారూఢిగ సకల జనులు నౌరా యనఁగా\nధారాళమైన నీతులు\nనోరూఁరఁగ జవులు పుట్ట నుడివెద సుమతీ!	kandamu	jaathi	బద్దెన	niti	Sumathi
p1470	అక్కఱకు రాని చుట్టము\nమ్రొక్కిన వరమీని వేల్పు మోహరమునఁ దా\nనెక్కినఁ బాఱని గుఱ్ఱము\nగ్రక్కున విడువంగ వలయుఁ గదరా సుమతీ !	kandamu	jaathi	బద్దెన	niti	Sumathi
p1471	అడిగిన జీతం బియ్యని\nమిడిమేలపు దొరను గొల్చి మిడుకుట కంటెన్‌\nవడి గల యెద్దులఁ గట్టుక\nమడి దున్నుక బ్రతుక వచ్చు మహిలో సుమతీ!	kandamu	jaathi	బద్దెన	niti	Sumathi
p1472	అప్పుగొని చేయు విభవము\nముప్పునఁ బ్రాయంపుటాలు మూర్ఖుని తపమున్‌\nదప్పరయని నృపురాజ్యము\nదెప్పరమై మీఁదఁ గీడు దెచ్చుర సుమతీ!	kandamu	jaathi	బద్దెన	niti	Sumathi
p1473	ఆఁకలి యుడుగని కుడుపును\nవేఁకటియగు లంజ పడుపు విడువని బ్రతుకున్‌\nబ్రాఁకొన్న నూతి యుదకము\nమేఁకల పాఁడియును రోఁత మేదిని సుమతీ!	kandamu	jaathi	బద్దెన	niti	Sumathi
p1474	ఉడుముండదె నూఱేండ్లును\nబడియుండదె పేర్మిఁ బాము పదినూఱేండ్లున్‌\nమడువునఁ గొక్కెర యుండదె\nకడు నిలఁ బురుషార్థపరుఁడు గావలె సుమతీ!	kandamu	jaathi	బద్దెన	niti	Sumathi
p1475	ఉదకము ద్రావెడు హయమును\nమదమున నుప్పొంగుచుండు మత్తేభంబున్‌\nమొదవు కడనున్న వృషభముఁ\nజదువని యా నీచుఁ జేరఁ జనకుర సుమతీ!	kandamu	jaathi	బద్దెన	niti	Sumathi
p1476	ఉపకారికి నుపకారము\nవిపరీతము గాదు సేయ వివరింపంగా\nనపకారికి నుపకారము\nనెపమెన్నక సేయువాఁడు నేర్పరి సుమతీ!	kandamu	jaathi	బద్దెన	niti	Sumathi
p1477	ఏఱకుమీ కసుగాయలు\nదూఱకుమీ బంధుజనుల దోషము సుమ్మీ\nపాఱకుమీ రణమందున\nమీఱకుమీ గురువులాజ్ఞ మేదిని సుమతీ!	kandamu	jaathi	బద్దెన	niti	Sumathi
p1478	ఒల్లని సతి నొల్లని పతి\nనొల్లని చెలికాని విడువ నొల్లని వాఁడే\nగొల్లండు కాక ధరలో\nగొల్లండును గొల్లఁడౌనె గుణమున సుమతీ!	kandamu	jaathi	బద్దెన	niti	Sumathi
p1479	కడు బలవంతుండైనను\nబుడమినిఁ బ్రాయంపుటాలిఁ బుట్టినయింటన్‌\nదడవుండ నిచ్చెనేనియుఁ\nబడుపుగ నంగడికిఁ దానె పంపుట సుమతీ!	kandamu	jaathi	బద్దెన	niti	Sumathi
p1480	కసుగాయఁ గఱచి చూచిన\nమసలక దనయొగరు గాక మధురంబగునా?\nపసగలుగు యువతు లుండగఁ\nబసిబాలలఁ బొందువాఁడు పసరము సుమతీ!	kandamu	jaathi	బద్దెన	niti	Sumathi
p1481	కాదుసుమీ దుస్సంగతి\nపోదుసుమీ కీర్తికాంత పొందినపిదపన్‌\nవాదుసుమీ యప్పిచ్చుట\nలేదుసుమీ సతులవలపు లేశము సుమతీ!	kandamu	jaathi	బద్దెన	niti	Sumathi
p1482	కూరిమిగల దినములలో\nనేరము లెన్నఁడును గలుగ నేరవు మఱి యా\nకూరిమి విరసంబైనను\nనేరములే తోఁచుచుండు నిక్కము సుమతీ!	kandamu	jaathi	బద్దెన	niti	Sumathi
p1483	కొక్కోకమెల్లఁ జదివినఁ\nజక్కనివాఁడైన రాజ చంద్రుండైనన్‌\nమిక్కిలి రొక్కంబీయక\nచిక్కదురా వారకాంత సిద్ధము సుమతీ!	kandamu	jaathi	బద్దెన	niti	Sumathi
p1484	కోమలి విశ్వాసంబును\nబాములతోఁ జెలిమి యన్యభామల వలపున్‌\nవేముల తియ్యఁదనంబును\nభూమీశుల నమ్మికలును బొంకుర సుమతీ!	kandamu	jaathi	బద్దెన	niti	Sumathi
p1485	తడవోర్వక యొడలోర్వక\nకడువేగం బడచిపడినఁ గార్యంబగునే\nతడవోర్చిన నొడలోర్చినఁ\nజెడిపోయిన కార్యమెల్లఁ జేకుఱు సుమతీ!	kandamu	jaathi	బద్దెన	niti	Sumathi
p1486	తన వారు లేని చోటను\nజనువించుక లేని చోట జగడము చోటన్‌\nఅనుమానమైన చోటను\nమనుజునకును నిలువఁదగదు మహిలో సుమతీ!	kandamu	jaathi	బద్దెన	niti	Sumathi
p1487	ధీరులకుఁ జేయు మేలది\nసారంబగు నారికేళ సలిలము భంగిన్‌\nగౌరవమును మఱి మీఁదట\nభూరి సుఖావహము నగును భువిలో సుమతీ!	kandamu	jaathi	బద్దెన	niti	Sumathi
p1488	నమ్మకు సుంకరి జూదరి\nనమ్మకు మగసాలివాని నటు వెలయాలిన్‌\nనమ్మకు మంగడివానిని\nనమ్మకుమీ వామహస్తు నవనిని సుమతీ!	kandamu	jaathi	బద్దెన	niti	Sumathi
p1489	నరపతులు మేరఁ దప్పినఁ\nదిర మొప్పగ విధవ యింటఁ దీర్పరియైనన్‌\nగరణము వైదికుఁడయినను\nమరణాంతకమౌను గాని మానదు సుమతీ!	kandamu	jaathi	బద్దెన	niti	Sumathi
p1490	నవరస భావాలంకృత\nకవితా గోష్ఠియును మధుర గానంబును దా\nనవివేకి కెంతఁ జెప్పినఁ\nజెవిటికి సంకూదినట్లు సిద్ధము సుమతీ!	kandamu	jaathi	బద్దెన	niti	Sumathi
p1491	పతికడకుఁ దన్నుగూర్చిన\nసతికడకును వేల్పుకడకు సద్గురుకడకున్‌\nసుతుకడకు రిత్తచేతుల\nమతిమంతులు చనరు నీతి మార్గము సుమతీ!	kandamu	jaathi	బద్దెన	niti	Sumathi
p1492	పరనారీసోదరుఁడై\nపరధనముల కాసపడక పరులకు హితుఁడై\nపరులు దనుఁ బొగడ నెగడియు\nపరులలిగిన నలుగనతఁడు పరముఁడు సుమతీ!	kandamu	jaathi	బద్దెన	niti	Sumathi
p1493	పరసతి కూటమిఁ గోరకు\nపరధనముల కాసపడకు పరునెంచకుమీ\nసరిగాని గోష్ఠి సేయకు\nసిరి చెడిఁ జుట్టంబుకడకుఁ జేరకు సుమతీ!	kandamu	jaathi	బద్దెన	niti	Sumathi
p1494	పరసతుల గోష్ఠినుండిన\nపురుషుడు గాంగేయుఁడైన భువి నిందబడున్‌\nబరసతి సుశీలయైనను\nబరుసంగతి నున్న నిందపాలగు సుమతీ!73	kandamu	jaathi	బద్దెన	niti	Sumathi
p1495	పాలసునకైన యాపద\nజాలింబడి తీర్పఁదగదు సర్వజ్ఞునకున్‌\nదేలగ్నిఁ బఁడగఁ బట్టిన\nమేలెఱుఁగునె మీటుఁగాక మేదిని సుమతీ!	kandamu	jaathi	బద్దెన	niti	Sumathi
p1496	పిలువని పనులకుఁ బోవుట\nకలయని సతిరతియు రాజుగానని కొలువున్‌\nబిలువని పేరంటంబును\nవలవని చెలిమియును జేయవలదుర సుమతీ!	kandamu	jaathi	బద్దెన	niti	Sumathi
p1497	పురికిని బ్రాణము కోమటి\nవరికిని బ్రాణంబు నీరు వసుమతి లోనన్‌\nగరికిని బ్రాణము తొండము\nసిరికిని బ్రాణంబు మగువ సిద్ధము సుమతీ!	kandamu	jaathi	బద్దెన	niti	Sumathi
p1498	పెట్టిన దినములలోపల\nనట్టడవులకైన వచ్చు నానార్థములున్‌\nబెట్టని దినములఁ గనకపు\nగట్టెక్కిన నేమి లేదు గదరా సుమతీ!	kandamu	jaathi	బద్దెన	niti	Sumathi
p1499	బంగారు కుదువఁ బెట్టకు\nసంగరమునఁ బాఱిపోకు సరసుఁడవైనన్‌\nనంగడి వెచ్చము లాడకు\nవెంగలితోఁ జెలిమి వలదు వినురా సుమతీ!	kandamu	jaathi	బద్దెన	niti	Sumathi
p1500	మంత్రిగలవాని రాజ్యము\nతంత్రము చెడకుండ నిలచుఁ దఱచుగ ధరలో\nమంత్రివిహీనుని రాజ్యము\nజంత్రపుఁ గీలూడినట్లు జరుగదు సుమతీ!	kandamu	jaathi	బద్దెన	niti	Sumathi
p1501	వినఁదగు నెవ్వరు సెప్పిన\nవినినంతనె వేగపడక వివరింపఁదగున్‌\nగని కల్ల నిజముఁ దెలిసిన\nమనుజుఁడె పో నీతిపరుఁడు మహిలో సుమతీ!	kandamu	jaathi	బద్దెన	niti	Sumathi
p1502	వీడెము సేయని నోరును\nజేడెల యధరామృతంబుఁ జెందని నోరున్‌\nబాడంగరాని నోరును\nబూడిద కిరవైన పాడు బొందర సుమతీ.	kandamu	jaathi	బద్దెన	niti	Sumathi
p1503	వెలయాలివలనఁ గూరిమి\nగలుగదు మఱిఁ గలిగెనేని కడతేరదుగా\nపలువురు నడిచెడు తెరువునఁ\nబులు మొలవదు మొలిచెనేని బొదలదు సుమతీ!	kandamu	jaathi	బద్దెన	niti	Sumathi
p1504	శుభముల నొందని చదువును\nనభినయమును రాగరసము నందని పాటల్‌\nఅభిలాష లేని కూటమి\nసభమెచ్చని మాటలెల్లఁ జప్పన సుమతీ!	kandamu	jaathi	బద్దెన	niti	Sumathi
p1505	మేలెంచని మాలిన్యుని\nమాలను నగసాలివాని మంగలి హితుగా\nనేలిన నరపతి రాజ్యము\nనేలఁ గలసిపోవుఁగాని నెగడదు సుమతీ.	kandamu	jaathi	బద్దెన	niti	Sumathi
p1506	మది నొకని వలచియుండఁగ\nమది చెడి యొక క్రూరవిటుఁడు మానక తిరుగున్‌\nఅది చిలుకఁ బిల్లిపట్టినఁ\nజదువునె యాపంజరమున జగతిని సుమతీ.	kandamu	jaathi	బద్దెన	niti	Sumathi
p1507	శ్రీలలరంగఁ జంద్రకళ చెల్వున లేనునునవ్వువెన్నెలల్\nగీలుకొనంగ నంగజశిలీముఖరీతిఁ జెలంగుచున్న నీ\nలీల కనుంగొనంగ నవలీల నఖండసమస్తభూతలం -\nబేలినకన్న సౌఖ్యమని యెంతుఁ జుమా మది సుందరీమణీ!	vutpalamaala	vruttamu	గోగులపాటి కూర్మనాథకవి	srngara	Sundariimani
p1508	నినుఁ దొలునాఁటికూటమిని నేరుపుఁతో జెలులెల్ల మెల్లమె-\nల్లనె పడకింటిలోని కొకలాగునఁ దెచ్చిననాఁటి సిగ్గుతో\nనెనసిన యోరచూపులిఁక నేమననాఁటను గల్వదండలో\nయన వెలుఁగొందె నేఁటి కెదనంటిన ముల్కులు సుందరీమణీ!	champakamaala	vruttamu	గోగులపాటి కూర్మనాథకవి	srngara	Sundariimani
p1509	సరసములాడు నేర్పు కనుసైగలు సేసెడు నేర్పు నా మనం-\nబెఱిఁగెడు నేర్పు నెమ్మది నొకించుక గోపము సేయు నేర్పు క్ర-\nమ్మఱ మురిపెంబుతోడ బ్రతిమాలెడు నేర్పు మనోజకేళిలోఁ\nగరఁగెడు నేర్పు నీకె తగుఁగాదె తలంపఁగ సుందరీమణీ!	champakamaala	vruttamu	గోగులపాటి కూర్మనాథకవి	srngara	Sundariimani
p1510	పాపటదీర్చి నెన్నొసటిపై నునుపై యసియాడు చేయుచు-\nక్కాపయిఁ గూర్చి గుబ్బలనొయారపు జాఱుపయంట చేర్చి వాల్\nజూపుల నాదు మానసము చూఱఁగొనన్ సొగసైన రత్నపుం\nదీపములాగ నా యెదుర నిల్చుట యెన్నడొ సుందరీమణీ!	vutpalamaala	vruttamu	గోగులపాటి కూర్మనాథకవి	srngara	Sundariimani
p1511	క్రొమ్ముడివీడ గబ్బిచనుగుబ్బల పేరులు చింద నత్తుము-\nత్యమ్ము చలింపఁ గేలు కడియమ్ముల చప్పుడు లుప్పతిల్ల లేఁ\nజెమ్మట మేను గ్రమ్మ మగఁసేతలు సేయుచు మోవితేనె తే-\nతెమ్మని చెక్కు గొట్టుదువె, దిట్టతనమ్మున సుందరీమణీ!	vutpalamaala	vruttamu	గోగులపాటి కూర్మనాథకవి	srngara	Sundariimani
p1512	పదకటకంబు ఘళ్లురనఁ బైకిఁ జివాలున వ్రాలి గుబ్బలుం\nగదుములు కట్ట ఱొమ్మదిమి గంటుగవాతెఱ నొక్కి మైగగు-\nర్పొదవఁగఁ బయ్యెఁదం జెమటలొత్తుచుఁ గేరుచుఁ గ్రిందుమీదుగాఁ\nబొదువుచు నీవె నన్ గవయు పోడుములెన్నఁడు సుందరీమణీ!	champakamaala	vruttamu	గోగులపాటి కూర్మనాథకవి	srngara	Sundariimani
p1513	అలిగినవేళనైన మొగమారసి నవ్వక మానలేవు కౌఁ-\nగిలి వదలంగలేవు తమిగీల్కొనఁగా నిదురించునప్పుడుం\nగలయికనైన నే నలయఁగా గని పైకొన కోర్వలేవు, నీ\nచెలిమి దలంచి, యే కరణిఁ జెందెద ధైర్యము సుందరీమణీ!	champakamaala	vruttamu	గోగులపాటి కూర్మనాథకవి	srngara	Sundariimani
p1514	తళుకుల దొంతి! పూవిలుతుదంతి! కడాని శలాక! కెంపురా-\nమొలక! మెఱుంగుఁదీవ! నునుముత్తెమ! చక్కఁదనాలకుప్ప! యొ-\nప్పులగని! ముద్దుగుమ్మ! యని పొంగుచు నే వెయినోళ్లచేత నీ\nచెలువము మెచ్చికొందుఁ దమి చిత్తములోపల సుందరీమణీ!	champakamaala	vruttamu	గోగులపాటి కూర్మనాథకవి	srngara	Sundariimani
p1515	బంగరుతీఁగెవంటి మెయి పట్టెఁడు గుబ్బలు, చేరెఁ డేసి క-\nన్నుంగలువల్ కనన్ మినుమినుక్కను కౌన్ బలుమేల్‍పిఱుందు జం-\nకుం గళలుల్లసిల్ల నిటకున్ సిరిచుక్క యనంగ వచ్చి మా\nముంగల నిల్చుటెన్నఁడొకొ ముచ్చట దీరఁగ సుందరీమణీ!	vutpalamaala	vruttamu	గోగులపాటి కూర్మనాథకవి	srngara	Sundariimani
p1516	తల లొకయింత యెత్తి నునుదళ్కులుపై వెదజల్లి గొంటుపోఁ\nకలవలెనుండి బంతులయి గట్టితనంబున కౌళ్లుగట్టి చెం-\nతల నెఱనిండె నాంతరసుధాకలశంబులఁ గేరు నీ కుచం-\nబులఁ బవళించి, నేఁ దనివి పొందుట యెన్నఁడొ సుందరీమణీ!	champakamaala	vruttamu	గోగులపాటి కూర్మనాథకవి	srngara	Sundariimani
p1517	చెలఁగి కికాకిక న్నగుచుఁ జిల్కలమంచముమీఁదఁ గేరుచున్\nగులుకుమెఱుంగుగబ్బిచనుగుబ్బ లురమ్మునఁ గూర్చి రేపవల్\nతెలియక యుండువేళ సుదతీ! నిను నన్నెడబాపినట్టి యా\nనలువకుఁ బూజ లేదుగద! నాఁటికి నేటికి, సుందరీమణీ!	champakamaala	vruttamu	గోగులపాటి కూర్మనాథకవి	srngara	Sundariimani
p1518	చిలుకలకొల్కి! నీ నగవుచిల్కెడు నెమ్మొగ మొక్కమాఱు క-\nన్నులఁ గనుఁగొన్ననాఁడు మదనుండు ననుం గరుణించుగాక! యో\nచెలి, నినుఁ బాసి వ్యర్థగతిఁ జెందిననాఁ డకటా! మరుండు కే-\nవలమతి కర్కశాస్త్రముల వంచును నొంచును సుందరీమణీ!	champakamaala	vruttamu	గోగులపాటి కూర్మనాథకవి	srngara	Sundariimani
p1519	సొలయక నీవు పౌరుషముఁ జూపుచుఁ గంతురణం బొనర్ప నే-\nనలకలు గోళదువ్వి, తెలనాకుల చుట్టలొసంగి, తాని పు-\nవ్వుల సురటీల వీవ, నునుపుంగవు నల్లన బిగ్గఁబట్టి, నీవు యిం-\nపులఁ బరిచర్య సేఁత దలపోయుదొ లేదొకొ సుందరీమణీ!	champakamaala	vruttamu	గోగులపాటి కూర్మనాథకవి	srngara	Sundariimani
p1520	నేటికి నిండె నా తపము నిక్కమటంచు సుఖించి యుంటి, స-\nయ్యాటల నాటపాటల నొయారపుదేటల ముద్దుమాటలన్\nగూటమి నేలు నిన్నుఁ గని కోమలి! నిన్నెడబాసి యుంటి నీ-\nనాఁటికి నేది మున్నెడ నొనర్చితినో యిట సుందరీమణీ!	vutpalamaala	vruttamu	గోగులపాటి కూర్మనాథకవి	srngara	Sundariimani
p1521	బహుతరలజ్జఁ గన్ను లొక పాళముగా ముకుళించి, నీ యురో-\nరుహముల నీవిపైఁ గరసరోజములుంచి, తొడల్ బిగించ నే\nరహి వలువెల్లఁ బాపఁగఁ బిరాలునఁ దొల్తటికూటమిన్ స్వయం-\nగ్రహణ మొనర్చినట్టి యుపకారిణి వౌదువె సుందరీమణీ!	champakamaala	vruttamu	గోగులపాటి కూర్మనాథకవి	srngara	Sundariimani
p1522	అందెల నాదు చొప్పణఁచి, యల్లన మెల్లన వచ్చి కేళికా-\nమందిరశయ్య నిద్ర గనుమాడ్కి వసించిన నాదు చెక్కులిం-\nపొందఁగ ముద్దు పెట్టుకొనుచుండఁగ నేఁ జిఱునవ్వు నవ్వ, ల-\nజ్జం దగు నిన్ను గేళి నెకసక్కెము చేయుదు సుందరీమణీ!	vutpalamaala	vruttamu	గోగులపాటి కూర్మనాథకవి	srngara	Sundariimani
p1523	ఎటులిఁకఁ దెల్లవాఱె సెలవీయర నీదు కరంబు నాదు సం-\nదిట నిడినావు నా పదము నీ పదమున్ మెలవైచి తేమొకో\nచిటిపొటిచేత చేసెదవె! సిగ్గుల చేటిపు డేమటంచుఁ గౌఁ-\nగిటఁ బతిమాలు నిన్ బలిమిఁ గేళి యొనర్తును సుందరీమణీ!	champakamaala	vruttamu	గోగులపాటి కూర్మనాథకవి	srngara	Sundariimani
p1524	చెమ్మటనంటు ముంగురులు చిందిన కస్తురిబొట్టు నిద్దురం\nగ్రమ్మెడు కన్నులున్ జెదరు కాటుకయున్ నెలవంకలున్ వినో-\nదమ్మగు తళ్కుఁజెక్కులు రదక్షతలక్షితమైన మోవిచే\nనిమ్మగు నీ మొగంబు గనుటెన్నఁడు ప్రొద్దున సుందరీమణీ!	vutpalamaala	vruttamu	గోగులపాటి కూర్మనాథకవి	srngara	Sundariimani
p1525	వాడిన మోముతోఁ దొగరువాతెఱఁ బలుగెంపుగుంపుతో\nవీడిన కొప్పుతో సొలపువింతలతో ననుఁ బాసిఁపోవఁ గా-\nళ్లాడనియట్లు తొట్రువడు నందపు నెన్నడతోడఁ బ్రొద్దునన్\nవేడుకఁ గేళిమందిరము వెల్వడుచుందువు సుందరీమణీ!	vutpalamaala	vruttamu	గోగులపాటి కూర్మనాథకవి	srngara	Sundariimani
p1526	సోయగ ముప్పతిల్ల ననుఁ జూచి కిసాలున నవ్వి లేచి, రా-\nరా! యని కౌగిలింపుచుఁ బిరాలున శయ్యకు వ్రాలి గుబ్బలన్\nనా యురమాని మోవి రదనంబున నొక్కుచుఁ జొక్కిచొక్కి యూ-\nహూ! యని సైఁగ నన్ బలుకకుండ నదల్తువె సుందరీమణీ!	vutpalamaala	vruttamu	గోగులపాటి కూర్మనాథకవి	srngara	Sundariimani
p1527	పాయఁగలేని మోహమున బంతులవంటి కుచద్వయంబు చే-\nదోయి నమర్చి, కేళితమి తోరపుఁ గామశతాంగచక్రపుం\nజాయలపైకి దొర్లి నను శయ్యకు వ్రాల్చి పరాకటంచు వీ-\nరాయితలీల మెచ్చుగొను నద్భుతశీలవె సుందరీమణీ!	vutpalamaala	vruttamu	గోగులపాటి కూర్మనాథకవి	srngara	Sundariimani
p1528	మించెడు వేడ్కఁ బైకొని రమించెడుచోఁ గటిమీఁద వేణి న-\nర్తించుట యొప్పు రాచిలుకతేజిమనోజుఁడు చౌపటాలి ద్రొ-\nక్కించుచుఁ జిత్రభంగి దుమికింపుచు నీలకశాహతిం దుటా-\nయించిన లాగు నా సొగసు లెన్నఁగ శక్యమే, సుందరీమణీ!	vutpalamaala	vruttamu	గోగులపాటి కూర్మనాథకవి	srngara	Sundariimani
p1529	మోహముమీఱఁ బంచశరుమోహర మొగ్గినవేళఁ గుల్కు నీ\nసాహస మేమనన్ బయికిఁ జంగున దాఁటి చెలంగి కేళిలో\nనీ హొనరెల్ల నేర్పఱుపు నేర్పరి వౌదువు విస్ఫురద్వరా-\nరోహ యటన్న పేరు దగు రూఢిగ నీయెడ సుందరీమణీ!	vutpalamaala	vruttamu	గోగులపాటి కూర్మనాథకవి	srngara	Sundariimani
p1530	జడ కటి సంచరింప, బురుసాపనిచీరె పయిన్ మెఱుంగుపా-\nవడ తళుకుల్ నటింప, బిగివట్రువగుబ్బల రత్నహారముల్\nతడఁబడి సందడింప, మరుతంత్రము లందియ లుగ్గడింపఁగాఁ,\nబడకకు వచ్చు నీ సొబగు భావముఁ బాయదు సుందరీమణీ!	champakamaala	vruttamu	గోగులపాటి కూర్మనాథకవి	srngara	Sundariimani
p1531	నీ కడకంటి చూపు, బలునిద్దపు నీ చనుదోయి ప్రాపు, నన్\nబైకొను కోపు, నీ జిలుగుబంగరు మై నునుతాపు, నీ సుధా-\nస్తోక రదాంశుకంబు చవి చూపు, దయామతి దాపు, నీవే నన్\nజేకొను కోపు లేక గడెసేపు రుచించదు సుందరీమణీ!	vutpalamaala	vruttamu	గోగులపాటి కూర్మనాథకవి	srngara	Sundariimani
p1532	కోపము మానవే, నెనరుగూర్చిన చల్లనిచూపువెన్నెలల్\nనాపయిఁ జల్లవే చలము నాయమె బిగ్గఱఁ గౌఁగిలింపవే\nయో పువుఁబోఁడి! యో రమణి! యో చెలి! నీ యధరామృతంబునం\nదాపము దీర్చవే యనుచుఁ దద్దయుఁ బల్కుదు సుందరీమణీ!	vutpalamaala	vruttamu	గోగులపాటి కూర్మనాథకవి	srngara	Sundariimani
p1533	ఇంచుక నొక్కనాఁడు పడకింట సమున్నతదర్పణాప్తి నై-\nజాంచితమూర్తిఁ గన్గొని పరాంగనలౌ యని యల్గిపోవ వా-\nరించుచు నీడఁజూచి బెదరేవని నవ్వుచు మోము ద్రిప్పి నీ-\nక్షించుమనన్ గ్రహించి దయ సేతువుగా నను సుందరీమణీ!	vutpalamaala	vruttamu	గోగులపాటి కూర్మనాథకవి	srngara	Sundariimani
p1534	పలుచనిమేనితోఁ జిలుకపల్కులతోఁ జిఱునవ్వుమోముతో\nకులుకుకడానిడాల్‍పొగరుగుబ్బలతో నసియాడుకౌనుతో\nబలువుపిఱుందుతోఁ దరుణపల్లవజిచ్చరణద్వయంబుతో\nతమము చెంత నిల్చి పరితాపము దీర్పవె సుందరీమణీ!	champakamaala	vruttamu	గోగులపాటి కూర్మనాథకవి	srngara	Sundariimani
p1535	కిలకిల నవ్వు నవ్వి, గిలిగింతలు వింతలు చేసిచేసి, గు-\nబ్బల నెద గ్రుమ్మిక్రుమ్మి, నునుపల్మొనవాతెఱ నొక్కినొక్కి, రా-\nచిలుకహుమావజీరు విలసిల్లు లడాయి బడాయి చూపు నిన్\nదలఁచిన గుండెలో దిగులు దైవమెఱుంగును సుందరీమణీ!	champakamaala	vruttamu	గోగులపాటి కూర్మనాథకవి	srngara	Sundariimani
p1536	కొదమమిటారిచన్నుఁగవ గొప్పపిఱుందు మెఱుంగుఁజెక్కు లొ-\nప్పిదమగు కన్ను లబ్బురపుఁ బెన్నెఱు లొప్ప వయఃప్రపూర్ణమై\nమదనునిదంతిలాగు నను మక్కువ దక్కఁ బెనంగుచుండు నిన్\nవదలఁకయున్న నబ్బు వహవా సహవాసము సుందరీమణీ!	champakamaala	vruttamu	గోగులపాటి కూర్మనాథకవి	srngara	Sundariimani
p1537	చనుగవ మున్ను నొక్కుదునొ చక్కని చెక్కిలి ముద్దుగొందునో\nమును నునుమోవి గ్రోలుదునొ? తొల్తఁ గవుంగిట జేర్చుకొందునో\nయని యనురాగమొంది మనసారగ నువ్విళులూరుచుండఁగాఁ\nదనువులు రెండు నొక్కటగఁ దార్కొనఁజేతువె సుందరీమణీ!	champakamaala	vruttamu	గోగులపాటి కూర్మనాథకవి	srngara	Sundariimani
p1538	చిత్తము రంజిలంగ నల చిత్తజుపట్టపుదంతివై ???\nవత్తువు వచ్చి చిత్రితమ??? యిబ్బడి నుండెడు నన్ను కేళిలో\nమెత్తువొ మెచ్చి నా సొలపు మేన్ వెదదీరగ మోవినానకన్\nబిత్తువొ, నీ ఋణంబు లిక యెన్నడు దీర్తును సుందరీమణీ!	vutpalamaala	vruttamu	గోగులపాటి కూర్మనాథకవి	srngara	Sundariimani
p1539	మంతనమంచు వచ్చి పలుమారు కపోలము చుంబనంబు గా-\nవింతువె పువ్వుదండ మెడవేసెదనంచు నురంబునందు నా-\nటింతువె చన్మొ... ... ... ... ... ... ... ... రదంబు మోవి సం-\nధింతువె నీ వినోదము నుతింపగ శక్యమే సుందరిమణీ!	vutpalamaala	vruttamu	గోగులపాటి కూర్మనాథకవి	srngara	Sundariimani
p1540	... ... ... ... వత్తు నలివేణి దయన్ ... ... మ్మటంచు మో-\nహమ్మున కౌఁగలించుకొన నక్కున జేర్చి ... ... .. ... ... ...\n... ... ... సిల్లుగతి కన్నుల నశ్రులు కమ్మ ... ... ... ... ... ...\n... ... .. ... ... ... ... ... ... దైన్యము లెంచుదు సుందరీమణీ!	vutpalamaala	vruttamu	గోగులపాటి కూర్మనాథకవి	srngara	Sundariimani
p1541	కనకపుబొమ్మ నిన్ను కను కన్నులు కన్నులు, నీదు చాతురీ-\nవినయవచోగతుల్ వినెడు వీనులు వీనులు, నీ తనూలతం\nబెనగెడు మేను మేను, తమి నిన్నెపుడున్ మరుకేళిలోన రం-\nజన మొనరించకాఁ గలుగు జన్మము జన్మము సుందరీమణీ!	champakamaala	vruttamu	గోగులపాటి కూర్మనాథకవి	srngara	Sundariimani
p1542	కులుకుచుఁ గేళిసౌధమునకున్ వెస నీ వరుదెంచి, నాదు క-\nన్నులు వడిమూయ నే నిను గనుంగొను లాగు మోము గు-\nబ్బలు వళులుల్కవేసి పిరుదు పల్మరు నంటుచు నీవె లాగినన్\nభళిభళి! యంచు నవ్వుదువు పక్కను పైఁబడి సుందరీమణీ!	champakamaala	vruttamu	గోగులపాటి కూర్మనాథకవి	srngara	Sundariimani
p1543	మదనుఁడు డాసెఁ బూవిలుతు మర్మములంటఁగ నేసె నక్కటా\nహృదయము దూసె దానిపయి నిందుఁడు వెన్నెలఁ గాసెఁ గోకిలల్\nచెదరక కూసెఁ జిల్క రొఁద చేసె నళుల్ వడి మ్రోసె నెట్టులో-\nర్చెద విధి నిన్ను నన్నెడలఁజేసె దురాత్మత సుందరీమణీ!	champakamaala	vruttamu	గోగులపాటి కూర్మనాథకవి	srngara	Sundariimani
p1544	హా తరళాక్షి! హా రమణి! హా చెలి! నీవును నేను మేడలోఁ\nగౌతుకమందు నున్‍హవుసు ఖానపు వారము చింద మల్లికా-\nనూతనశయ్యపై మరువినోదములొందు మజా దలంచితే\nరాతిరి కంటికిన్ నిదురరాదిక నెట్లొకొ సుందరీమణీ!	vutpalamaala	vruttamu	గోగులపాటి కూర్మనాథకవి	srngara	Sundariimani
p1545	ముద్దులగుమ్మ! నీ కులుకు ముద్దుమొగం బిటువంటిదంచు నే-\nనద్దముఁ జూచుకొందు కమలాఖ్యఫలంబులు చేతనుంతు నీ\nనిద్దపుఁ జంటిపోలికని నీ యధరోపమమంచుఁ గొందు నం-\nచద్దయఁ దీయమామిడిరసం బొకగ్రుక్కెడు సుందరీమణీ!	vutpalamaala	vruttamu	గోగులపాటి కూర్మనాథకవి	srngara	Sundariimani
p1546	దీపములున్ మతాబులును దివ్వటులున్ కొరవియున్ శశాంకుడున్\nదీపితులై వెలింగినను నీమెయి వెన్నెల నీ యొయారపుం\nజూపు మెఱుంగు తామరల సొంపును గన్గొనకున్నఁ జిత్తవి-\nక్షేపమునొంది రేపగలు చీకటియౌఁ గదె సుందరీమణీ!	vutpalamaala	vruttamu	గోగులపాటి కూర్మనాథకవి	srngara	Sundariimani
p1547	భావము పల్లవింపఁ బువుబానుపుపై వసియించి వేడుకన్\nనీవును నేను ముచ్చటలు నేరుపుమీఱఁగ నాడుకొంచు నెం-\nతో వగమీఱ మించుతమితో నెపుడుంటిమొ యా దినంబులిం-\nకేవిధి వచ్చునో తెలియదే మది కిప్పుడు సుందరీమణీ!	vutpalamaala	vruttamu	గోగులపాటి కూర్మనాథకవి	srngara	Sundariimani
p1548	కాంతుని తీవ్రబాణముల కాకకుఁ దాళగలేక నీవె నే-\nనింత తపింప నేపయిన నింపగు కల్పన జేసె బ్రహ్మ క-\nల్పాంతసహస్రకల్పనములయ్య ... ... లక్కటక్కటా\nయెంతని యోర్తు ... ... లేదు నేమి యొనర్తును సుందరీమణీ!	vutpalamaala	vruttamu	గోగులపాటి కూర్మనాథకవి	srngara	Sundariimani
p1549	నీ కటిపెంపుచేత ధరణీతలమున్ వశమయ్యె కోమలీ\nనీ కుచకుంభయుగ్మమున నిర్జితమయ్యె సురాలయం బహో\nచేకొనఁగల్గె నీదు జడచే నహిధామము నిన్నుఁ గూడి ము-\nల్లోకము లేలినట్లు మదిలో ముదమందుదు సుందరీమణీ!	vutpalamaala	vruttamu	గోగులపాటి కూర్మనాథకవి	srngara	Sundariimani
p1550	అంగన నన్నుఁ గూడి చతురంగములాడఁగ నోరఁజూపు క-\nన్నుంగవ నీటుపొంగెడు చనుంగవ నీటుమెఱుంగు చక్కటిన్\nసంగతినుంచు హస్తజలజాతము నీటఁ దలంచుకొన్న న-\nన్నంగజుఁ డీరుబారుగ సుమాసిని వ్రేసెడు సుందరీమణీ!	vutpalamaala	vruttamu	గోగులపాటి కూర్మనాథకవి	srngara	Sundariimani
p1551	పంతము మీఱ నీదు చనుబంతుల ప్రాపున లెక్కసేయఁ గొం-\nడంతటి కార్యమైన భవదంచితసాంద్రకటాక్షయుక్తి కే\nకంతుని బాణపంక్తి నట కట్లను గట్టుదు నీదు పల్కు వి-\nన్నంతనె యింద్రుఁడైన గణనా యనుకొందును సుందరీమణీ!	vutpalamaala	vruttamu	గోగులపాటి కూర్మనాథకవి	srngara	Sundariimani
p1552	వెలదిరొ! కొంతసిగ్గు విడివీడని కాలమునందుఁ గేళి నే\nచెలఁగుచుఁ బూరుషాయితము చేయుమటన్న నెఱుంగనంచు లోఁ\nగులుకుచునున్న బాహువులు గొబ్బునఁ జేకొని పైకి లాగి, చె-\nక్కిలి గిలిగింతగొల్పి యుబికించుట యెంతును సుందరీమణీ!	champakamaala	vruttamu	గోగులపాటి కూర్మనాథకవి	srngara	Sundariimani
p1553	చెలఁగుచు జాఫరారసపుఁ జిమ్మనగ్రోవులఁ జిమ్ములాట డా-\nల్కలరతనాలమేడగదులం గడు దాఁగుడుమూతలాట వే-\nడ్కలఁ దగు గంజిఫాట, సొగటాల్ చదరంగములాట మున్నుగా\nనలరెడు నన్ని చోద్యములు నాడుదుమో తమి సుందరీమణీ!	champakamaala	vruttamu	గోగులపాటి కూర్మనాథకవి	srngara	Sundariimani
p1554	కపురపుఁ దావి గుబ్బలను గల్పగుళుచ్ఛములిచ్చి, మాటలో\nనపరిమితామృతం బొసఁగి యబ్బురపున్ సురతాప్తి గూర్చి సౌ-\nఖ్యపురతి సొంపుగొల్పు నిను నక్కడనే కనుఱెప్ప వేయ కె-\nల్లపుడును జూడకుండ నహహా! విధి చేసెను సుందరీమణీ!	champakamaala	vruttamu	గోగులపాటి కూర్మనాథకవి	srngara	Sundariimani
p1555	చిలుకకు నాదు పేర విలసిల్లెడు పద్యము చెప్పుచుండ నా\nయలుకుడుగాగ నూరకె విహారము చేసెడు రీతినుండఁగా\nచెలియలు సైఁగలున్ బరిహసించిన కోపపుఁజూపుచేత బొ-\nమ్మలముడి యొప్పు శేషరతి మారధనుర్గతి సుందరీమణీ!	champakamaala	vruttamu	గోగులపాటి కూర్మనాథకవి	srngara	Sundariimani
p1556	నీ జగజంపుఁ జూపులును నీ చనుగుబ్బలు నీ మహోరు లెం-\nతో జత మీఱ నన్నును నెదుర్కొనునో యన గప్పురంపు నీ-\nరాజనదీపిక ల్కనకరాజతకుంభము లంటిబోదియల్\nరాజిలు ద్వారమార్గమున రాఁ గనుటెన్నడు సుందరీమణీ!	vutpalamaala	vruttamu	గోగులపాటి కూర్మనాథకవి	srngara	Sundariimani
p1557	హారములల్లనన్ గుచములందుఁ జరింపగ వచ్చునట్టి యొ-\nయ్యారము నోరచూపుల యొయారము నవ్వుచుఁ జెంతనిల్చు నొ-\nయ్యారము శయ్య చెందెడు నొయారము కేళికిఁ దార్పఁగల్గు నొ-\nయ్యారము నాదు మానసమునం దెడబాయవు సుందరీమణీ!	vutpalamaala	vruttamu	గోగులపాటి కూర్మనాథకవి	srngara	Sundariimani
p1558	కాంచనగంధి రాచిలుకకైవడి నీ వల దొండపండు మె-\nప్పించెడు వేళ నిన్ను మరపింపఁగ నే నల చిల్కచేతఁ ది-\nట్టించిన దానిపైఁ బ్రతిఘటించి తొలంగఁగ జేయ దొండపం-\nడంచును మోవినొక్కి పరిహాసమొనర్తును సుందరీమణీ!	vutpalamaala	vruttamu	గోగులపాటి కూర్మనాథకవి	srngara	Sundariimani
p1559	మాటలు తేనెజాలు చనుమట్టులు బంగరుబొంగరాలు కన్\nతేటలు గండుమీలు నును నెమ్మెయి మించుల నేలు వాహవా\nకూటమి నేలు మేలుగల కోపుల లీల దలంచుకొన్న హా\nపూటకుఁ గోటివేలు పడిపోవుచునున్నవి సుందరీమణీ!	vutpalamaala	vruttamu	గోగులపాటి కూర్మనాథకవి	srngara	Sundariimani
p1560	హారములొత్తునంచుఁ బరిహార మొనర్చి కవుంగిలించి వ్యా-\nహారముదంబునన్ రతివిహారము సల్పి మనోజబాధ సం-\nహారము చేసి, నాదు వ్యవహారము నిల్వకయున్న నిద్ర వ్యా-\nహారము గాంతునే నను మహారముఁడందురె సుందరీమణీ!	vutpalamaala	vruttamu	గోగులపాటి కూర్మనాథకవి	srngara	Sundariimani
p1561	బోటిరొ వానచే వెడలిపోవఁగలే కొకనాఁడటుండి యే-\nర్పాటుగ నిద్రవోవ నెఱపయ్యెద దీపము త్రెంచి వచ్చి, స-\nయ్యాటలు మాటలున్ బెనఁకులాటలు సీత్కృతు లేమి లేక నన్\nగూటమి నేలుటల్ దలచుకొందువొ లేదొకొ సుందరీమణీ!	vutpalamaala	vruttamu	గోగులపాటి కూర్మనాథకవి	srngara	Sundariimani
p1562	అనుపమమైన వేళ సకలాభరణంబులు దాల్చి బేజుమా-\nలొనరిచి మానికంపుటొరను౦చిన మారుకటారివంటి నిన్\nగనుఁగవ నిండ నేను గనఁగా వెఱతుం గదె దృష్టి తాఁకునో\nయని యిక నెన్నఁడేను మనసారఁగ జూచెద సుందరీమణీ!	champakamaala	vruttamu	గోగులపాటి కూర్మనాథకవి	srngara	Sundariimani
p1563	వేడిమి మాను చంద్ర! నిను వేఁడెదఁ జల్లనిరాజ వీవు నీ\nవాడను నే నటంచు బహువారము దూరిన నీ మొగంబునున్\nజూడక యేఁచుచుండె జడ చొప్పడ నల్లుము నీదు కొప్పుచే\nవీడదె రాహువం చడలి వెల్వడు దెన్నఁడు సుందరీమణీ!	vutpalamaala	vruttamu	గోగులపాటి కూర్మనాథకవి	srngara	Sundariimani
p1564	నునుమునిపంటఁ గ్రొంబెదవి నొక్కి యనంగునికేళి నీదు మై\nపెనఁగొని నొక్కి క్రిక్కిరిసి పెక్కువ నెక్కువ పిక్కటిల్లఁ జ-\nక్కని చనుగుబ్బలంటి బిగికౌఁగిటఁ జిక్కిననాఁడె జన్మమె-\nత్తిన ఫలమబ్బె నేమయిన దిట్టము మాకిక సుందరీమణీ!	champakamaala	vruttamu	గోగులపాటి కూర్మనాథకవి	srngara	Sundariimani
p1565	నను నల నవ్వుటాలకయినన్ బొలయల్కల జేసియైననున్\nనను గలలోననై నను క్షణం బెడబాయకజాలవంచు నో\nవనజదళాక్షి నీకొఱకె వంతలనొందెద వెట్టులోర్తువే\nనునుచలిగాలి వేడికి మనోజుని దాఁడికి సుందరీమణీ!	champakamaala	vruttamu	గోగులపాటి కూర్మనాథకవి	srngara	Sundariimani
p1566	నీ కడకంటిచే హరిణి నీ కనుసైగలఁ జిత్రరేఖయున్\nనీ కళ చేత హేమగతి నీ లలితోరుల కాంతి రంభ నీ\nశ్రీకరబాలలీల శశిరేఖయు నీరసవృత్తిఁ జెందుటన్\nనీ కెనరారు దేవతరుణీమణులయినను సుందరీమణీ!	vutpalamaala	vruttamu	గోగులపాటి కూర్మనాథకవి	srngara	Sundariimani
p1567	భామిని నిన్న రే నిదుర పట్టక పట్టక పట్టినంతలో\nకామునికేళిలో మనము కౌతుకమంది పెనంగులాడి యే-\nమేమొ వినోదముల్ సలుప, నెక్కడి పాపపుకోడి కూసెనో\nస్వామికటాక్ష మట్లలరె స్వప్నమునందును, సుందరీమణీ!	vutpalamaala	vruttamu	గోగులపాటి కూర్మనాథకవి	srngara	Sundariimani
p1568	నెల పయనం బటన్న విని నీవడలొందుదువంచు నింతలో\nనెలతరొ వత్తునంచు వెస నిన్నొక సమ్మతి చేసివచ్చి క్రొ-\nన్నెలలకు వేఁడివెన్నెలకు నిద్దపుఁ బూవిలుకాని కాఱుచి-\nన్నెలలకుఁ దాళలేనయితి నీవెటులోర్తువె సుందరీమణీ!	champakamaala	vruttamu	గోగులపాటి కూర్మనాథకవి	srngara	Sundariimani
p1569	నీ జటపై జవాదిపస నిద్దపు నెమ్మెయిఁ గుల్క దావకో-\nరోజమృగీమదాంకితపు ఱొమ్ముదుడై తగ నీదు కన్నులన్\nరాజిలు కాటుకంటు నధరంబు వెలింగెడు నన్నుఁ జూచి యా-\nలీజనులెల్ల నవ్వ, దరిలేని ముదంబగు సుందరీమణీ!	vutpalamaala	vruttamu	గోగులపాటి కూర్మనాథకవి	srngara	Sundariimani
p1570	అలరులశయ్యఁ బండి, మనమవ్వలిమోములు చేసి యల్కచే\nపలుకక యుండి యొండొరులఁ బల్మరుచూడక యుండఁ జూచుచో\nనెలమి నొకింత సేపటికి నిద్దరిచూపులుఁ దారసిల్లినన్\nకిలకిలనే కవుంగిళులఁ గేరుచునుందువు సుందరీమణీ!	champakamaala	vruttamu	గోగులపాటి కూర్మనాథకవి	srngara	Sundariimani
p1571	వింతగ నన్ను నీవు బదివేలవిధంబుల నవ్వులాట కొ-\nట్టింతువు మాటల న్నెదఘటింతువు చన్గవ యల్కసేయ న-\nవ్వింతువు పల్కుఁ గప్పురపు వీడె మొసంగి మనోజరాజ్య మే-\nలింతువు నీ గతుల్ పొగడలేము గదే మది సుందరీమణీ!	vutpalamaala	vruttamu	గోగులపాటి కూర్మనాథకవి	srngara	Sundariimani
p1572	తొలఁగక చెంతనున్న ననుఁ దొంగిలి రెప్పలఁ జూచిచూడన-\nట్టులు వగగుల్కియుండెడు గడున్ బయనం బరుగంగ వేఁగి వి-\nచ్చలవిడి సౌధవీథిపయి చాయలఁ జూచెద వోరగంటనే\nపొలమున వెళ్లు నీ బెళుకుఁబొంకపుఁ జూపులు సుందరీమణీ!	champakamaala	vruttamu	గోగులపాటి కూర్మనాథకవి	srngara	Sundariimani
p1573	పెనిమిటి కాంచలేఁడనియుఁ బిల్చినఁ బల్కవటంచుఁ దోడి జ-\nవ్వను లెకసక్కెమాడ నొకవైఖరిఁ బల్కుచు నొంటి బాగులే-\nదని వెత నిద్రయోగిరమునందక కుందుచు నూపిరెల్ల ము-\nక్కుననిడి యుంటివంచు విని గుండెలు నిల్వవు సుందరీమణీ!	champakamaala	vruttamu	గోగులపాటి కూర్మనాథకవి	srngara	Sundariimani
p1574	రతి మును గేలిసోలి నడురాతిరి మేల్కని నేను నిన్ బునా-\nరతమతిఁ గౌఁగిలించినఁ బిరాలున నవ్వలికేఁగి రాక య-\nద్భుతపడి నేను బిల్వ విని ప్రొద్దిక నెంతని పల్కి సిగ్గుతో\nఋతుమతివౌట తెల్పకయె యేర్పడఁ దెల్పుదు సుందరీమణీ!	champakamaala	vruttamu	గోగులపాటి కూర్మనాథకవి	srngara	Sundariimani
p1575	పటుగతిఁ బూవుబంతి చనుబంతులపై గురిచేసి వ్రేయగా\nతటుకున నొడ్డి పుచ్చుకొని తక్కుచు నీ పనికేమి తాళుమం-\nచిటునటు చూచిచూచి వలయింపుచు నవ్వుచు మూఁడునాళ్లు ము-\nచ్చటలనె తెల్లవాఱఁ బలుసందడి నుందువు సుందరీమణీ!	champakamaala	vruttamu	గోగులపాటి కూర్మనాథకవి	srngara	Sundariimani
p1576	ఏ గతినోర్తునే జలరుహేక్షణ! నే క్షణమైనఁ బాయగా\nలేఁ గదవే సువర్ణకదళీసదళీనకరోరుయుగ్మ య-\nయ్యో గురిదప్పకుండ మరుఁ డుల్లము జల్లెడతూంట్లు చేసెనే\nయో గజయాన! యో రమణి! యో జగదద్భుతసుందరీమణీ!	vutpalamaala	vruttamu	గోగులపాటి కూర్మనాథకవి	srngara	Sundariimani
p1577	కన్నియ యిప్పుడేల కడకట్ట ప్రయాణము దీర్చివచ్చి నిన్\nగన్నులఁ జూచి సంతసిలఁగల్గెడు పోఁడిమి పట్టినంతలో\nనెన్నిదినంబు లుంటివని యెంతయుఁ గోపముమాని బిగ్గఱన్\nనన్నుఁ గవుంగలించుకొని నా వెత దీర్పవె సుందరీమణీ!	vutpalamaala	vruttamu	గోగులపాటి కూర్మనాథకవి	srngara	Sundariimani
p1578	కురులకుఁ గృష్ణభావమును గుబ్బల కచ్యుతరీతి కర్ణవై-\nఖరికల శ్రీవరప్రతిభ కౌనునకున్ హరిమంగళాకృతుల్\nకరముఁ జెలంగు నీకు; కలకాలము నిన్ను దలంచఁ బాయు దు-\nష్కరపరితాపమెల్ల నవసారసలోచన సుందరీమణీ!	champakamaala	vruttamu	గోగులపాటి కూర్మనాథకవి	srngara	Sundariimani
p1579	తే వదనస్య చంద్రరుచిధిక్కరణప్రతిభాస్తు; తే దృశో-\nభావభవోత్పలాంబురుహబాణకదంబజయోస్తు సంతతం\nతే వచనస్య కోకిలతతిప్రవరాయసకృద్విధోస్తటం-\nచే వినుతింతు నీకు శుభమీయఁగ దేవుని సుందరీమణీ!	vutpalamaala	vruttamu	గోగులపాటి కూర్మనాథకవి	srngara	Sundariimani
p1580	శ్రీపతి శాంకరీపతి శచీపతి వాక్పతి నాకలోక సే\nనాపతి సుస్వధాపతి వనాటపతి ప్రతికూలకార్య వా\nర్తాపతి గూఢపాత్పతి పతంగపతి ప్రముఖాఖిలైక ర\nక్షాపతుల న్మదిం గని త్విషాంపతిఁ బ్రస్తుతి సేయఁ బూనితిన్‌.	vutpalamaala	vruttamu	దాసు శ్రీరాములు	bhakti	Surya_Dasu
p1581	కలుగు తెలుంగుకబ్బములు కట్టడిమందలు మంద లిన్ని వం\nదలను గణింప శక్య మగునా? యిక నందుల కేమి యందులో\nలలితపదార్థవిస్ఫురణలం దనియించు పరోపకార మా\nన్యులు పదివేల కొక్కఁడుగ నుండును పాత్రులు వారు ప్రస్తుతిన్‌.	champakamaala	vruttamu	దాసు శ్రీరాములు	bhakti	Surya_Dasu
p1582	ఔరా! నోరు రసంబు లూరు పద మాహా! కోటికిన్‌ తీరు మ\nజ్జారే! రచ్చలఁ జేరుఁ జేరనుచు నిచ్చ ల్పామరు ల్మెచ్చఁగాఁ\nదా రింతేనియు సిగ్గులేక గణికాతండంబులం బోలె పల్‌\nదారుల్‌ ద్రొక్కి పదార్థముల్‌ గొను కవుల్‌ పాత్రుల్‌ గదా నిందకున్‌.	saardulamu	vruttamu	దాసు శ్రీరాములు	bhakti	Surya_Dasu
p1583	విలసిత సాహితీవిమలవృక్షముకొమ్మ మయూరనామ సం\nకులసరఘాళి శుద్ధపదగుంభ సుమాసవ మేఱ్చు చేర్చినన్‌\nకలయఁగఁ గట్టు సూర్యశతకం బను కండెను దాసు రాముఁడన్‌\nతెలుఁగునఁ గొట్టి కమ్మనగు తేనియఁ దీసితి దీనిఁ గ్రోలుఁడీ!	champakamaala	vruttamu	దాసు శ్రీరాములు	bhakti	Surya_Dasu
p1584	జేజేరాయని కుంభికుంభగతమౌ సిందూరముల్‌ తాల్చియో\nయోజం జేగురువాగు లయ్యుదయశైలోపాంతమం దంటి యో\nరాజీవప్రభ లేకకాలమునఁ బ్రారంభించియో యెఱ్ఱనై\nతేజుల్‌ చిమ్ము నవార్కభాను లిడు నెంతే మీకు నైశ్వర్యముల్‌.	saardulamu	vruttamu	దాసు శ్రీరాములు	bhakti	Surya_Dasu
p1585	తామరమొగ్గ పెన్గొఱఁడుఁ దప్పని లక్ష్మిని భక్తకోటికిన్‌\nబ్రేమ నొసంగు లాగఁ దలపెట్టియొ తద్వని ముట్టడించుచున్‌\nభీమతమంబునం దగిలి భీతిలు లోకముఁ బ్రోవ జాణలౌ\nకోమల పల్లవాభ రవిగోనిచయంబులు మీకు మేలిడున్‌.	vutpalamaala	vruttamu	దాసు శ్రీరాములు	bhakti	Surya_Dasu
p1586	పతిరుచి దూలిన న్బొగిలి వాడిన యోషధి పిండు దెప్పున\nట్లతులిత సూర్యకాంతశిఖి, యాది నెదుర్కొన లేచినట్లు ప్రాక్‌\nక్షితి భృతు ఱాళ్లు పక్షవినికృంతన నెత్రులుగాఱఁ జూపు న\nట్లతనుత నెక్కు నర్కునరుణాంశులు మీకును గీడు వాపుతన్‌.	champakamaala	vruttamu	దాసు శ్రీరాములు	bhakti	Surya_Dasu
p1587	ముక్కిఁడి గుంటు మొండి వ్రణి మూలుఁగు వానిని దోషకారి నే\nయొక్కఁడు సక్కసేయుఁ దెవులోఱిచి తక్కక యట్టి సద్దయా\nదృక్కలితార్కు సిద్ధగణ దృష్టమహార్ఘ్యములైన యంశువుల్‌\nగ్రక్కున మీ దొసంగులు విఘాతములై చనఁజేయుఁ గావుతన్‌.	vutpalamaala	vruttamu	దాసు శ్రీరాములు	bhakti	Surya_Dasu
p1588	కాలమునం బయస్సులనుఁ గాంచి యొసంగి ప్రజాసుఖంబిడన్‌\nజాలఁ జరించు ప్రొద్దుట నిశ న్విరమించును దీర్ఘదుఃఖ జం\nబాల భవాబ్ధి కోడలు సుమీ రవిగోవులు భవ్యపావన\nత్వాలము లవ్వి మీకుఁ బరమాధిక తుష్టిని, బుష్టి నిచ్చుతన్‌.	vutpalamaala	vruttamu	దాసు శ్రీరాములు	bhakti	Surya_Dasu
p1589	చేతులు మోడ్చి యౌదలలఁ జేర్చి త్రిసంధ్యల మ్రొక్కువారి క\nత్యాతత బంధమోక్షకరణాధిక బోధము నంబుజాతఁ బ్ర\nఖ్యాతము సేయు నాఁ బరగు కల్మషభేదులు సూర్యు నంశువుల్‌\nప్రీతిని నిర్వికల్పముగ మీ మది కోరికలిచ్చు గావుతన్‌.	vutpalamaala	vruttamu	దాసు శ్రీరాములు	bhakti	Surya_Dasu
p1590	లేవడిఁ బైఁడి సోనలు, లలిం బతనంబునఁ జేతికఱ్ఱ లా\nత్మావగమంబు దివ్వె సురధామము బోవను బెద్దదార్లు మో\nక్షావసనార్థికిం దనువు ద్వారము సొన్పెడి మంచి బెత్తముల్‌\nప్రోవును ప్రాతరర్కసుఖరోచులు దుర్వ్యధనుండి మిమ్ములన్‌.	vutpalamaala	vruttamu	దాసు శ్రీరాములు	bhakti	Surya_Dasu
p1591	మునుమును తూర్పుకొండఁ దుద ముద్దుల కల్కితురాయి మానికం\nబనఁగ దిశాసతీమణుల కందపు పూఁతకు రోచనాంబు చ\nర్చన లన నొప్పి మక్కువల జక్కవ లార్చెడి వాఁడిచూపు ట\nర్చనలను గాంచు బాలరవిరశ్ములు మీకిఁడు జింతితార్థముల్‌.	champakamaala	vruttamu	దాసు శ్రీరాములు	bhakti	Surya_Dasu
p1592	వెలుఁ గొకడే కనుంగవయి, పేర్చు జగత్త్రయి, నల్వనాల్గుమో\nముల నుతికెక్కి పంచమసుభూతమునాఁ దగి యాఱుకార్ల ని\nచ్చలు పలురీతుల న్నెగడి సప్తమునిస్తుతి నష్టదిగ్రతిన్‌\nబొలయు నవార్కదీధితులు నూఱుపదుల్‌ శుభశోభ మీ కిడున్‌.	champakamaala	vruttamu	దాసు శ్రీరాములు	bhakti	Surya_Dasu
p1593	కలయ దిశావధూటులకుఁ గన్నులపండువుగాఁగ నస్ఫుటో\nత్కలనను నూగునూగు టెఱ దాళువు సొంపుల నింప నుల్లస\nన్నళినవిలోచనం బగు దినంబు మొగంబున మొల్చినట్టి మీ\nసల నునురేకఁ బోలు దివసప్రభునంశులు మీకు మేలిడున్‌.	champakamaala	vruttamu	దాసు శ్రీరాములు	bhakti	Surya_Dasu
p1594	తల నెలబాలుఁ డాలుకొనఁ దక్కు నితం డని శూలి నూతనా\nకలిత సరోజగహ్వరసుఖస్థితికిన్‌ విధి చిమ్మచీఁకటుల్‌\nవలె నలుపైన మేనికగు బాధకు భీతిలి కృష్ణదేవుఁడున్‌\nగొలుచు దినేశ సద్రుచుల క్రొమ్మొలకల్‌ మిముఁ బ్రోచు గావుతన్‌.	champakamaala	vruttamu	దాసు శ్రీరాములు	bhakti	Surya_Dasu
p1595	కొండకు విర్వియున్‌ దెసలకు న్నిడివంబులు వేలవేఱుగా\nనుండుట వార్ధికిం గలుగ నుర్వినిఁ జెట్టులు వీండ్లు గట్టులున్‌\nమెండుగఁ దోపఁ జీఁకటిని నెట్టి జగన్నళినీప్రబోధమున్‌\nనిండుగ సల్పు బాలతరణిప్రభ మీకును గీడు వాపుతన్‌.	vutpalamaala	vruttamu	దాసు శ్రీరాములు	bhakti	Surya_Dasu
p1596	అస్తవ్యస్తుఁడు గాక నైజరుచియై యానంత్యముం గల్గి సం\nగ్రస్త ధ్వాంతత విశ్వధామమున నేకత్రస్థ దీపంబు నా\nనస్తోకంబుగ ముజ్జగాన దిగ నేహాపేక్ష నిత్య క్రియా\nశస్తిం గ్రుమ్మఱు ప్రాఙ్నవార్కకిరణోచ్చైఃకాంతి మేల్మీకగున్‌.	saardulamu	vruttamu	దాసు శ్రీరాములు	bhakti	Surya_Dasu
p1597	వాడును దూఁడువంటి యహివర్గ మయో యని నాగలోకమున్‌\nగూడక చక్రవాళమునకుం గల యాఖ్యకు నంచుఁ బ్రక్కలన్‌\nవేఁడిమి యీకజాండమునఁ బెంకులు ప్రేలు నటంచు మింటిపై\nనాడక స్వేచ్ఛఁ బోవ బయలైన యినప్రభ లేలు మిమ్ములన్‌.	vutpalamaala	vruttamu	దాసు శ్రీరాములు	bhakti	Surya_Dasu
p1598	కాలమొకండె కాదట జగంబును నీలిమఁ బాయఁ జీకటుల్‌\nవ్రీలఁగ మంచుకొండవలె రేవెలుఁగు న్విలయంబు నొంద సి\nద్ధాళికిఁ గేలు మోడ్పులటు లక్కుముదప్రకరంబు బద్ధతన్‌\nగ్రాల నొనర్చు ప్రాతరరుణప్రభ మీకునుఁ గోర్కెలిచ్చుతన్‌.	vutpalamaala	vruttamu	దాసు శ్రీరాములు	bhakti	Surya_Dasu
p1599	ఇగమున చల్లనౌ స్థలుల కెక్కెఁడు వేఁడుకనో వసుంధరన్‌\nదిగిభ కరాగ్రపుష్కరతతిన్‌ విరియింపనొ దిక్కదంబమున్‌\nమొగి హరిపాదముం గడచి ప్రొద్దుట సత్కృపనో సుదూరమున్‌\nదగఁ ద్రుటిలో నలర్చు రవిధామము వాపును మీకు దుర్దశల్‌.	champakamaala	vruttamu	దాసు శ్రీరాములు	bhakti	Surya_Dasu
p1600	ప్రళయమునన్‌ మలల్‌ విఱచు ఱాడతిగాలికి నాఱిపోవ దు\nజ్జ్వల మహనీయ కాంతిమయి పట్టపగల్‌ వెలుఁగొందు వీత క\nజ్జలము పతంగసంభవ మజస్ర మఖండము వత్తి యేడు దీ\nవుల వెలిఁగించు దీపము మిమున్‌ రవిదీప్తి సుఖింపఁ జేయుతన్‌.	champakamaala	vruttamu	దాసు శ్రీరాములు	bhakti	Surya_Dasu
p1601	మొనయుచు నాశలెల్లఁ దుదముట్టెడి శ్లాఘ్యగుణాళి గౌరవం\nబును నుదయాద్యహోగమ సమున్నతిఁ బర్యవసాన వర్జితం\nబును గలదై క్షణంబునుఁ దమోనిచయంబునుఁ జేరఁబోక మే\nల్గనురుచివంటి భానురుచి జ్ఞాన దయాదుల మీకు నిచ్చుతన్‌.	champakamaala	vruttamu	దాసు శ్రీరాములు	bhakti	Surya_Dasu
p1602	ప్రశమిత తారకోర్జితబలం బగు శక్తినిఁ దాల్చి చంద్రకాం\nత శిఖి నడంచి యయ్యతను దర్ప తమోహర విస్ఫుర న్మహో\nతిశయిని యైన వీక్షణరతిం దగి రెండవ క్రౌంచభేది నాఁ\nగుశలతఁ గాంచు భానురుచికుఱ్ఱ యొసంగుత మీకు లక్ష్ములన్‌.	champakamaala	vruttamu	దాసు శ్రీరాములు	bhakti	Surya_Dasu
p1603	తెలతెలఁ బాఱు వెన్నెలద్యుతిన్‌ రవచీఁకటి నల్లనల్లఁగాఁ\nబలుచని తమ్మిపుప్పొడినిఁ బచ్చదనంబుల ప్రొద్దుపొడ్పునం\nగలననుఁ గెంపుచాయల జగం బను జిత్తరు వ్రాసినట్టి మే\nల్కల మగు భానుదీప్తి యతులప్రమదం బిడు మీఁదు చూడ్కికిన్‌.	champakamaala	vruttamu	దాసు శ్రీరాములు	bhakti	Surya_Dasu
p1604	మేరునగంబుమార్గమున మించిన కెంపులధూళి లేచెనో\nతేరునఁ దీర్చు పొంకముగ దిద్దిన యెఱ్ఱని వైజయంతియో\nస్వారిగుఱాలు మేల్తొగరుచాయల జూ ల్కదలించునో యటం\nచారయ నొప్పు బాలతపనాంశులు దోలుత మీకుఁ బాపముల్‌.	vutpalamaala	vruttamu	దాసు శ్రీరాములు	bhakti	Surya_Dasu
p1605	చీఁకటిఁ బుచ్చు వేడిమినిఁ జేయదు వెల్తురు నిచ్చు బెద్ద రూ\nపై కనరాదు రే నడచునంతఁ బగ ల్వెలిగింపఁ బోదు ప్రా\nభాకర మైన బాలరుచిపాళియ పూర్ణము దిఙ్నభోవకా\nశాకలితంబె మీకు సకలార్థములన్‌ ఘటియించుఁ గావుతన్‌.	vutpalamaala	vruttamu	దాసు శ్రీరాములు	bhakti	Surya_Dasu
p1606	చుఱకయి శాంతిదంబు నలుసు న్విపులంబయి కానరాక యొ\nక్కరికిని కానవచ్చియు జగంబున నిందున నుండి యందునున్‌\nవఱలును నశ్వరం బయి యనశ్వరమౌ మునివేద్య మెల్లవా\nరెఱిఁగియు నట్టి లోవెలుఁగు రెంటి యినప్రభ మిమ్ము నేలుతన్‌.	champakamaala	vruttamu	దాసు శ్రీరాములు	bhakti	Surya_Dasu
p1607	"సొమ్ములు గాగ రత్నములు జొప్పడు గూర్చును గాఱుచి చ్చర\nణ్యమ్ములు గాల్పఁ జందురుఁడు ""హా యిని"" దేల్పఁగ జేసి మూఁడు లో\nకమ్ముల భూష యై వెస నఘమ్ములు దోలుచు వాన నిచ్చి సౌ\nఖ్య మ్మిడి పెక్కు కర్జముల కర్త్రి యినప్రభ మీమ్ముఁ బ్రోవుతన్‌."	vutpalamaala	vruttamu	దాసు శ్రీరాములు	bhakti	Surya_Dasu
p1608	కను వ్రాలన్‌ శ్రుతి మ్రాన్పడన్‌ రసన నాకంబోక ముక్కెద్దియు\nన్గన కాత్వక్కు స్పృశింప కుల్లము నడంగన్‌ శ్వాస యొక్కండు ద\nక్కను వేఱొక్కటిలేక తూలిపడు నక్కాలాహి సందష్టమౌ\nజనమున్‌ లేపెడి వెజ్జు బాలరవితేజం బార్చు మీ యాపదల్‌.	mattebhamu	vruttamu	దాసు శ్రీరాములు	bhakti	Surya_Dasu
p1609	కన్నీ ర్వంటి హిమంబునెల్ల వెసఁ దగ్గంజేసి యింతింతగాఁ\nగన్నిండౌ నెఱుపున్‌ హరించి బలు జోకం బేర్చు నిర్దోషతన్‌\nవిన్నాణంబుగఁ జూడఁజేసి భువనప్రేక్షం ద్వదాపత్తి వి\nచ్ఛిన్నంబు న్సలుపు న్నవార్కరుచులు న్సిద్ధాంజన ప్రక్రియన్‌.	saardulamu	vruttamu	దాసు శ్రీరాములు	bhakti	Surya_Dasu
p1610	ప్రొద్దుదయించు దిక్కుననుఁ బుట్టి నేలం గడుఁ దూల్చి యెఱ్ఱఁగా\nదిద్దినయట్లు తోచి గడిదేఱు నవాబ్జము నట్టె లేపుచున్‌\nదద్దయు ముజ్జగంబులకు దా రొక సొమ్ములుగాఁ దలిర్చుచున్‌\nముద్దులుగుల్కు భానుకరముల్‌ విభవంబులు మీకుఁ జేయుతన్‌.	vutpalamaala	vruttamu	దాసు శ్రీరాములు	bhakti	Surya_Dasu
p1611	పొలుపుగ ముజ్జగంబు లను పూవులతోఁటను బెంచు రాత్రి యన్‌\nగులుకుమిటారి చంద్రుఁ డను కుండను బ్రాఙ్నగచక్రవాళ మన్‌\nచెలువపుబోది యన్‌ బగటిచెట్లకుఁ దా నమృతంబు వోయ ని\nమ్ముల మొలకెత్తు లేఁజిగురు ప్రొద్దుటియెండ ముదంబు మీ కిడున్‌.	champakamaala	vruttamu	దాసు శ్రీరాములు	bhakti	Surya_Dasu
p1612	అరుణుని యెఱ్ఱచాయ లెనయ న్బగడంబుల డంబు లొక్కటన్‌\nమెరమెరఁ దారకాచ్ఛవి భ్రమింపఁగ ముత్యపుఁజాయ లొక్కట\nన్సిరి గన నల్లనల్ల నగు చీఁకటిసంద్రము ద్రావునట్టి పూ\nర్వరవి నిభాత్యపూర్వబడబాజ్వలనం బిడు మీకుఁ బుణ్యముల్‌.	champakamaala	vruttamu	దాసు శ్రీరాములు	bhakti	Surya_Dasu
p1613	మద్దెల దిద్దిమల్‌ సరిగమా యను గీతలు గద్దెపద్దెముల్‌\nగ్రద్దన దిద్దు వేలుపుల గాణలు తొల్లిటి సుద్దు లొద్దికన్‌\nవిద్దెలమారి వేల్పురుసి పెద్దలు సద్దిడ ముజ్జగానకుం\nదద్దయు జవ్వనం బొసగు నవ్యరవిప్రభ మీకు మే లిడున్‌.	vutpalamaala	vruttamu	దాసు శ్రీరాములు	bhakti	Surya_Dasu
p1614	రిక్కలు పల్చనై తమము వ్రీలఁగ నిందు శిలాళి పాఱుటల్‌\nతక్కఁగఁ జంద్రుఁడు న్మెఱుఁగు దప్పుట నోషధు లుక్కువీడ నా\nచక్కని ప్రొద్దు ప్రాఙ్నగము చక్కిన కొంచెము నిల్చియుండ ద\nవ్వెక్కియు నెక్కకున్న దివనేశునితేజము మిమ్ము బ్రోచుతన్‌.	vutpalamaala	vruttamu	దాసు శ్రీరాములు	bhakti	Surya_Dasu
p1615	నవనవ యౌవనంబుల వనంబుల రక్తదడంబు డంబులన్‌\nగవకవఁ జూపి చెంతలను గ్రంతలఁ గుంతల దాఁటి సాటి నా\nకెవ రెవ రంచు దోడుపడు నీడకు చేడియతమ్మి దుమ్మురా\nరవరవ నిక్క నెక్కు దినరాట్‌ ఛవి మీ కగుఁ బాపశాంతికిన్‌.	champakamaala	vruttamu	దాసు శ్రీరాములు	bhakti	Surya_Dasu
p1616	మురిసిన తమ్మిపూవు జలముం గులికించునెకాని యావిరిన్‌\nనెరపవు చూడ్కులన్‌ వెలుగు నింపునెకాని యొకింతయేనియున్‌\nచుఱచుఱ నీవు ప్రాఙ్నగము చోటను మున్నటుపై దివంబునన్‌\nవరుపదికల్‌ నటించు శుభభాను నవాంశులు మీ కొలార్చుతన్‌.	champakamaala	vruttamu	దాసు శ్రీరాములు	bhakti	Surya_Dasu
p1617	మలలకు మీఁది జేగురులు, మ్రాఁకులయందుఁ జివుళ్లు వార్ధిచా\nయలఁ బగడంబులున్‌ దెసల హత్తుల నెత్తులఁ జెందిరంపుఁ బూఁ\nతలు దివి మేరుశైలభువిఁ దప్త సువర్ణములైన సూర్యర\nశ్ము లుదయకాల శోణములు సొంపుల నింపుల మీకు నింపుతన్‌.	champakamaala	vruttamu	దాసు శ్రీరాములు	bhakti	Surya_Dasu
p1618	పుట్టదు సంద్రమం దచటఁ బుట్టిన కౌస్తుభ ముఖ్యవస్తువుల్‌\nచుట్టలు గావు పద్మమును జూడము చేతను, విష్ణువక్షమున్‌\nముట్టదు లాఁతి లేవెలుఁగు ముజ్జగమందు వ్యవస్థ లేర్పడన్‌\nబుట్టెడు మండలాగ్రమునఁ బూషున కా సిరి మీకు మేలిడున్‌.	vutpalamaala	vruttamu	దాసు శ్రీరాములు	bhakti	Surya_Dasu
p1619	మేరువుమీఁద నున్ననగు మేల్మిశిలల్‌ నలఁగంగనీక సా\nమీర జవంబునం దుముకఁ బెట్టిన గుర్తులు వేఱె లేమిచే\nచారుతరార్క కాంతమణిజం బగు వహ్నియ దారి తెల్పఁగా\nమీరిన సూర్యుగుఱ్ఱములు మేలుగ ముజ్జగ మేలు గావుతన్‌.	vutpalamaala	vruttamu	దాసు శ్రీరాములు	bhakti	Surya_Dasu
p1620	దగ్గఱ బగ్గునం గిరణతాపము వీపులవేఁప డప్పిమైఁ\nదగ్గక యొక్కనాఁట దివిదారి వడారము దాఁటి వేసటన్‌\nసగ్గుచు గంగ నీర్మెడలు సాచి శిరంబులు వంచి త్రావుచో\nజగ్గిడు సప్తసప్తి ఘనసప్తులు మీకు హితంబు సేయుతన్‌.	vutpalamaala	vruttamu	దాసు శ్రీరాములు	bhakti	Surya_Dasu
p1621	పటికపు మానికాల చలపం దమనీడలు వేఱె వాజులం\nచటు నిటు బోవుఁ బ్రొద్దుతిరుఁ గాఱినఁ గెంపులఁ జూచి సంజ యం\nచటమట మెల్లనం జను నొయారపు పచ్చలపట్ల గానరా\nకిటుల ననూరు మేరుశిఖ నేఁచు నినాశ్వము లేలు మిమ్ములన్‌.	champakamaala	vruttamu	దాసు శ్రీరాములు	bhakti	Surya_Dasu
p1622	దారికి నావ లీవల సుధాంధులు స్వర్గిరి వంగుచు న్నమ\nస్కారము సేయఁ గిన్నరుల కన్యలు సిగ్గున మోము ల గ్గుహా\nద్వారములం దిడంగ నరుణాఖ్యుఁ డదల్చినఁ గాని యించుకం\nతోర మెడం దినేద్ధయము లూఁదెడి హేషలు దోలు మీ కొలల్‌.	vutpalamaala	vruttamu	దాసు శ్రీరాములు	bhakti	Surya_Dasu
p1623	తమ రుచిచేతఁ బచ్చనగు తట్లమొగుళ్లను ఱెక్కలొప్పఁ గ\nళ్ళెములను లాగ నెత్తురులులేచిన నోళ్ళను ముక్కులొప్ప వ్యో\nమముననుఁ దుఱ్ఱుమంచు వడిఁబాఱు సుమేరుశిఖాగచారి కీ\nరము లన నొప్పు సూర్యునిగుఱాలు వరాల సరాలు మీకిడున్‌.	vutpalamaala	vruttamu	దాసు శ్రీరాములు	bhakti	Surya_Dasu
p1624	పొడుపుడుగొండ రంగమునఁ బొంకపు రేతెఱచొత్త లక్ష్మి క\nన్పడ నుడుపంక్తి పేరిటి నవం బగు పూవుల దోయిలింత జొ\nప్పడ నిడి సూత్రధారత దివంబున నాలుగు జాల యంకముల్‌\nనడపెడి లోకనాటిక ననం జను న య్యరుణుండు మీ కగున్‌.	champakamaala	vruttamu	దాసు శ్రీరాములు	bhakti	Surya_Dasu
p1625	హరులకు నగ్రుఁడన్‌, హరిన యాతఁడు మోచుఁ బశుక్రియం జరా\nచర సమభావకర్మతతి సాక్షిని యాతఁడు పక్షపాత సం\nచరణుఁ డటంచు నీడునను సామ్యము నొందియు దృక్ఛ్రుతిద్విషున్‌\nదరిమెడి స్థేమ ధామములధామ మనూరుఁడు వాపు మీ కొలల్‌.	champakamaala	vruttamu	దాసు శ్రీరాములు	bhakti	Surya_Dasu
p1626	వఱువాతన్‌ హిమముల్‌ స్రవించు శశిశోభల్‌ ద్రావ జబ్బెక్కి ముం\nదఱఁ గాష్ఠోజ్జ్వలదీపనంబు వెనుకన్‌ భానుం డటంచు న్నతా\nదరత న్సిద్ధులు సాధ్యు లంబరమునన్‌ దత్తార్ఘ్యులై చూడ భా\nస్కరసారథ్యము సేయు వేల్పు మిము రక్షాదక్షుఁ డై యేలుతన్‌.	mattebhamu	vruttamu	దాసు శ్రీరాములు	bhakti	Surya_Dasu
p1627	వఱువాత న్విడ రశ్ములం దుదిపగల్‌ మానన్‌ స్వతంత్రుండుగాఁ\nబరిషత్‌ స్తోత్రవిలాసుఁగా హరిపదవ్యాపారుఁగా నా ద్విజే\nశ్వరునందున్‌ సమయప్రకర్ష లఘుతం జాటంగ సేవేచ్ఛమై\nనరుణుండుం దనపాటి సేయు నరుణుం డశ్రాంత మేలు న్మిమున్‌.	mattebhamu	vruttamu	దాసు శ్రీరాములు	bhakti	Surya_Dasu
p1628	రే యను తీగకుం బరశురీతిఁ దమోఽటవి కర్చిభాతిఁ బ్రా\nక్తోయజనేత్ర కల్వలనుఁ గోయు కరాగ్రగతిం జగ త్సుబో\nధాయతి ధాతపద్ధతి వియద్భువు లేర్పడఁ దొల్చునట్టి మేల్‌\nఱాయిస్థితిన్‌ దలిర్చెడు ద్యురత్నముసారథి మీ కొలార్చుతన్‌.	vutpalamaala	vruttamu	దాసు శ్రీరాములు	bhakti	Surya_Dasu
p1629	వానకుఁ దూర్పుగాలివలెఁ బావకకీలకు ధూమమట్లు లో\nకానకు నాదిసృష్టిగతిగా శ్రుతిరాశికి నోంకృతి స్థితిన్‌\nభానుని గ్రుంకునందు నటనం బిడు శూలికి నంది నాందిలా\nగై నళినాప్తు తేర్నడపు న వ్వినతాత్మజుఁ డేలు మిమ్ములన్‌.	vutpalamaala	vruttamu	దాసు శ్రీరాములు	bhakti	Surya_Dasu
p1630	మేలిమిబండలం గలసి మించిన సూర్యుగుఱాల చాలునుం\nబోలెడు పచ్చలం గొలికిపూసకు మే ల్కురువిందమై స్వకీ\nయాలఘుదీప్తి మేరుకుభృదాభరణం బొనరించు న మ్మహా\nవ్యాళ విరోధి యన్న దవులం దిడి మీ యఘపంక్తి నెట్టుతన్‌.	vutpalamaala	vruttamu	దాసు శ్రీరాములు	bhakti	Surya_Dasu
p1631	పురుహూతా! కనుదమ్ము లొప్పె శిఖి! దీప్తుల్లేవె యిచ్చోటఁ గా\nసరము న్నిల్పుము తాతపాదనతికై సౌరీ సరే నిరృతీ!\nవరుణా! చూడుము, మారుతాఝడితి తెల్పంబడ్డదో శ్రీద యీ\nశ్వరమీళే యని వైపుఱేండ్ల నను భాస్వత్సూతుఁ డేలున్‌ మిమున్‌.	mattebhamu	vruttamu	దాసు శ్రీరాములు	bhakti	Surya_Dasu
p1632	బడలఁడు డప్పి లే దలఁత బట్టదు మైమఱువండు పాంథుఁడై\nమిడిమిడి యెండ బగ్గుమని మీఁదఁబడం జగమెల్లఁ గ్రుమ్మఱన్‌\nసడలఁడు పచ్చగుఱ్ఱముల చాలను రమ్యవనంబు పట్టి యీ\nతఁడు రవిసూతుఁ డీప్సిత పదార్థములం గృప మీకు నిచ్చుతన్‌.	champakamaala	vruttamu	దాసు శ్రీరాములు	bhakti	Surya_Dasu
p1633	ఠీకుగఁ బ్రాగ్గిరి న్వెనుక డెక్కలయంచుల నిల్వ ఱొమ్ములన్‌\nజౌకుమొయిళ్లు మేనులను సాచక యెత్తిన శబ్దహీనమై\nప్రాకెడి చక్రముం గలిగి పాఱ ననూరుఁడు లేచి మ్రొక్కినన్‌\nవీకున నంతరిక్షమున వే జను సూర్యునితేరు మీకగున్‌.	vutpalamaala	vruttamu	దాసు శ్రీరాములు	bhakti	Surya_Dasu
p1634	అంతటి చిమ్మచీఁకటుల నార్చు కరంబులు వేయి గల్గు భా\nస్వంతుని మోయలేక శ్రమబట్టు మరుత్తుల నక్కడక్కడన్‌\nవింతగ మెత్త లార్తురని వేఱుఁగ వేఱుఁగ నేర్పరించు న\nత్యంత పటుప్రభావ జగదక్షరథంబు శుభంబు మీ కిడున్‌.	vutpalamaala	vruttamu	దాసు శ్రీరాములు	bhakti	Surya_Dasu
p1635	మరతాళ్ళైన మహాహులం బొడువ నాఁ బ్రక్కి ల్విడంబ్రాఁకి వా\nర్ధరముల్‌ ఱిక్కలుగా ననూరుని వడిం బ్రప్రీతుఁ గావించి యా\nహరి యేరీతి దలంచు నట్ల చని తార్క్ష్య ప్రక్రియం బోవు భా\nస్కరుతే రెప్పుడు మిమ్ము బాపచయముల్‌ చక్కాడి రక్షించుతన్‌.	mattebhamu	vruttamu	దాసు శ్రీరాములు	bhakti	Surya_Dasu
p1636	దౌలకుఁ దూలుఁ గాంతిచెడి తారు గ్రహంబులు కేతనాంబరాం\nదోళితుఁడై చనున్‌ శశి, విధుంతుదుఁడున్‌ గ్రసనేచ్ఛ వెంట రా\nమూలుఁగు జక్రముల్‌ హరులు బుఱ్ఱన గాంగజలంబు వ్రీలు ని\nట్లోలి దలిర్చు భాస్కర రథోత్తమయానము లేలు మిమ్ములన్‌.	vutpalamaala	vruttamu	దాసు శ్రీరాములు	bhakti	Surya_Dasu
p1637	కాడిని దార మక్షమునఁ గంకణథోరముఁ గట్టి కంబమం\nదోడక ధూప మిచ్చి విరు లొయ్యనఁ గూబరమం దమర్చి మే\nల్జాడఁ బటీరగంధమునఁ జక్రము మెత్తుచు సిద్ధభామినుల్‌\nవేడుక మింట మ్రొక్కెడి రవిప్రభుతే రఘభేది మీకగున్‌.	vutpalamaala	vruttamu	దాసు శ్రీరాములు	bhakti	Surya_Dasu
p1638	ప్రక్కల నెక్కుడై తురగపద్ధతి లేచు పసిండిదుమ్ముతోఁ\nజక్కఁగ నెప్పుడుం దిరుగు చక్రము నేములలోఁతు పాఱుచున్‌\nనిక్కిన మేరువందుఁ దనవేఁడిమి నింకిన దిన్నెలౌ సుధా\nభుక్కుల యేఱు నాఁ దగిన పూషునిరథ్య యొకండు మీ కగున్‌.	vutpalamaala	vruttamu	దాసు శ్రీరాములు	bhakti	Surya_Dasu
p1639	మ్రొక్కఁగవచ్చు దేవగణముఖ్యుల చాలది త్రోవగాఁగ నా\nచుక్కలు చక్రఘట్టనను జూర్ణముగా నది దుమ్ముగాఁగ బల్‌\nనెక్కొను వాజిహేష దివి నిండిన నేమిరవంబుగాఁగ మి\nన్న క్కుతలంబుఁ బోలఁగ నొనర్చిన యర్కు రథంబు మీ కగున్‌.	vutpalamaala	vruttamu	దాసు శ్రీరాములు	bhakti	Surya_Dasu
p1640	జానగు దేవయానముల చాలున వచ్చి ద్యుషద్వితానముల్‌\nపూని, నమో యన న్వడినిఁ బోవుచుఁ గానక సైకతంబులన్‌\nమానగు గంగ మెల్ల జన మంథనమందిరమందుఁ బారిజా\nతా నుపమానసూనముల నానిన భానురథంబు మీ కగున్‌.	vutpalamaala	vruttamu	దాసు శ్రీరాములు	bhakti	Surya_Dasu
p1641	హరిహరులన్‌ సదృక్షపతి యక్షములన్‌ మఱి చక్రి చక్రమున్‌\nసురలు సురంహ మల్ల యరుణు న్వరుణుండును స్థాణు స్థాణుఁడున్‌\nవిరివిగఁ గూబరంబునఁ గుబేరుఁడు గొల్వఁగ నిత్యయుక్తి మై\nపరహితవృత్తి మెచ్చు ఖరభానునిస్యందన మేలు మిమ్ములన్‌.	champakamaala	vruttamu	దాసు శ్రీరాములు	bhakti	Surya_Dasu
p1642	నయనాహీనుఁడు మూలమం దలరఁగా నాకౌకసుల్‌ పాదముల్‌\nనియతిం గొల్వఁగ నెంతయున్‌ బలి హరుల్‌ శీఘ్రంబ లాగన్‌ మహా\nవియదంభోనిధిలోన మంథరము నా వింతై కడుం బొల్చు న\nవ్యయ రత్నంబు రథంబు తుల్యమగు భాగ్యం బిచ్చి మి మ్మేలుతన్‌.	mattebhamu	vruttamu	దాసు శ్రీరాములు	bhakti	Surya_Dasu
p1643	పగటికి బీజమున్‌ తిమిరబాధక మక్షికి నంజనంబు ము\nక్తిగవిని, ముజ్జగాలఁ దగు దీపము లొక్కటియైన ముద్ద వా\nన గురియు హేతు వబ్ధి రశనారసపానము పెద్దచెంబు పే\nర్మి గలుగు సూర్యమండలము మీకునుఁ గోరిక లిచ్చుగావుతన్‌.	champakamaala	vruttamu	దాసు శ్రీరాములు	bhakti	Surya_Dasu
p1644	చెలియలికట్ట మీఱి పడు సింధువునీటియలై సగంబు ము\nన్నలమిన పెద్దచుక్కలకు ద్వారనభం బయి కొంచె కొంచెమై\nపొలుచు వసంతుమోమునను బొట్టయి చీఁకటిగొట్టి ప్రాగ్గిరిన్‌\nగలికితురాయి యైన దిననాథుని బింబము మీకు మేలిడున్‌.	champakamaala	vruttamu	దాసు శ్రీరాములు	bhakti	Surya_Dasu
p1645	మేలిమికొండకుందనము మీఁదను జెక్కిన కెంపు నీలిమం\nదేలిన నల్వకల్వలకు దిమ్మెకుఁ జుట్టును వ్రీలు జూలునుం\nగాలము పేరి వ్యాళము ఫణామణియై, ఘనమై, సదా జగ\nజ్జాలము మండనంబగు త్విషాంపతిమండల మేలు మిమ్ములన్‌.	vutpalamaala	vruttamu	దాసు శ్రీరాములు	bhakti	Surya_Dasu
p1646	రేదొరరూపు సున్నయగు రిక్కల కేరును దిక్కులేరు దా\nమోదర కౌస్తుభంబు చెడు నోటమిపాలగు నగ్గి కల్ల లం\nబోదరుతండ్రి చూ పడఁగు నొప్పుగ దీనిప్రభల్‌ తమంబులన్‌\nభేదిలఁ జేయునట్టి రవిబింబము సేయు మిముం బునీతులన్‌.	vutpalamaala	vruttamu	దాసు శ్రీరాములు	bhakti	Surya_Dasu
p1647	తొలుతను తూర్పునం బొడిచి తూరుపుపే ర్దిశ కిచ్చు రెండు జా\nములతరి బగ్గనం దివసముం బొనరించుఁ గ్రమమ్ముగం జగ\nమ్ములఁ దపియింపఁ జేయు మది ప్రోచును జీవన మౌచు పుట్టువున్‌\nగలుగఁగఁజేయు నిట్టి దిననాథుని బింబము ముక్తి మీ కిడున్‌.	champakamaala	vruttamu	దాసు శ్రీరాములు	bhakti	Surya_Dasu
p1648	గలగల యెండు నేలల యగుం జలధుల్‌ కులపర్వతంబులున్‌\nదిలతులనంబులై నలుగు దిట్టపుఁ గాఁక యుగావసానవే\nళల నని లోకరక్షణపరాయణత న్నిఖిల ప్రభావళుల్‌\nమెలపక వెల్గుమాత్ర మిడు మిత్రునిబింబము మీ ముదంబిడున్‌.	champakamaala	vruttamu	దాసు శ్రీరాములు	bhakti	Surya_Dasu
p1649	శ్రితవిధులై బుధుల్‌ శ్రుతుల సిద్ధుల గీతిని సౌరగాతలున్‌\nజతురతఁ జాటు గర్భముగఁ జారణులు న్యతబుద్ధి యాతుధా\nనతతి ముహుర్ముహుర్నతఘనాహులు సార్ఘ్యము సాధ్యులున్‌ మహా\nవ్రతనియతిన్‌ ముముక్షువులు పక్షతఁ గొల్చు నవాద్రి మీకగున్‌.	champakamaala	vruttamu	దాసు శ్రీరాములు	bhakti	Surya_Dasu
p1650	బంగరుతమ్మి గంగఁ బ్రతిభం గనువాడదు నందనంబునన్‌\nదుంగు సుమాళిలక్ష్మి కడు దోడదు నెండదు మేరుశృంగముల్‌\nరంగు లెసంగుగాని చెదరంగఁ గరంగవు సత్కృపాప్తి ని\nబ్భంగిని మార్దవంబు గల భాగ్య మహమ్ము నినుండు మీకగున్‌.	vutpalamaala	vruttamu	దాసు శ్రీరాములు	bhakti	Surya_Dasu
p1651	చీకటి నొక్కదానిన గ్రసింపదు కల్మష కిల్బిషంబులన్‌\nనూకునుఁ దమ్మిమాత్రము వినోది నొనర్పదు భక్తబోధన\nశ్రీకము కేవల మ్మహిమ చేయదు శ్రేయముగూర్చు నుద్యమం\nబేకము పూనియుం బను లనేకము సేయు నినుండు మీ కగున్‌.	vutpalamaala	vruttamu	దాసు శ్రీరాములు	bhakti	Surya_Dasu
p1652	పరవశవృత్తి చెయ్వుడిగి ప్రక్కలఁ బండి నిరాశ నూర్చి యే\nదరిఁ గనఁ జీఁకటై నెగులు దాల్చినయట్లు జగంబు జేయుచున్‌\nమఱియొక లోక మభ్యుదయమాన్యము సేయఁగఁబోవునట్టి భా\nస్కరుఁడు శుభక్రియాకలన సంతతము న్మిముఁ బ్రోచుఁ గావుతన్‌.	champakamaala	vruttamu	దాసు శ్రీరాములు	bhakti	Surya_Dasu
p1653	నిలుకడ లేదు లోకగతి నిల్చునుఁ దత్పరిపాలనంబునన్‌\nవెలుఁగున లోకదృష్టి మిఱుమి ట్లగు లోపలిదృష్టి మే లగున్‌\nబలితపు లోకతాపమగు మౌనుల నిర్వృతి కారణం బగున్‌\nలలి నిటుఁ బ్రాగ్దిశాధికవిలాసుఁడు భానుఁడు మీకు మేలిడున్‌.	champakamaala	vruttamu	దాసు శ్రీరాములు	bhakti	Surya_Dasu
p1654	కాలము దప్పవాఱయిన కాఱులు పండు సువృష్టిఁ జేలు దే\nవాళి మఘంబులం దనియు నప్పవమానుఁడు వీఁచు జుక్కలున్‌\nదూలవు, మోచు నద్రు లిలఁ దోయధిమేరను మీఱ దాశలున్‌\nమేలగు నిట్లు ముజ్జగము నిల్పు దివాకరుఁ డేలు మిమ్ములన్‌.	vutpalamaala	vruttamu	దాసు శ్రీరాములు	bhakti	Surya_Dasu
p1655	చక్కనిచుక్కఁ బ్రక్క నిడి శంభుఁడు గ్రుమ్మఱు వెండి కొండపై\nన క్కడలి న్మురారి యహియందు సుఖంబుగ నిద్రబోవు దా\nన క్కమలాసనుండు దినమంతయుఁ జిత్తనిరోధ మూనుఁ బెం\nపెక్క నితండు ముజ్జగమునేలఁగ నీ రవి మిమ్ముఁ బ్రోచుతన్‌.	vutpalamaala	vruttamu	దాసు శ్రీరాములు	bhakti	Surya_Dasu
p1656	బింబము ఋక్కులై, లసదభీశులు సామములై యణుస్థితిన్‌\nబింబము నొందువాఁడు మహనీయ యజుశ్రుతియై త్రయీమయా\nడంబరమూర్తి యంచు నెదుటంబడి వైదికులెల్ల మ్రొక్క స్వ\nర్గం బపవర్గ మిచ్చు గ్రహరా జొసగున్‌ సిరి మీకు నిత్యమున్‌.	vutpalamaala	vruttamu	దాసు శ్రీరాములు	bhakti	Surya_Dasu
p1657	అయ్యల్‌ లోకహితప్రచారులు సురేంద్రాదుల్‌ సుతుల్‌ దైత్యులున్‌\nవ్రయ్యల్‌ సేసిన జోదు లయ్యదితి కెవ్వారున్న మౌనివ్రజం\nబయ్యాదిత్యపదంబు వీని కగుఁగా కంచు న్నుతుల్‌ సేయు గ\nక్షయ్యప్రాభవుఁ డైన సూర్యుఁడు సమస్తశ్రీలు మీకిచ్చుతన్‌.	saardulamu	vruttamu	దాసు శ్రీరాములు	bhakti	Surya_Dasu
p1658	వెలుఁగున మంటిమేలిమియు వృష్టిజలాకృతి సంస్కృతి న్మహా\nనిల తనువుష్ణిమన్‌ జగతి నిప్పుమెయిన్‌ మదిఁ గోర్కెలిచ్చి యు\nజ్జ్వలలితమూర్తి యున్కి మినుచాయయు దర్శనుఁ జంద్రురూపు ని\nట్లలరి స్వమూర్తితో నెనిమిదౌ శివలీలల ప్రొద్దు మీ కగున్‌.	champakamaala	vruttamu	దాసు శ్రీరాములు	bhakti	Surya_Dasu
p1659	లలిత నవప్రఫుల్ల కమలాకరభూషణ పాదశోభియై\nదల మగు భక్తి మింట వినతాసుతుఁ డర్మిలి దారితోడుగా\nనెలమిని యేడుగుఱ్ఱముల యెక్కుడు లోకముమీఁది దేవతల్‌\nగొలువ మురారి పాటి నెసగుం గమలాప్తుఁడు మిమ్ముఁ బ్రోచుతన్‌.	champakamaala	vruttamu	దాసు శ్రీరాములు	bhakti	Surya_Dasu
p1660	కమలము లుద్భవం బొసఁగు కారణమై యచలోదయప్రధా\nన మయిన ముజ్జగంబుపయినం గల ధామము దుర్గమంబుగా\nనమరఁ బ్రసన్నకాంతిఁ జతురాస్యత రెండవబ్రహ్మయో యనం\nవిమలతరాత్మభూతి గల వే వెలుఁ గిచ్చును మీకు సిద్ధులున్‌.	champakamaala	vruttamu	దాసు శ్రీరాములు	bhakti	Surya_Dasu
p1661	ఇక్కడి పశ్చిమాద్రి నిజ మెంచిన నక్కడి తూర్పుకొండ యౌ\nనిక్కడ పండువెన్నెల పయిం బడ నక్కడ నెండ మెండగున్‌\nజిక్కఁడు దేశకాలముల చేతికి వానిన లోఁగొనున్‌ సదా\nయిక్కతనం ద్రిలోకహితుఁ డౌ నుతుఁ డా తపనుండు మీ కగున్‌.	vutpalamaala	vruttamu	దాసు శ్రీరాములు	bhakti	Surya_Dasu
p1662	వ్యగ్రము లగ్ర్యసుగ్రహభహారిగురుల్‌ సముదగ్రలీలఁ బ్ర\nత్యగ్రము లీషదుగ్రములు నౌ నురుగోవుల గోవు గౌరతా\nభాగ్రతిఁ బ్రాగ్గిరి న్నిలచి ప్రాచి సరాగసురాగగా, దినం\nబగ్రమునందుఁ జేసెడి గ్రహాగ్రణి మీ కగు నగ్రగస్థితిన్‌.	vutpalamaala	vruttamu	దాసు శ్రీరాములు	bhakti	Surya_Dasu
p1663	వేదగురుండు పద్మజుఁడు విష్ణుఁ డజేయుఁడు శూలి శంభుఁడున్‌\nశ్రీదుఁడు యక్షుఁ డయ్యముఁడు మృత్యువు పావకుఁ డగ్ని యంచు డి\nద్ధాదిపదంబు లట్లని సుధాంధులకుం బడెనంచు నామ మ\nర్యాదలు సార్థకంబుగఁ దనంత వహించిన ప్రొద్దు మీకగున్‌.	vutpalamaala	vruttamu	దాసు శ్రీరాములు	bhakti	Surya_Dasu
p1664	నాథుండు బహుమంది నాటకస్త్రీలతో గలిసియున్నాడని కబురువింటి\nమగువలతోగూడి మఱచియున్నాడట రాధపై గృప యేల రాకపోయె\nబిలిచి చిన్నప్పుడు ప్రీతిజేసినవాడె యతివరో యిపుడేల యలిగినాడు\nనెలతరో నావల్ల నేరమేమున్నది మాటాడమని నీవు మందలించి	seesamu	upajaathi		bhakti	Taadimallarajagopaala
p1665	నాథుని కస్తూరినామంబు గన్గొని కలికి యెవ్వతె వాని గౌగిలించె\nదక్కుచు నా యింటి దగ్గర రాకుండ మాటున బెట్టిన మగువ యెవతె\nప్రియుని నా పనుల కొప్పించిన దెవ్వతె దానికి నా యుసుర్తగులుగాక\nదోషమంచెన్నక దుడుకులాడెవ్వతె మన్నన రావించి మరులుకొల్పె	seesamu	upajaathi		bhakti	Taadimallarajagopaala
p1666	కౌస్తుభమణిహారకంకణంబుల జూచి రానియ్యదయ్యె నా రమణి యెవతి\nనాసాగ్రమందున్న నవమౌక్తికము జూచి వలచిన దెవ్వతె నాడు వల్ల-\nభుని హరిచందనము మేన నలదికొన్నది చూచి పరిమళగంధి యెవతె పక్కజేర్చె\nశంఖచక్రములున్న పొంక మెవ్వతె చూచి బలవంతమున వాని భ్రమలు గొల్పె	seesamu	upajaathi		bhakti	Taadimallarajagopaala
p1667	పద్మగర్భుని వ్రాత బరిహార మొనరింప వశమటే యెంతటివారికైన\nబగతుడై యా బ్రహ్మ బలవంతమున నన్ను గుత్సితునకు నొనగూర్చెనమ్మ\nవేషధారికి నేను వెలదినై యుండగ సుదతిరో సంసారసుఖమెఱుంగ\nమును నీవీ రీతులనన్నియు జూచిన యప్పుడే కాదని చెప్పనైతి	seesamu	upajaathi		bhakti	Taadimallarajagopaala
p1668	వ్రేపల్లెవాడలో గాపైన కృష్ణుని గూర్చిన నీకిత్తు గుండ్లపేరు\nచెలియరో యీవేళ జెలికాని దెచ్చిన సఖియరో నా బన్నసరములిత్తు\nవగకాని నీవేళ వదలక తెచ్చిన కలికిరో పౌజుల కమ్మలిత్తు\nమొగమిచ్చి నాతోను ముచ్చటాడించిన ముత్యాలసరములు ముదిత యిత్తు	seesamu	upajaathi		bhakti	Taadimallarajagopaala
p1669	విరులు సరంబులు వింతగా సవరించి క్రొమ్ముడిలో జేర్చుకొన్నదనవె\nజిగివన్నె బంగారుచీరలు రత్నాలు దాపిన రవికయు దాల్చెననవె\nసఖియ పున్నమనాటి చందురుకన్నను మిన్నయై మెఱయుచున్నదనవె\nనీమీద ప్రేమతోనిండార నేవేళ దైవము బ్రార్థించు తరుణి యనవే	seesamu	upajaathi		bhakti	Taadimallarajagopaala
p1670	తరుణి నా యధరామృతముగోరు నా పతికిప్పుడు విసము నేనెట్టులైతి\nనతనికి నా నేస్త మతిదూరమేయుండ నెవ్వతె చేసెనో యెఱుగనైతి\nమగువ చిన్నప్పటిమాటలో చోద్యముల్ గలుగు నాకెపుడని గర్వపడితి\nబడతి నన్నందఱి పాటిగా నెంచక యెక్కువ లాలించు టెఱుగనైతి	seesamu	upajaathi		bhakti	Taadimallarajagopaala
p1671	లంచమియ్యకను రానంచు బొమ్మనువాని నప్పుడే యేమైన నడుగనైతి\nమొలకనవ్వుల ముద్దుమోము జూచినయంత నాతని గుణము లే నరయనైతి\nమా తల్లిదండ్రుల మాటలాలింపక కుటిలబుద్ధిని గూడి కోలుపోతి\nవేగిరపడి నేను వేడుకొంటిని గాని సవతిపోరనుచు నే జడియనైతి	seesamu	upajaathi		bhakti	Taadimallarajagopaala
p1672	బాణజాలంబుల పాలు సేయగనేల కాముడా నీ రూపు కాలిపోను\nచెవులు చిందరగొన జెలగి కూయగనేల కోకిల నీ యుల్లు గూలిపోను\nప్రళయాగ్నిరూపమై పట్టుగా విసరెడు పవనుడ నినుఁ ద్రాచుపాము మ్రింగ\nవెన్నెల గురిపించి వేడి చూపగనేల చంద్రుడా నీ రూపు సమసిపోను	seesamu	upajaathi		bhakti	Taadimallarajagopaala
p1673	దశరథనందన ధాత్రీశయచ్యుత దైతేయహర మీకు దండమయ్య\nగౌతమాంగనశాపకలుషంబు బాపిన ధర్మాత్మ హరి మీకు దండమయ్య\nవనచరవందిత వారిధిబంధన దశకంఠసంహార దండమయ్య\nగోపాలసేవిత గోపీమనోహర తాపసనుత మీకు దండమయ్య	seesamu	upajaathi		bhakti	Taadimallarajagopaala
p1674	వాదించుచును నీవు వద్దను గూర్చుండి తగులాట బెట్టుట తగవుగాదు\nవారు వీరనుకొన్న వట్టిమాటలగూర్చి చాడీలు చెప్పుట సమముగాదు\nచిన్నవాడవుగాదు తన్నులాడించను బాల్యమా యిది నీకు బాగుగాదు\nపదియేండ్లలోపల బాలుడవై యుండి గోవర్ధనాద్రిని గొడుగుగాను	seesamu	upajaathi		bhakti	Taadimallarajagopaala
p1675	అవతారమెత్తుచు హతము సేయుటగాని గొనసాగనీయవు గొల్లబిరుదు\nవంచించి మరి గొల్లవారల నందఱ చిక్కుబెట్టుచు నీవు చెలగినావు\nబలిచక్రవర్తిని బంధించితివిగాని పాపమెఱుంగవు పడుచవగుచు\nసుఖము నెరుంగగా సూటివౌదువెకాని బిరుదైన చక్కని పేరు గనవు	seesamu	upajaathi		bhakti	Taadimallarajagopaala
p1676	ఎనమండ్రు పట్టపుటింతుల విడనాడి నలినాక్ష విరహివైనావు గావ\nపదియారువేల యా పడతులకోసమై నరకాసురుని గొట్టినావు గావ\nభూపతివై పుట్టి బోరజొచ్చితిగాని యాద్యవతారమై యలరినావ\nమకరిని చాటున మదమడంచితిగాని సమముగా జగడము సలిపినావ	seesamu	upajaathi		bhakti	Taadimallarajagopaala
p1677	జనకుడన్ బహుశాంతశాలి సముఖమ్మున విఱువరానట్టి విల్విరచినాను\nయవనిపుత్రిక సీత నతివేగముగ నేను గెల్చుకొంటిని భూమికీర్తికొఱకు\nజోడుగా భూపుత్రికూడ వేడుక లలరంగ నయ్యోధ్యాపురంబు జేరి\nతల్లిదండ్రుల నన్నదమ్ముల మెలగుచు రారాజునైతి నో రమణి నేను	seesamu	upajaathi		bhakti	Taadimallarajagopaala
p1678	రహి లక్ష్మణుండను రాజును గాపిడి సీతను చెరసాల చేసివావు\nమారీచుడని నీవు మర్మంబుగానక గాసిల్ల నమ్మున నేసినావు\nహా లక్ష్మణా యని యా మృగంబటు గూయ వడిగ నీకోసమె వచ్చినాడు\nరథమెక్కి యత్తరి రావణుం డరుదెంచి సీతను భీతిల్లజేసినాడు	seesamu	upajaathi		bhakti	Taadimallarajagopaala
p1679	చెంగల్వకొలనిలో శృంగారసతులెల్ల జలక్రీడలాడిన జాడ గంటి\nసిగ్గులేకను బట్టుచీరలన్నియు విప్పిపెట్టిన జాడ నేనట్టె గంటి మగువరో\nయా చీరమడతలన్నియు గొని చెలియరో యా పొన్నచెట్ల నిడితి భామ\nఅందఱు గూడి బట్టబైలను నిల్చి ముమ్మారు మ్రొక్కిరి ముద్దుగాను	seesamu	upajaathi		bhakti	Taadimallarajagopaala
p1680	నిర్మింపగలవాడు నీలుఁడుండఁగ గదా వారిధి బంధించి వచ్చినావు\nబడలికచే నిద్ర భ్రమసియుండఁగ గదా కుంభకర్ణుని నేల గూల్చినావు\nదైవగతికి దప్పు దనుజులనందఱ సంహరించను నీవు చాలినావు\nయింతటివాఁడవై యింద్రజిత్తుని నాగపాశముచే జిక్కి బడలినావు	seesamu	upajaathi		bhakti	Taadimallarajagopaala
p1681	మగువరో కాళిందిమడువులోపల గ్రుంకి ఫణిగర్వ మే నెడబాపినాను\nవనిత నరయబోయి వాలి నా క్షణమందు గురిబెట్టి దెబ్బను గూల్చినాను\nవనజాక్షిరో ఱాళ్ళవానలు గురియగా బలుకొండ గొడుగుగా బట్టినాను\nపశువులతో చిన్నిబాలుఁడనయియుండి గోవుల పాల్వెన్న గ్రోలినాను	seesamu	upajaathi		bhakti	Taadimallarajagopaala
p1682	చెలగుచు నీ వొక్క చెట్టుచాటుననుండి వాలిని నేయుట వరుస గాదు\nఊరక పడియున్న యురగంబుపై నీవు పాదంబు మోపుట ప్రజ్ఞ గాదు\nవానకోసము నీవు వలి బట్టియుండగా బర్వతమెత్తుట బరువు గాదు\nమందగొల్లలతోన బొందుగా మెలఁగుచు బాలన్ని గ్రోలుట లీల గాదు	seesamu	upajaathi		bhakti	Taadimallarajagopaala
p1683	పాముమీఁదను జేరి సాము జేసినవాఁడవగుట సద్గుణమెట్లు వచ్చు నీకు\nపాలీయవచ్చిన పడతి జంపినవాఁడ చెలులపై నెనరేల గలుగు నీకు\nమేనమామను గంసు మీఱి త్రుంచినవాడ నెనరుమాటల నేమి నీకు ఘనత\nపసులగాపరివాండ్ర పలుకులు వినువాడ భావజు రతి నేమి భ్రాంతి నీకు	seesamu	upajaathi		bhakti	Taadimallarajagopaala
p1684	పాముమీఁదను జేరి సాము జేసితివంటె విషమైన జంతువు విడువనగునె\nపాలీయవచ్చిన పడతి జంపితివంటె దగవుమాలినయట్టి ధర్మమగునె\nమేనమామను గంసు మీఱి ద్రుంచితివంటె దుష్టనిగ్రహము నదోషమగును\nపసులగాపరివాండ్ర పలుకులు వినకుంటె లీలావినోదంపు కేళియగునె	seesamu	upajaathi		bhakti	Taadimallarajagopaala
p1685	గలిగి శోభిల్లు నీమూర్తిఁ దలచి నీకు, సీసశతకంబు చెప్పెదఁ జిత్తగింపు\nకలితలక్ష్మీశ సర్వజగన్నివేశ, విమలరవికోటిసంకాశ వేంకటేశ.	teytageethi	upajaathi	తాళ్ళపాక పెదతిరుమలార్య	bhakti	Venkatesa
p1686	ధర్మంబుగలచోటఁ దలకొను జయమెల్ల, దయగలచో సుకృతంబు నిలుచు\nసత్యంబుగలచోట సమకూరు శుభములు, నేమంబుగలచోట నిలుచు సిరులు\nపాడిగల్గినచోటఁ బంతంబులీడేఱు, దాక్షిణ్య మున్నచోఁ దగులు మైత్రి\nభక్తిచేసినచోట ఫలమిచ్చు దైవంబు, మనసు నిల్పినచోట మలయు సుఖము	seesamu	upajaathi	తాళ్ళపాక పెదతిరుమలార్య	bhakti	Venkatesa
p1687	లితరమగుచోట వెదకిన నేలయుండు, సొరదినీదైనకృపగలచోటఁగాక\nకలితలక్ష్మీశ సర్వజగన్నివేశ, విమలరవికోటిసంకాశ వేంకటేశ.	teytageethi	upajaathi	తాళ్ళపాక పెదతిరుమలార్య	bhakti	Venkatesa
p1688	సరసునకుఁగాక వివరింప సద్గుణంబు, లెందుఁజూచిన మందున కేల గలుగు\nకలితలక్ష్మీశ సర్వజగన్నివేశ, విమలరవికోటిసంకాశ వేంకటేశ.	teytageethi	upajaathi	తాళ్ళపాక పెదతిరుమలార్య	bhakti	Venkatesa
p1689	తపసికి నేటికిఁ దలపోయ రోషంబు, బ్రాహ్మణునకు నేల పాపచింత\nబుద్ధిమంతునకేల పొసఁగని సఖ్యంబు, పరమయోగికి నేల ప్రజలరచ్చ\nమహిరాజునకునేల బహుజనద్వేషంబు, కార్యవంతునకేల కడుఁ జలంబు\nకీర్తికామునకేల కెరలినలోభంబు, మంచివానికి నేల మంకుగుణము	seesamu	upajaathi	తాళ్ళపాక పెదతిరుమలార్య	bhakti	Venkatesa
p1690	కీడుమేలును మతివితర్కించి చూచి, భవ్యగుణములను గొల్చి బ్రతుకవలయు\nకలితలక్ష్మీశ సర్వజగన్నివేశ, విమలరవికోటిసంకాశ వేంకటేశ.	teytageethi	upajaathi	తాళ్ళపాక పెదతిరుమలార్య	bhakti	Venkatesa
p1691	శరణుసొచ్చిన యటువంటి జనులకెల్లఁ, గావఁ బ్రోవఁగఁ దాతవు గలవు నీవు\nకలితలక్ష్మీశ సర్వజగన్నివేశ, విమలరవికోటిసంకాశ వేంకటేశ.	teytageethi	upajaathi	తాళ్ళపాక పెదతిరుమలార్య	bhakti	Venkatesa
p1692	ఎఱిఁగి వీరలతోఁ బొందునెఱపవలయు, గుఱుతెఱింగిన సద్వివేకులకు నెల్ల\nకలితలక్ష్మీశ సర్వజగన్నివేశ, విమలరవికోటిసంకాశ వేంకటేశ.	teytageethi	upajaathi	తాళ్ళపాక పెదతిరుమలార్య	bhakti	Venkatesa
p1693	గాన బుధులీ గుణంబులు మానకెపుడు, తగిలి మిమ్ముభజింతురు తలఁచితలఁచి\nకలితలక్ష్మీశ సర్వజగన్నివేశ, విమలరవికోటిసంకాశ వేంకటేశ.	teytageethi	upajaathi	తాళ్ళపాక పెదతిరుమలార్య	bhakti	Venkatesa
p1694	మెలగనేర్చిన యట్టి ధార్మికునకెందుఁ, గలుగు శుభములు మీ కటాక్షంబువలన\nకలితలక్ష్మీశ సర్వజగన్నివేశ, విమలరవికోటిసంకాశ వేంకటేశ.	teytageethi	upajaathi	తాళ్ళపాక పెదతిరుమలార్య	bhakti	Venkatesa
p1695	గడుసరిఁ దాటోటుఁ గష్టు వేడుకకానిఁ, గలహప్రియుని ధూర్తుఁ గపటచిత్తు\nసుంకరి జూదరి జూటు ననాచారి, మునిముచ్చుఁ జలపాది ముడియవిడుపుఁ\nగుచ్చితు నపకారిఁ గుటిలాత్ము నవివేకిఁ, గైలాటకానిఁ డక్కరిఁ దుటారి\nవేఁటకానిఁ బిసాళి వెఱ్ఱి నప్పులపోతు, మాయదారిని జారుమద్యపానిఁ	seesamu	upajaathi	తాళ్ళపాక పెదతిరుమలార్య	bhakti	Venkatesa
p1696	జేరవలదు మఱిపొందుసేయఁ దగదు మానవున కర్థితోఁ గలలోననైన\nకలితలక్ష్మీశ సర్వజగన్నివేశ, విమలరవికోటిసంకాశ వేంకటేశ.	aataveladi	upajaathi	తాళ్ళపాక పెదతిరుమలార్య	bhakti	Venkatesa
p1697	సలుపవలయును బ్రతిదివసంబునందు, నయమెరింగినయట్టి భూనాయకుండు\nకలితలక్ష్మీశ సర్వజగన్నివేశ, విమలరవికోటిసంకాశ వేంకటేశ.	teytageethi	upajaathi	తాళ్ళపాక పెదతిరుమలార్య	bhakti	Venkatesa
p1698	గాన సకలంబుఁ దలపోసి ఘనతమెఱసి, చెలఁగుపురుషుండె మిగుల నిశ్చింతుఁడరయ\nకలితలక్ష్మీశ సర్వజగన్నివేశ, విమలరవికోటిసంకాశ వేంకటేశ.	teytageethi	upajaathi	తాళ్ళపాక పెదతిరుమలార్య	bhakti	Venkatesa
p1699	పదరఁ బనిలేదు నీతిసంపన్నునకును, బలిమినొయ్యన నానాఁట బ్రబలవలయు\nకలితలక్ష్మీశ సర్వజగన్నివేశ, విమలరవికోటిసంకాశ వేంకటేశ.	teytageethi	upajaathi	తాళ్ళపాక పెదతిరుమలార్య	bhakti	Venkatesa
p1700	పలుమాఱు శపథము ల్పలికెడు నాతండు, పూటలు వడునట్టి పోటువాడు\nకూటసాక్షులకును గురియైనయాతండు, నట నింటివారితో నలుగువాడు\nవిభుని రహస్యము ల్వెలిపుచ్చునాతండు, పరులచే లంచము ల్పట్టువాఁడు\nకుడుచునింటికిఁ జేటు కోరెడునాతండు, మహినుపకారంబు మఱచువాఁడు	seesamu	upajaathi	తాళ్ళపాక పెదతిరుమలార్య	bhakti	Venkatesa
p1701	పడునధోగతి నిహమును బరములేక, కొఱకునకుఁబోయు బడిగంటఁగూలుకరణి\nకలితలక్ష్మీశ సర్వజగన్నివేశ, విమలరవికోటిసంకాశ వేంకటేశ.	teytageethi	upajaathi	తాళ్ళపాక పెదతిరుమలార్య	bhakti	Venkatesa
p1702	మింతకంటెను మేలు లే దెంచి చూడ, మహిత నీతిజ్ఞులైనట్టి మానవులకు\nకలితలక్ష్మీశ సర్వజగన్నివేశ, విమలరవికోటిసంకాశ వేంకటేశ.	teytageethi	upajaathi	తాళ్ళపాక పెదతిరుమలార్య	bhakti	Venkatesa
p1703	బురుషరత్నంబులని యండ్రు బుధులు వీరి, నితరు లెల్లను సామాన్యు లెంచిచూడ\nకలితలక్ష్మీశ సర్వజగన్నివేశ, విమలరవికోటిసంకాశ వేంకటేశ.	teytageethi	upajaathi	తాళ్ళపాక పెదతిరుమలార్య	bhakti	Venkatesa
p1704	మట్టుమీఱక లోకసమ్మతముగాఁగ, గుట్టుతోడుత మెలఁగినఁ గోటిసేయుఁ\nకలితలక్ష్మీశ సర్వజగన్నివేశ, విమలరవికోటిసంకాశ వేంకటేశ.	teytageethi	upajaathi	తాళ్ళపాక పెదతిరుమలార్య	bhakti	Venkatesa
p1705	ఘనవివేకులు వీరలగతులు దెలసి, వ్యసనములు మాని నడువంగవలయు నిలను\nకలితలక్ష్మీశ సర్వజగన్నివేశ, విమలరవికోటిసంకాశ వేంకటేశ.	teytageethi	upajaathi	తాళ్ళపాక పెదతిరుమలార్య	bhakti	Venkatesa
p1706	తన పురాకృతముచేఁ దగులపోరాదు, బ్రహ్మవ్రాఁతకు మాఱు పలుకరాదు\nపంచాస్త్రునస్త్రము ల్పట్టి చూడఁగరాదు, ప్రకృతిస్వభావ మాఁపంగరాదు\nదైవికం బెల్లను దప్పింపగారాదు, కాల మెవ్వరికినిఁ గడపరాదు\nపోయినప్రాణంబు పొదపెట్టి తేరాదు, గతజలంబుల నడ్డకట్టరాదు	aataveladi	upajaathi	తాళ్ళపాక పెదతిరుమలార్య	bhakti	Venkatesa
p1707	ఏమిచేయఁగవచ్చు సర్వేశ్వరాజ్ఞ, వరుస నెంతటివారికి వగవవలదు\nకలితలక్ష్మీశ సర్వజగన్నివేశ, విమలరవికోటిసంకాశ వేంకటేశ.	teytageethi	upajaathi	తాళ్ళపాక పెదతిరుమలార్య	bhakti	Venkatesa
p1708	యెందులకునౌను సంసారి యేమిసేయుఁ, గలిగినది తొంటి తన కర్మ ఫలముగాక\nకలితలక్ష్మీశ సర్వజగన్నివేశ, విమలరవికోటిసంకాశ వేంకటేశ.	teytageethi	upajaathi	తాళ్ళపాక పెదతిరుమలార్య	bhakti	Venkatesa
p1709	ధర్మవిదుఁ డిట్టివారల దగులకెపుడు, వెలయ సన్మార్గవర్తియై మెలగవలయు\nకలితలక్ష్మీశ సర్వజగన్నివేశ, విమలరవికోటిసంకాశ వేంకటేశ.	teytageethi	upajaathi	తాళ్ళపాక పెదతిరుమలార్య	bhakti	Venkatesa
p1710	నట్లు గావున నసమాన మైనవైర, మెట్టివారికిఁ దగవుగా దెంచి చూడ\nకలితలక్ష్మీశ సర్వజగన్నివేశ, విమలరవికోటిసంకాశ వేంకటేశ.	teytageethi	upajaathi	తాళ్ళపాక పెదతిరుమలార్య	bhakti	Venkatesa
p1711	మోసపోయిన మఱిరాదు మొదలిచంద, మెఱిఁగి నడచినవాఁడెపో యెక్కుడెందు\nకలితలక్ష్మీశ సర్వజగన్నివేశ, విమలరవికోటిసంకాశ వేంకటేశ.	teytageethi	upajaathi	తాళ్ళపాక పెదతిరుమలార్య	bhakti	Venkatesa
p1712	ధరణిదారిద్ర్యంబు దైన్యంబు నొందించు, బహుభీతి కార్పణ్యపడఁగఁ జేయు\nశంక యూరకయైన సరిదోడు వెదకించుఁ, బలులంపటుత్వము ల్భంగపఱుచుఁ\nదనసిగ్గు దనుదానె తలవంచికొనఁ జేయుఁ, జేసిననేరమి చింతఁ గొలుపు\nదడి నీచకృత్యంబు దహమాన మొదవించుఁ, జెందివృద్ధత్వంబు శిథిలపఱుచుఁ	seesamu	upajaathi	తాళ్ళపాక పెదతిరుమలార్య	bhakti	Venkatesa
p1713	దనువిదారంబు లివియపో దర్పమణఁచు, నవ్వినట్లనె యెట్టిమానవునినైన\nకలితలక్ష్మీశ సర్వజగన్నివేశ, విమలరవికోటిసంకాశ వేంకటేశ.	teytageethi	upajaathi	తాళ్ళపాక పెదతిరుమలార్య	bhakti	Venkatesa
p1714	నరులకెల్ల వైరాగ్యంబునడచుటెట్లు, రమణతో నినుగొల్చు వారలకుఁగాక\nకలితలక్ష్మీశ సర్వజగన్నివేశ, విమలరవికోటిసంకాశ వేంకటేశ.	teytageethi	upajaathi	తాళ్ళపాక పెదతిరుమలార్య	bhakti	Venkatesa
p1715	స్వామియగువాఁడు భటునకుఁ జనవులొసఁగి, మనుపఁ దలఁచిన యట్టి సన్మార్గమిదియ\nకలితలక్ష్మీశ సర్వజగన్నివేశ, విమలరవికోటిసంకాశ వేంకటేశ.	teytageethi	upajaathi	తాళ్ళపాక పెదతిరుమలార్య	bhakti	Venkatesa
p1716	లింతకంటెను బుణ్యంబు లెందుఁగలవు, ధరణిపతులకు నరయ భూతలమునందు\nకలితలక్ష్మీశ సర్వజగన్నివేశ, విమలరవికోటిసంకాశ వేంకటేశ.	teytageethi	upajaathi	తాళ్ళపాక పెదతిరుమలార్య	bhakti	Venkatesa
p1717	చెఱుపరానిమనుష్యుఁ జెల్లదు కోపింప, వాఁడు చేఁజిక్కిన వదలఁ జనదు\nవిశ్వాసి యగువాని విడుచుట యవినీతి, ద్రవ్యాపహారిని దగదు మనుపఁ\nబాపాత్ముఁ డైనట్టి బంటు నేలఁగరాదు, ధర్మాత్ము నలఁగింపఁ దగవుగాదు\nబుద్ధిచెప్పినవాని బోలదు భర్జింప, నపరాధరహితుపై నలుక వలదు	seesamu	upajaathi	తాళ్ళపాక పెదతిరుమలార్య	bhakti	Venkatesa
p1718	వరుసనారసి యధిపులు వారి వారి, గుణములెఱుఁగుచుఁ గార్యంబు గొనఁగఁవలయు\nకలితలక్ష్మీశ సర్వజగన్నివేశ, విమలరవికోటిసంకాశ వేంకటేశ.	teytageethi	upajaathi	తాళ్ళపాక పెదతిరుమలార్య	bhakti	Venkatesa
p1719	సముఁడైన శత్రుతో సంధిచేయుట కార్య, మెక్కుడైనను గప్పమిడఁగవలయుఁ\nదఱి నల్పదళమైన దండెత్తగాఁదగుఁ, దొలఁగి దాఁగినను బోద్రోలవలయు\nనిద్దఱైనను భేద మెసఁగఁజేయుట యొప్పుఁ, గాకగగ్గోలుగాఁ గడపవలయుఁ\nజనకున్న శత్రువు సంహరించుటలెస్స, యొండె ముట్టడి చేసి యుండవలయు	mattebhamu	vruttamu	తాళ్ళపాక పెదతిరుమలార్య	bhakti	Venkatesa
p1720	రమణ నీరీతిఁ దలపోయ రాజనీతి, యిట్లునడచిన విభుఁడిల యెల్లనేలు\nకలితలక్ష్మీశ సర్వజగన్నివేశ, విమలరవికోటిసంకాశ వేంకటేశ.	teytageethi	upajaathi	తాళ్ళపాక పెదతిరుమలార్య	bhakti	Venkatesa
p1721	లంకెలొకటికినొకటి లాగుదెలియ, వరుసదప్పక ధరయేలువాఁడెరాజు\nకలితలక్ష్మీశ సర్వజగన్నివేశ, విమలరవికోటిసంకాశ వేంకటేశ.	aataveladi	upajaathi	తాళ్ళపాక పెదతిరుమలార్య	bhakti	Venkatesa
p1722	బుద్ధిఁబదరక యెప్పుడు భూవిభుండు, మెల్లనే బాహుశౌర్యంబు మెఱయుటొప్పు\nకలితలక్ష్మీశ సర్వజగన్నివేశ, విమలరవికోటిసంకాశ వేంకటేశ.	teytageethi	upajaathi	తాళ్ళపాక పెదతిరుమలార్య	bhakti	Venkatesa
p1723	యెల్లవారలు జయవెట్ట నేలుచుండి, వినుతి కెక్కిన యధిపుఁడు ఘనుఁడు దలఁప\nకలితలక్ష్మీశ సర్వజగన్నివేశ, విమలరవికోటిసంకాశ వేంకటేశ.	teytageethi	upajaathi	తాళ్ళపాక పెదతిరుమలార్య	bhakti	Venkatesa
p1724	కాఁపురముసేయు కామినిగలిగెనేని, పలుకులేటికిఁ బురుషుని భాగ్యమహిమ\nకలితలక్ష్మీశ సర్వజగన్నివేశ, విమలరవికోటిసంకాశ వేంకటేశ.	teytageethi	upajaathi	తాళ్ళపాక పెదతిరుమలార్య	bhakti	Venkatesa
p1725	వారివారికిఁ దగినట్టి వరుస దెలిసి, యరయ వలయును యజమానుఁడైనవాఁడు\nకలితలక్ష్మీశ సర్వజగన్నివేశ, విమలరవికోటిసంకాశ వేంకటేశ.	teytageethi	upajaathi	తాళ్ళపాక పెదతిరుమలార్య	bhakti	Venkatesa
p1726	యిట్లుమెఱయనిగరజన్మమేమిబ్రాఁతి, సజ్జనులు నేర్తు రీమంచి సరవిఁ దిరుగఁ\nకలితలక్ష్మీశ సర్వజగన్నివేశ, విమలరవికోటిసంకాశ వేంకటేశ.	teytageethi	upajaathi	తాళ్ళపాక పెదతిరుమలార్య	bhakti	Venkatesa
p1727	దెంత మాత్రంబు తన శక్తి యంతమాత్ర, మరసి యొనరించు నాతండె యర్హుడెందు\nకలితలక్ష్మీశ సర్వజగన్నివేశ, విమలరవికోటిసంకాశ వేంకటేశ.	teytageethi	upajaathi	తాళ్ళపాక పెదతిరుమలార్య	bhakti	Venkatesa
p1728	నరసి కానివి వర్జించి యైనపనుల, నరుఁడు వర్ధిల్లవలయు నున్నతివహించి\nకలితలక్ష్మీశ సర్వజగన్నివేశ, విమలరవికోటిసంకాశ వేంకటేశ.	teytageethi	upajaathi	తాళ్ళపాక పెదతిరుమలార్య	bhakti	Venkatesa
p1729	దుష్టబుద్ధులు మెలఁగెడి త్రోవ వలదు, నియతవర్తన మెలఁగెడి నేర్పరులకు\nకలితలక్ష్మీశ సర్వజగన్నివేశ, విమలరవికోటిసంకాశ వేంకటేశ.	teytageethi	upajaathi	తాళ్ళపాక పెదతిరుమలార్య	bhakti	Venkatesa
p1730	తగిన తమతమవర్తనఁ దగినపాటి, నేర్చినట్లన బ్రతుకుట నీతి యెపుడు\nకలితలక్ష్మీశ సర్వజగన్నివేశ, విమలరవికోటిసంకాశ వేంకటేశ.	teytageethi	upajaathi	తాళ్ళపాక పెదతిరుమలార్య	bhakti	Venkatesa
p1731	తనభక్తి నిజమైన దైవంబు మెచ్చును, మన సొక్కటైనను మలయు సుఖము\nమాట మంచిదియైన మగువలు వలతురు, సాహసియైన నుత్సాహ మొనరు\nబుద్ధి శాశ్వతమైన భువి యెల్లి నేలును, బ్రతుక నేర్చినను శుభంబు లొదవు\nసరి నీవి గలిగిన జగమెల్లి వశమౌను, నుద్యోగపరుడైన నొదవు ధనము	seesamu	upajaathi	తాళ్ళపాక పెదతిరుమలార్య	bhakti	Venkatesa
p1732	చతురుఁ డగువాని కెప్పుడు జగము లోనఁ, జంజరింపక మెలఁగిన సకలజయము\nకలితలక్ష్మీశ సర్వజగన్నివేశ, విమలరవికోటిసంకాశ వేంకటేశ.	teytageethi	upajaathi	తాళ్ళపాక పెదతిరుమలార్య	bhakti	Venkatesa
p1733	నడుమంత్రమా యిది యీకర్మంబు, నేఁటిదా జగము వర్ణించి చూడ\nనెంచఁగ వశములా యేండ్లెవ్వరికైన, నుడిగెనా జన్మంబు లొల్ల మనిన\nసాలీనిపోగులా సంసారపాశంబు, లల్పమా బ్రహ్మాండ మరసి తెలియ\nనీటిపై వ్రాఁతలా నీరజాసను వ్రాత, లెఱిఁగెనా తత్త్వంబు లింతలోన	mattebhamu	vruttamu	తాళ్ళపాక పెదతిరుమలార్య	bhakti	Venkatesa
p1734	నెంతవారికిఁ దెలియంగ నెట్లువచ్చు, నీప్రభావంబు లన్నియు నీక కాక\nకలితలక్ష్మీశ సర్వజగన్నివేశ, విమలరవికోటిసంకాశ వేంకటేశ.	teytageethi	upajaathi	తాళ్ళపాక పెదతిరుమలార్య	bhakti	Venkatesa
p1735	మాంధాతకొనిపోఁడు మహిచేరెడైనను, గొనిపోఁడు రారాజు కొలుచుగొన్ని\nనరుఁడు గొంపోవఁడు నవరత్న మొకటైన, శిబి కొనిపోఁడొక్క చిన్నమైనఁ\nగొనిపోఁడు ఖచరుండు గోవునొక్కటియైన, వస్త్రంబుగొనుచుఁ బోవఁడు యయాతి\nగుఱ్ఱమొక్కటినైనఁ గొనిపోఁడు నహుషుండు, గజముగొంపోవఁ డొక్కటిని సగరుఁ	seesamu	upajaathi	తాళ్ళపాక పెదతిరుమలార్య	bhakti	Venkatesa
p1736	డింక నేరికి సతములౌ నేల సిరులు, తా నొనర్చిన ధర్మంబె దక్కుఁ గాక\nకలితలక్ష్మీశ సర్వజగన్నివేశ, విమలరవికోటిసంకాశ వేంకటేశ.	teytageethi	upajaathi	తాళ్ళపాక పెదతిరుమలార్య	bhakti	Venkatesa
p1737	బహువిధంబుల నీపాద భక్తిగలిగి, నెదరకుండిన యతఁడెపో సిద్ధ యోగి\nకలితలక్ష్మీశ సర్వజగన్నివేశ, విమలరవికోటిసంకాశ వేంకటేశ.	teytageethi	upajaathi	తాళ్ళపాక పెదతిరుమలార్య	bhakti	Venkatesa
p1738	ఘనులుదలపోసి యిటువంటి గతులుమాని, బ్రతుకుదురు దాము సన్మార్గ పదమునందు\nకలితలక్ష్మీశ సర్వజగన్నివేశ, విమలరవికోటిసంకాశ వేంకటేశ.	teytageethi	upajaathi	తాళ్ళపాక పెదతిరుమలార్య	bhakti	Venkatesa
p1739	నెఱిఁగి నడచిన సిద్ధించునిహముఁ బరము, సులభమిన్నింట నినుగొల్చు సుజనులకును\nకలితలక్ష్మీశ సర్వజగన్నివేశ, విమలరవికోటిసంకాశ వేంకటేశ.	teytageethi	upajaathi	తాళ్ళపాక పెదతిరుమలార్య	bhakti	Venkatesa
p1740	బహుపుణ్యుఁ డగువానిబ్రదుకది మంచిది, మనసు గెల్చినవాని మహిమమేలు\nజ్ఞానంబు గలవాని జన్మము సఫలంబు, తప్పుఁజెప్పని వాని తగవు లెస్స\nసమబుద్ధి గలవాని చరితంబు సమ్మతి, యుపమరి యగువాని యునికి బాగు\nవావి గల్గినవాని వర్తన శుభమిచ్చు, మే లెఱింగిన మెచ్చు మెచ్చు	aataveladi	upajaathi	తాళ్ళపాక పెదతిరుమలార్య	bhakti	Venkatesa
p1741	భువికినిటువంటి మనుజుండు భూషణంబు, గలుగునీకృప నీరీతి ఘనులకెపుడు\nకలితలక్ష్మీశ సర్వజగన్నివేశ, విమలరవికోటిసంకాశ వేంకటేశ.	teytageethi	upajaathi	తాళ్ళపాక పెదతిరుమలార్య	bhakti	Venkatesa
p1742	కర్తయగువాఁడు కపటుల గతులు దెలిసి, యేమఱక రాజ్యమెప్పుడు నేలవలయు\nకలితలక్ష్మీశ సర్వజగన్నివేశ, విమలరవికోటిసంకాశ వేంకటేశ.	teytageethi	upajaathi	తాళ్ళపాక పెదతిరుమలార్య	bhakti	Venkatesa
p1743	కడఁగి వీరల కీయోజఁ గర్మవశము, కర్మములు నిన్నుఁ గొలిచినఁ గాని తెగవు\nకలితలక్ష్మీశ సర్వజగన్నివేశ, విమలరవికోటిసంకాశ వేంకటేశ.	teytageethi	upajaathi	తాళ్ళపాక పెదతిరుమలార్య	bhakti	Venkatesa
p1744	నేలబ్రమయంగ నెవ్వరికేది నిజము చెలఁగి, మిముఁ గొల్చు వారిది చెడనిపదవి\nకలితలక్ష్మీశ సర్వజగన్నివేశ, విమలరవికోటిసంకాశ వేంకటేశ.	teytageethi	upajaathi	తాళ్ళపాక పెదతిరుమలార్య	bhakti	Venkatesa
p1745	వదల కెచ్చరి యుండెడువాఁడు రాజు, జగతి వర్ధిల్లునట్టి విచారపరుఁడు\nకలితలక్ష్మీశ సర్వజగన్నివేశ, విమలరవికోటిసంకాశ వేంకటేశ.	teytageethi	upajaathi	తాళ్ళపాక పెదతిరుమలార్య	bhakti	Venkatesa
p1746	వెలయనిటువంటి గుణముల వీరవరుఁడు, కలఁడు వేయింటి కొక్కడు కడమలేఁడు\nకలితలక్ష్మీశ సర్వజగన్నివేశ, విమలరవికోటిసంకాశ వేంకటేశ.	teytageethi	upajaathi	తాళ్ళపాక పెదతిరుమలార్య	bhakti	Venkatesa
p1747	నయకోవిదులు తప్ప నడచిరేనియు వారి, వరుసగా దది కర్మవశముగాని\nధనికులు భోగింపఁ దలఁపఁ జాలమి వారి, బాగుఁ గా దది జన్మఫలముగాని\nపుణ్యులు పాపంబుపొంతఁ బోయిన వారి, గతులు గా వవి దైవికములుగాని\nసుజనులు లోకనిష్ఠురు లైన నది వారి, జాడ గా దుత్పాతసరణిగాని	seesamu	upajaathi	తాళ్ళపాక పెదతిరుమలార్య	bhakti	Venkatesa
p1748	యెఱిఁగి నడువంగ వారలయిచ్చగాదు, ధర్మదేవత మెలఁగుచందంబు గాని\nకలితలక్ష్మీశ సర్వజగన్నివేశ, విమలరవికోటిసంకాశ వేంకటేశ.	teytageethi	upajaathi	తాళ్ళపాక పెదతిరుమలార్య	bhakti	Venkatesa
p1749	నెఱిఁగి యన్నియు వర్జించి యేకతమున, నిన్నుఁ దలపోయునాతండు నిపుణుఁ డండ్రు\nకలితలక్ష్మీశ సర్వజగన్నివేశ, విమలరవికోటిసంకాశ వేంకటేశ.	teytageethi	upajaathi	తాళ్ళపాక పెదతిరుమలార్య	bhakti	Venkatesa
p1750	రెంచిచూచిన వెనుకముందెటులునుండుఁ, గలగ వలవదు సహజంబు కాలగతులు\nకలితలక్ష్మీశ సర్వజగన్నివేశ, విమలరవికోటిసంకాశ వేంకటేశ.	teytageethi	upajaathi	తాళ్ళపాక పెదతిరుమలార్య	bhakti	Venkatesa
p1751	కలుగనేర్చునె నిత్యసౌఖ్యంబులిందు, నిన్నుఁ గొలిచిన సుఖములు నిలుచుగాక\nకలితలక్ష్మీశ సర్వజగన్నివేశ, విమలరవికోటిసంకాశ వేంకటేశ.	teytageethi	upajaathi	తాళ్ళపాక పెదతిరుమలార్య	bhakti	Venkatesa
p1752	మఱచి యల్పులఁ దానమ్మి మనుప వలదు, గరిమధరలెల్ల నేలెడు ఘనున కెపుడు\nకలితలక్ష్మీశ సర్వజగన్నివేశ, విమలరవికోటిసంకాశ వేంకటేశ.	teytageethi	upajaathi	తాళ్ళపాక పెదతిరుమలార్య	bhakti	Venkatesa
p1753	యెవ్వరికి దొడ్డుకొంచెంబు లెంచరాదు, నడుచు నిటువంటి వెల్ల నీనాటకములు\nకలితలక్ష్మీశ సర్వజగన్నివేశ, విమలరవికోటిసంకాశ వేంకటేశ.	teytageethi	upajaathi	తాళ్ళపాక పెదతిరుమలార్య	bhakti	Venkatesa
p1754	సరసులు పంతము ల్సభలోన నాడరు, వీఁగరు రణమున వీరవరులు\nకలఁగ రేపట్టున ఘనవివేకులు మదిఁ, దప్పరు నీతి యుత్తములు పనులఁ\nదలఁపరు పాపము ల్ధన్యులు గలనైన, నలయ రాచారంబునందు బుధులు\nనిందింప రొరులను నిపుణులు వాక్రుచ్చి, తలఁపరు పరులకాంతల సుజనులు	seesamu	upajaathi	తాళ్ళపాక పెదతిరుమలార్య	bhakti	Venkatesa
p1755	వదల రెప్పుడుఁ దమయిలువరుస గుణము, వసుధ వీరలు నీప్రభావంబుకతన\nకలితలక్ష్మీశ సర్వజగన్నివేశ, విమలరవికోటిసంకాశ వేంకటేశ.	teytageethi	upajaathi	తాళ్ళపాక పెదతిరుమలార్య	bhakti	Venkatesa
p1756	బరఁగ నీరీతి దుర్జను ల్ప్రబలు లైనఁ, బరులఁ బీడించి చెడుదురు పాపములను\nకలితలక్ష్మీశ సర్వజగన్నివేశ, విమలరవికోటిసంకాశ వేంకటేశ.	teytageethi	upajaathi	తాళ్ళపాక పెదతిరుమలార్య	bhakti	Venkatesa
p1757	గ్రూరసంతతి వెలయునే కొంచెపడక, విరివిగా ధర్మసంతతి వెలసినట్లు\nకలితలక్ష్మీశ సర్వజగన్నివేశ, విమలరవికోటిసంకాశ వేంకటేశ.	teytageethi	upajaathi	తాళ్ళపాక పెదతిరుమలార్య	bhakti	Venkatesa
p1758	నెవ్వరెవ్వరిఁ బోషించి రెంచి చూడఁ, దలప నీదైన రక్షకత్వమునఁ గాక\nకలితలక్ష్మీశ సర్వజగన్నివేశ, విమలరవికోటిసంకాశ వేంకటేశ.	teytageethi	upajaathi	తాళ్ళపాక పెదతిరుమలార్య	bhakti	Venkatesa
p1759	మత్తుఁడై యున్నఁ గార్యంబు మట్టుపడదు, వలసియొల్లమి సేయఁగ వలదు పతికి\nకలితలక్ష్మీశ సర్వజగన్నివేశ, విమలరవికోటిసంకాశ వేంకటేశ.	teytageethi	upajaathi	తాళ్ళపాక పెదతిరుమలార్య	bhakti	Venkatesa
p1760	పతిసేయు కార్యంబు భటులచేఁ గూడదు, భటుల కృత్యంబు భూపతికిఁ దగదు\nమగనిస్వతంత్రంబు మగువకుఁ జెల్లదు, మెలఁత విధంబు పెన్మిటికి వలదు\nమంత్రియెన్నండు సామాన్యుఁడుండఁగ రాదు, సామాన్యుగతి నుండజనదు మంత్రి\nకరణంబుతోఁ బగ కాఁపువానికిఁ గాదు, కాఁపుతోఁ బగ గాదు కరణమునకు	seesamu	upajaathi	తాళ్ళపాక పెదతిరుమలార్య	bhakti	Venkatesa
p1761	నధికకృత్యంబు లధమునకమరవెందు, నధమకృత్యంబు లధికున కమరవెందు\nకలితలక్ష్మీశ సర్వజగన్నివేశ, విమలరవికోటిసంకాశ వేంకటేశ.	teytageethi	upajaathi	తాళ్ళపాక పెదతిరుమలార్య	bhakti	Venkatesa
p1762	పుడమిలోకులు మెచ్చంగ నడవవలయుఁ, జలముసాధింపఁ జెల్లదు సభలలోన\nకలితలక్ష్మీశ సర్వజగన్నివేశ, విమలరవికోటిసంకాశ వేంకటేశ.	teytageethi	upajaathi	తాళ్ళపాక పెదతిరుమలార్య	bhakti	Venkatesa
p1763	ఘనునకవియెల్ల భోగయోగ్యములు గావు, ... ... ... ...\nకలితలక్ష్మీశ సర్వజగన్నివేశ, విమలరవికోటిసంకాశ వేంకటేశ.	teytageethi	upajaathi	తాళ్ళపాక పెదతిరుమలార్య	bhakti	Venkatesa
p1764	నిర్మలు నొకధూర్తు నిందించుఁ గాకేమి, త్రోవలఁ గూయదే తొఱ్ఱఁ బులుఁగు\nఅధముండు సత్కవియండ నుండినయేమి, దొరలదే విరులలోఁ దుంగపోఁచ\nకడఁగి యల్పుఁడు ఘనుఁ గారించుఁ గాకేమి, కఱవదే యొక దోమ గంధగజము\nదొరతోడ నీచుండు దొడరఁ జూచిన నేమి, ప్రాకదే బలుమేడ బల్లిపిల్ల	seesamu	upajaathi	తాళ్ళపాక పెదతిరుమలార్య	bhakti	Venkatesa
p1765	యీడుగాకున్న పనులవి యేలయెంచ, నందునకు నేమి తారతమ్యములు లేవె\nకలితలక్ష్మీశ సర్వజగన్నివేశ, విమలరవికోటిసంకాశ వేంకటేశ.	teytageethi	upajaathi	తాళ్ళపాక పెదతిరుమలార్య	bhakti	Venkatesa
p1766	యెదిరిసత్త్వంబు తనసత్త్వమెఱుఁగలేక, పోరువాఁడెందు నవివేక బుద్ధియండ్రు\nకలితలక్ష్మీశ సర్వజగన్నివేశ, విమలరవికోటిసంకాశ వేంకటేశ.	teytageethi	upajaathi	తాళ్ళపాక పెదతిరుమలార్య	bhakti	Venkatesa
p1767	చెలఁగి యొక్కనిఁ జెఱచినవానిబ్రతుకును, గ్రూరుఁడై బలిమిఁ జేకొన్న పెండ్లి\nకల్లలు పచరించి గడియించిన ధనంబు, దూఱులఁ బడునట్టి దొరతనంబుఁ\nగపటవృత్తికిఁ జొచ్చి కైకొన్న రాజ్యంబు, దయలేక యుండెడు తపసితపము\nనాసతోఁ గైకొన్న యట్టి సన్న్యాసంబుఁ, గపటాత్ము దేవాధికారవృత్తి	aataveladi	upajaathi	తాళ్ళపాక పెదతిరుమలార్య	bhakti	Venkatesa
p1768	మనుపనెంతైన నేరదు మరలి మరలి, తొలఁగనీయక దుర్గతిఁద్రోచుఁగాని\nకలితలక్ష్మీశ సర్వజగన్నివేశ, విమలరవికోటిసంకాశ వేంకటేశ.	teytageethi	upajaathi	తాళ్ళపాక పెదతిరుమలార్య	bhakti	Venkatesa
p1769	ఎలమిఁ బతివ్రత నెవ్వండుగోరినఁ, జెదలంటునే నిప్పుసీమలోన\nఘనజితేంద్రియుని నేకాంత డగ్గఱినను, గలుఁగునే జలరాశి కప్పచేత\nధర్మవర్తనుని బాతకు లేమఱించిన, నేఱునిద్రించునే యెందునైన\nధీరాత్ము నితరుండు తెమలింపఁ గడఁగిన, గాలి యొక్కనిచేతఁ గట్టువడునె	aataveladi	upajaathi	తాళ్ళపాక పెదతిరుమలార్య	bhakti	Venkatesa
p1770	యెందునను ధార్మికులకుఁ గీడేల కలుగు, నిజగుణంబులు బలిమిమై నిలుచుఁగాక\nకలితలక్ష్మీశ సర్వజగన్నివేశ, విమలరవికోటిసంకాశ వేంకటేశ.	teytageethi	upajaathi	తాళ్ళపాక పెదతిరుమలార్య	bhakti	Venkatesa
p1771	ధరణి నన్నిటి సామర్థ్య మరసిచూచి, బలువుగలవెల్లఁ జేపట్టి వెలయవలయు\nకలితలక్ష్మీశ సర్వజగన్నివేశ, విమలరవికోటిసంకాశ వేంకటేశ.	teytageethi	upajaathi	తాళ్ళపాక పెదతిరుమలార్య	bhakti	Venkatesa
p1772	బ్రబలి చూపట్టినవి యెల్లఁ బనికి రావు, ధీరుఁడగు నాతఁ డొక్కఁడే వీరుఁడరయ\nకలితలక్ష్మీశ సర్వజగన్నివేశ, విమలరవికోటిసంకాశ వేంకటేశ.	teytageethi	upajaathi	తాళ్ళపాక పెదతిరుమలార్య	bhakti	Venkatesa
p1773	చూడఁ జూపట్టుసిరులెల్ల జూబులగుచుఁ, గొలఁదివెట్టినఁ దొంటిబాగులకురావు\nకలితలక్ష్మీశ సర్వజగన్నివేశ, విమలరవికోటిసంకాశ వేంకటేశ.	teytageethi	upajaathi	తాళ్ళపాక పెదతిరుమలార్య	bhakti	Venkatesa
p1774	నేకతంబున మౌనియై యిలఁ జరించు, నతఁడు సన్న్యాసియని యెంచనర్హుఁ డగును\nకలితలక్ష్మీశ సర్వజగన్నివేశ, విమలరవికోటిసంకాశ వేంకటేశ.	teytageethi	upajaathi	తాళ్ళపాక పెదతిరుమలార్య	bhakti	Venkatesa
p1775	గలరు మఱి యిట్టివారలు కష్టజనులు, స్రవిఁ దప్పింపవచ్చునే జన్మఫలము\nకలితలక్ష్మీశ సర్వజగన్నివేశ, విమలరవికోటిసంకాశ వేంకటేశ.	teytageethi	upajaathi	తాళ్ళపాక పెదతిరుమలార్య	bhakti	Venkatesa
p1776	గాడిద యెఱుఁగదు గందంబువాసన, లే దూరఁబందికి లీల రోఁత\nవాడకోడికి నాదివారంబు వలవదు, గ్రోఁతికి మఱి తాళిగోణమేల\nచిఱుతని కేటికి శీలవంతులయున్కి, యెద్దడుకులచవి యెఱుఁగలేదు\nవరుసతోఁ గుక్క దేవరబోన మెఱుఁగదు, మొసలికిఁ బడిసెంబు మొదల లేదు	seesamu	upajaathi	తాళ్ళపాక పెదతిరుమలార్య	bhakti	Venkatesa
p1777	సహజమూఢులు నిటువంటిజాడవారె, వానిగుణములు దిద్దంగ వలవ దెపుడు\nకలితలక్ష్మీశ సర్వజగన్నివేశ, విమలరవికోటిసంకాశ వేంకటేశ.	teytageethi	upajaathi	తాళ్ళపాక పెదతిరుమలార్య	bhakti	Venkatesa
p1778	పోలించి దయ్యంబు పుణ్యంబు లెంచునే, భయపడ్డవారలఁ బట్టుగాఁక\nపాఱునే జేతచేఁ బడి దంచనపుగుండు, తనసూటిఁ దప్పక తాఁకుఁగాక\nచి చ్చెంతఁ బోయిన సింగార మెంచునే, తనగాలివైపున దాఁటుఁగాక\nతొలుకరివానలు దొరతనం బెంచునే, తగిలి బయట నున్నఁ దడుపుఁ గాక	seesamu	upajaathi	తాళ్ళపాక పెదతిరుమలార్య	bhakti	Venkatesa
p1779	నీవు నెఱపిన మహిమలే నిఖిలమెల్ల, నట్లు గావలె నప్పటి కట్లయుండు\nకలితలక్ష్మీశ సర్వజగన్నివేశ, విమలరవికోటిసంకాశ వేంకటేశ.	teytageethi	upajaathi	తాళ్ళపాక పెదతిరుమలార్య	bhakti	Venkatesa
p1780	మచ్చరించినవాఁడు మంచి మాటాడిన, వెంగె మైతోఁచును వెగటుపోవ\nదపనమ్మి కైనవాఁ డటు దుడ్డు వట్టిన, మందుఁడందురుగాని మనసు గొల్ప\nదొడఁబాటు గానవాఁ డూరక మ్రొక్కిన, సందేహపడుఁ గాని సహజమెంచఁ\nడనుమాన మైనవాఁ డర్థంబు లిచ్చిన, వళుకుఁగా నెంచు విశ్వాసపడఁడు	seesamu	upajaathi	తాళ్ళపాక పెదతిరుమలార్య	bhakti	Venkatesa
p1781	ఏమి చేసినఁ గపటికి హితవుగాదు, మాఱు మలసినఁ బనులెల్ల మట్టుబడును\nకలితలక్ష్మీశ సర్వజగన్నివేశ, విమలరవికోటిసంకాశ వేంకటేశ.	teytageethi	upajaathi	తాళ్ళపాక పెదతిరుమలార్య	bhakti	Venkatesa
p1782	జెప్పవలవదు బుద్ధు లీచెనఁటులకును, సత్యవిదులకు ధర్మమే జయముగాన\nకలితలక్ష్మీశ సర్వజగన్నివేశ, విమలరవికోటిసంకాశ వేంకటేశ.	teytageethi	upajaathi	తాళ్ళపాక పెదతిరుమలార్య	bhakti	Venkatesa
p1783	నుర్విమీదట నుత్తము లొక్కరాశి, యథము లొకరాశియౌ గాదెయరసిచూడ\nకలితలక్ష్మీశ సర్వజగన్నివేశ, విమలరవికోటిసంకాశ వేంకటేశ.	teytageethi	upajaathi	తాళ్ళపాక పెదతిరుమలార్య	bhakti	Venkatesa
p1784	కోరి దవ్వుల జూడ గొండలు నున్నన, చేరి డగ్గఱినను జెట్లు రాళ్ళు\nబూరుగు ఫలవేళఁ బుట్టించు నాసల, నెక్కి కోసినఁ బండ్లనెగయుదూది\nమిడుగుఱుఁ బురుగులు మెఱుఁగులైయుండును, గరఁచిచూచినను బంగారుగాదు\nకప్పచిప్పలు వెండికరణిఁ గాంతులు మించుఁ, బుటము వెట్టించిన బూది చిక్కు	seesamu	upajaathi	తాళ్ళపాక పెదతిరుమలార్య	bhakti	Venkatesa
p1785	నెదుటివారలసంపద లెన్నియైన, నడుగఁ బోయిన ఫలియింప వధములకును\nకలితలక్ష్మీశ సర్వజగన్నివేశ, విమలరవికోటిసంకాశ వేంకటేశ.	teytageethi	upajaathi	తాళ్ళపాక పెదతిరుమలార్య	bhakti	Venkatesa
p1786	సజ్జనులుమెత్తు రిటువంటిసరవు లెల్లఁ, దక్కినవియెల్ల రుచులగుఁ దామసులకు\nకలితలక్ష్మీశ సర్వజగన్నివేశ, విమలరవికోటిసంకాశ వేంకటేశ.	teytageethi	upajaathi	తాళ్ళపాక పెదతిరుమలార్య	bhakti	Venkatesa
p1787	భూమియే దేహంబు పోలించిచూచిన, రాజుప్రాణంబు శౌర్యంబు శిరము\nగడియించినధనంబు ఘనతరాయుష్యంబు, మతి సత్ప్రధాని ధర్మంబు జోడు\nకరచరణాదులు కరితురంగంబులు, ఘనవిచారమునీతి కరుణదేవి\nబలు పైనదుర్గము ల్పంచేద్రియంబులు, సరవిఁ జైతన్యంబు సర్వబలము	seesamu	upajaathi	తాళ్ళపాక పెదతిరుమలార్య	bhakti	Venkatesa
p1788	కాలపురుషుండవై నీవుఘటనమెఱసి, చేయుచుండుదు రాజ్యంబు చెలగిచెలగి\nకలితలక్ష్మీశ సర్వజగన్నివేశ, విమలరవికోటిసంకాశ వేంకటేశ.	teytageethi	upajaathi	తాళ్ళపాక పెదతిరుమలార్య	bhakti	Venkatesa
p1789	మంత్రియగువాడు కార్యక్రమముననిట్లు, తెలిసి నడచిన శుభములు తేటపడును\nకలితలక్ష్మీశ సర్వజగన్నివేశ, విమలరవికోటిసంకాశ వేంకటేశ.	teytageethi	upajaathi	తాళ్ళపాక పెదతిరుమలార్య	bhakti	Venkatesa
p1790	వేళవేళల గార్యము ల్వెలయజేయు, వలయు నొకయింత దప్పిన వశము గావు\nకలితలక్ష్మీశ సర్వజగన్నివేశ, విమలరవికోటిసంకాశ వేంకటేశ.	teytageethi	upajaathi	తాళ్ళపాక పెదతిరుమలార్య	bhakti	Venkatesa
p1791	నృపుల కేమఱి యుండుట నీతిగాదు, బహువిధంబుల నెచ్చరి బ్రతుకవలయు\nకలితలక్ష్మీశ సర్వజగన్నివేశ, విమలరవికోటిసంకాశ వేంకటేశ.	teytageethi	upajaathi	తాళ్ళపాక పెదతిరుమలార్య	bhakti	Venkatesa
p1792	నెఱిగిచేసిన ధర్మంబు లెపుడు మనుపు, నెఱుక మాలినకృత్యంబు లేమిబ్రాతి\nకలితలక్ష్మీశ సర్వజగన్నివేశ, విమలరవికోటిసంకాశ వేంకటేశ.	teytageethi	upajaathi	తాళ్ళపాక పెదతిరుమలార్య	bhakti	Venkatesa
p1793	హితబుద్ధి నడుగుమహీశుండు గల్గిన, దెలివి బోధించుమంత్రియును గలుగు\nవెఱ పేమియును లేనివీరుండు గలిసిన, దగుపరివారంబు దానె కలుగు\nబొందు సేయగ నేర్చు పురుషుండు గలిగిన, ఘనుడైన చెలికాడు గలిగియుండు\nఘనరసస్థితి యెఱిగినవాడు గలిగిన, గడు మెచ్చ జెప్పెడు కవియు గలుగు	seesamu	upajaathi	తాళ్ళపాక పెదతిరుమలార్య	bhakti	Venkatesa
p1794	వేసరక మంచివారిని వేడవలయు, దలచి చూచిన నివియెల్ల దైవఘటన\nకలితలక్ష్మీశ సర్వజగన్నివేశ, విమలరవికోటిసంకాశ వేంకటేశ.	teytageethi	upajaathi	తాళ్ళపాక పెదతిరుమలార్య	bhakti	Venkatesa
p1795	వేగిరింపఁగ వలవదు విమలమతికి, సకలమున కోర్చియుండిన సౌఖ్యమొదవు\nకలితలక్ష్మీశ సర్వజగన్నివేశ, విమలరవికోటిసంకాశ వేంకటేశ.	teytageethi	upajaathi	తాళ్ళపాక పెదతిరుమలార్య	bhakti	Venkatesa
p1796	నింద్రజాలంబొ స్వప్నంబొ యిదియునొక్క, సిద్ధవిద్యయొ కంటి నీ చేతలెల్ల\nకలితలక్ష్మీశ సర్వజగన్నివేశ, విమలరవికోటిసంకాశ వేంకటేశ.	aataveladi	upajaathi	తాళ్ళపాక పెదతిరుమలార్య	bhakti	Venkatesa
p1797	వట్టిభ్రమతల దమపుత్రవర్గమునకు, దల్లిదండ్రులు దలతురు ధనముగూర్ప\nకలితలక్ష్మీశ సర్వజగన్నివేశ, విమలరవికోటిసంకాశ వేంకటేశ.	teytageethi	upajaathi	తాళ్ళపాక పెదతిరుమలార్య	bhakti	Venkatesa
p1798	నిట్టిజరచేత జిక్కియు నెడ్డెనరుడు మనసుదనియక భోగించు మనసువెట్టి\nకలితలక్ష్మీశ సర్వజగన్నివేశ, విమలరవికోటిసంకాశ వేంకటేశ.	teytageethi	upajaathi	తాళ్ళపాక పెదతిరుమలార్య	bhakti	Venkatesa
p1799	ఘనుల నల్పుల నీరీతి గలయ గూర్చి, పలుకుచుండెడి వారల భ్రాంతిగాక\nకలితలక్ష్మీశ సర్వజగన్నివేశ, విమలరవికోటిసంకాశ వేంకటేశ.	teytageethi	upajaathi	తాళ్ళపాక పెదతిరుమలార్య	bhakti	Venkatesa
p1800	తెలిసి యిటువంటిగురు జేరివెలయవలయు, సుజనులగువార లీడేఱ జూచిరేని\nకలితలక్ష్మీశ సర్వజగన్నివేశ, విమలరవికోటిసంకాశ వేంకటేశ.	teytageethi	upajaathi	తాళ్ళపాక పెదతిరుమలార్య	bhakti	Venkatesa
p1801	నున్నయాతండె శిష్యుడి ట్లుర్విమీద, బరగుశుభమూర్తి యతిలోకపావనుండు\nకలితలక్ష్మీశ సర్వజగన్నివేశ, విమలరవికోటిసంకాశ వేంకటేశ.	teytageethi	upajaathi	తాళ్ళపాక పెదతిరుమలార్య	bhakti	Venkatesa
p1802	చదివి తెలిసిన పెద్దలసమ్ముఖమున, నెఱుఁగువారికి సఫల మౌ నీమతంబు\nకలితలక్ష్మీశ సర్వజగన్నివేశ, విమలరవికోటిసంకాశ వేంకటేశ.	teytageethi	upajaathi	తాళ్ళపాక పెదతిరుమలార్య	bhakti	Venkatesa
p1803	సచివునకుఁ బోదు పతి కెన్నిచందములను, హితవు గోరక నీతి ననేకగతులఁ\nగలితలక్ష్మీశ సర్వజగన్నివేశ, విమలరవికోటిసంకాశ వేంకటేశ.	teytageethi	upajaathi	తాళ్ళపాక పెదతిరుమలార్య	bhakti	Venkatesa
p1804	ఆఁకలివహి మౌని యై యుండనిచ్చునే, పిండియైనను దినిపించుఁ గాక\nశీతోష్ణములు కడుసిగ్గుతో నిల్పునే, ప్రేమఁ గంబళముఁ గప్పించుఁగాక\nసరసకామము బ్రహ్మచర్యంబు నిల్పునే, పొంచి యొక్కతెఁ దగిలించుఁగాక\nకోరి యాసలు మంచిగుణములు నేర్పునే, పాపచర్యకు నొడఁబఱుచుగాక	seesamu	upajaathi	తాళ్ళపాక పెదతిరుమలార్య	bhakti	Venkatesa
p1805	యెంతవారికిఁ బంతంబు లెట్లు జరగు, మీకు శరణని బ్రతుకుటే మిగుల నేర్పు\nకలితలక్ష్మీశ సర్వజగన్నివేశ, విమలరవికోటిసంకాశ వేంకటేశ.	teytageethi	upajaathi	తాళ్ళపాక పెదతిరుమలార్య	bhakti	Venkatesa
p1806	కుశలుఁడై ప్రతిమఁ జేకొని తీర్పనగుఁ గాని, తనరూపు చక్క దిద్దంగరాదు\nమగువల వలపింప మందు గలదు గాని, మఱి దుర్గుణము మాన్ప మందు లేదు\nక్రొత్తగా నొకజన్మ మెత్తఁగ దగుఁగాని, మహిఁ బూర్వదేహంబు మగిడిరాదు\nకొలుచులు కృషిసేసి కూర్పఁబన్పడుఁగాని, భుజియించినవి గాదెఁ బోయరాదు	seesamu	upajaathi	తాళ్ళపాక పెదతిరుమలార్య	bhakti	Venkatesa
p1807	దైవకృత్యంబు లివియేల తప్పనిచ్చుఁ నుఱకలోకులు భ్రాంతి సేయుదురుగాక\nకలితలక్ష్మీశ సర్వజగన్నివేశ, విమలరవికోటిసంకాశ వేంకటేశ.	teytageethi	upajaathi	తాళ్ళపాక పెదతిరుమలార్య	bhakti	Venkatesa
p1808	సరకులు గొనవచ్చు సాధించి తేవచ్చుఁ, గోరి సుజ్ఞానంబు గొనఁగరాదు\nతపము సేయఁగవచ్చు ధనముఁ జేకొనవచ్చు, భువి నగ్రజన్ముఁడై పుట్టరాదు\nకాశికిఁ బోవచ్చుఁ గ్రమ్మఱి రావచ్చుఁ, దెలిసి సుషుమ్న భేదింపరాదు\nమౌని గావచ్చు నేమములు చూపఁగవచ్చుఁ, బాఱెడుమనసు నిల్పంగరాదు	seesamu	upajaathi	తాళ్ళపాక పెదతిరుమలార్య	bhakti	Venkatesa
p1809	నేర్పు లేగతి నెవ్వరు నేర్చిరైన, సరవితో బ్రహ్మవేత్తల సరికి రారు\nకలితలక్ష్మీశ సర్వజగన్నివేశ, విమలరవికోటిసంకాశ వేంకటేశ.	teytageethi	upajaathi	తాళ్ళపాక పెదతిరుమలార్య	bhakti	Venkatesa
p1810	శిరసుమకుటంబు తిరుమణి చిత్రమకర, కుండలమ్ములుఁ గలమిమ్ముఁ గోరితలఁతు\nకలితలక్ష్మీశ సర్వజగన్నివేశ, విమలరవికోటిసంకాశ వేంకటేశ.	teytageethi	upajaathi	తాళ్ళపాక పెదతిరుమలార్య	bhakti	Venkatesa
p1811	యన్నయాచార్యసుత తిమ్మయాహ్వయుండఁ, బ్రణుతిఁ జేసితి రహిఁ గొమ్ము పద్యశతము\nకలితలక్ష్మీశ సర్వజగన్నివేశ, విమలరవికోటిసంకాశ వేంకటేశ.	teytageethi	upajaathi	తాళ్ళపాక పెదతిరుమలార్య	bhakti	Venkatesa
p1812	శ్రీసతి నీల జాంబవతి శ్రీయమునాసతి సత్యభామ ధా\nత్రీసతి రుక్మిణీరమణి దేవియిలాసతి వీర లందఱున్‌\nజేసినసేవ చేసెదను జేకొను శ్రీయలమేలుమంగ నీ\nమూసినముత్యమై యురము ముంగిటఁ జెంగట వేంకటేశ్వరా!	vutpalamaala	vruttamu	తాళ్లపాక అన్నమాచార్య	bhakti	Venkateswara
p1813	కన్నులుగల్గి కొమ్మ నిను గప్పముఁ జేకొన లేఁతనవ్వు నీ\nకెన్నఁడు మోవి నిచ్చినదో యేగతి మెచ్చితో యెట్టులుండెనో\nయన్నిట, నేనెజాణ నని యుందువు శ్రీయలమేలుమంగకే\nమన్నన నెట్టు లిచ్చితివో మాటలఁ జిక్కవు వేంకటేశ్వరా!	vutpalamaala	vruttamu	తాళ్లపాక అన్నమాచార్య	bhakti	Venkateswara
p1814	కిలకిల నవ్వు నవ్వి తిలకించితి మంచి సుధారసంబు నీ\nపలుకులతేనెలన్‌ విభునిఁ బట్టముఁ గట్టితి నీదుకౌఁగిటన్‌\nవలదని చెప్పినన్‌ వినవు వద్దు సుమీ యలమేలుమంగ నీ\nకెలవు లటంచు నెచ్చెలులు కీర్తన సేతురు వేంకటేశ్వరా!	champakamaala	vruttamu	తాళ్లపాక అన్నమాచార్య	bhakti	Venkateswara
p1815	నీవును దాను గూడెఁ దరుణీమణి శ్రీయలమేలుమంగ నా\nనావిధవైభవంబుల ననారతముం జెలువొందు నేఁడు నీ\nవావలిమోము చేసి తన యప్పటినుండియుఁ బల్కవిట్టులా\nదేవర చిత్తమెవ్వరికిఁ దేర్పఁగ శక్యమె వేంకటేశ్వరా!	vutpalamaala	vruttamu	తాళ్లపాక అన్నమాచార్య	bhakti	Venkateswara
p1816	ఓలలితాంగి! యోకలికి! యోయెలజవ్వని! యోవధూటి! యో\nగోల! మెఱుంగుఁజూపుకనుఁగోనల నోయలమేలుమంగ మ\nమ్మేలినతల్లి నీవిభున కించుక మాదెసఁ జూపు మంచు నీ\nపాలికిఁ జేరి మ్రొక్కుదురు పద్మభవాదులు వేంకటేశ్వరా!	vutpalamaala	vruttamu	తాళ్లపాక అన్నమాచార్య	bhakti	Venkateswara
p1817	చికురభరంబుచే (నదిమి) శ్రీలలితాంగివి నీవు నాగుణా\nధికునియురంబుపై రతులఁ దేలుచు శ్రీయలమేలుమంగ నీ\nలికుచకుచ ప్రభావమున లేఁతవయస్సున నింత నేతురా\nవెకలి వటండ్రు నెచ్చెలులు వేడ్కల నీసతి వేంకటేశ్వరా!	champakamaala	vruttamu	తాళ్లపాక అన్నమాచార్య	bhakti	Venkateswara
p1818	కూరిమి సానవట్టిన చకోరపుఁ గన్నుఁగొనన్‌ దళుక్కునన్‌\nజేరువ మించులై మెఱయఁ జిమ్ములబొమ్మలఁ బంపు నవ్వు దై\nవారఁగఁ గాంచి నీతరుణి వన్నెల శ్రీయలమేలుమంగ నీ\nసారపు నేర్పుఁ జక్కగొనెఁ జక్కని మోమున వేంకటేశ్వరా!	vutpalamaala	vruttamu	తాళ్లపాక అన్నమాచార్య	bhakti	Venkateswara
p1819	ఆయలసంబు లానడపు లాకనుఁగ్రేవల ముద్దుచూపు లా\nయాయెలనవ్వు మాటల ప్రియంబులు నీ కలమేలుమంగ నీ\nమాయలొ ప్రాణవల్లభుని మక్కువ చేఁతలొ చెప్పు మంచు లేఁ\nబ్రాయపు నీసతిం జెలులు పల్కిరి పల్మఱు వేంకటేశ్వరా!	vutpalamaala	vruttamu	తాళ్లపాక అన్నమాచార్య	bhakti	Venkateswara
p1820	కిన్నెర మీటి పులకించి తలంచి మనోజలీలఁ దా\nనున్న తెఱంగు నెచ్చెలుల కొయ్యనఁ జెప్పఁగబూనుఁ జెప్పరా\nకన్నువ సిగ్గుతో నలరు నల్లన శ్రీయలమేలుమంగ నీ\nవన్నెలసేఁత లెట్టివో సువాళము లెట్టివో వేంకటేశ్వరా!	vutpalamaala	vruttamu	తాళ్లపాక అన్నమాచార్య	bhakti	Venkateswara
p1821	సరసిజసంభవాది దివిజప్రకరంబులసంపదల్‌ సువి\nస్తరములు గాఁగఁ గన్గొనలఁ జల్లెడు శ్రీయలమేలుమంగ నీ\nతరుణీయురంబునం జెలఁగఁ దన్మయ మందెడు నీకు బ్రాఁతియే\nపరమపద ప్రభుత్వము నపారమహత్త్వము వేంకటేశ్వరా!	champakamaala	vruttamu	తాళ్లపాక అన్నమాచార్య	bhakti	Venkateswara
p1822	తొలకరించు తొయ్యలి వధూమణి చక్కనితల్లి మానినీ\nతిలకమ దేవదేవుని సతీమణి యోయలమేలుమంగ నీ\nసొలపులచూపులే విభునిచూపులవిందు లటంచు నెచ్చెలుల్‌\nపలుకఁగ నిన్నుఁ జూచి నగుఁ బైకొని నీసతి వేంకటేశ్వరా!	champakamaala	vruttamu	తాళ్లపాక అన్నమాచార్య	bhakti	Venkateswara
p1823	తలఁచుఁ గరంగు మైమఱచుఁ దన్మయ మందును జిత్తజాగ్ని ని\nన్నలయుచు దూరు నుస్సురను నర్మిలితో నలమేలుమంగ నీ\nవలిగిననంతనే కడుఁ బ్రియంబిఁక నేమని చెప్ప నేఁడువో\nకలిగినప్రేమ మింతయుఁ బ్రకాశము తోఁచెడు వేంకటేశ్వరా!	champakamaala	vruttamu	తాళ్లపాక అన్నమాచార్య	bhakti	Venkateswara
p1824	నించిన పంచదారలును నేతుఁలు దేనెలు గమ్మ గాఁగఁ దా\nలించినకూరలున్‌ బరిమళించగ నయ్యలమేలుమంగ వ\nడ్డించిన నిర్మలాన్నములు డెంద మెలర్పఁగ నారగింతు నీ\nమించిన వేయుచేతులును మేలములాడుచు వేంకటేశ్వరా!	vutpalamaala	vruttamu	తాళ్లపాక అన్నమాచార్య	bhakti	Venkateswara
p1825	అతఁడె నీవు, నీ వనఁగ నాతఁడు, నీ పలుకే తలంపఁగా\nనాతనిపల్కు నీ హృదయ మాతఁడె పో యలమేలుమంగ నీ\nచేతిదె సర్వజంతువుల జీవన మంతయు నంచు సన్ముని\nవ్రాతము సన్నుతించు ననివారణ నీసతి వేంకటేశ్వరా!	vutpalamaala	vruttamu	తాళ్లపాక అన్నమాచార్య	bhakti	Venkateswara
p1826	లోలవిలోలనేత్రకుఁ దళుక్కున ఱెప్పలు వంచి యెత్తినన్‌\nమేలిమిఁ జెక్కుటద్దముల మేలములై యలమేలుమంగకున్‌\nనీలపయోదపుందుఱుము నిగ్గుతటిల్లతలే యటంచు ను\nన్మీలనిమీలనంబులకె మెత్తువు నీవును వేంకటేశ్వరా!	vutpalamaala	vruttamu	తాళ్లపాక అన్నమాచార్య	bhakti	Venkateswara
p1827	పక్ష్మలనేత్ర! యోచిలుకుపల్కులకల్కి! సరోజవల్లి! యో\nలక్ష్మి! లతాంగి! యోబహుకళావతి! యోయలమేలుమంగ! నీ\nసూక్ష్మవివేకలీలలకుఁ జొక్కితి నంచు నఖేందువల్లికా\nలక్ష్మివికాసతన్‌ సతిఁ జెలంగఁగఁజేతువు వేంకటేశ్వరా!	vutpalamaala	vruttamu	తాళ్లపాక అన్నమాచార్య	bhakti	Venkateswara
p1828	లలితపుఁగంకణాంగదకలధ్వని ఘల్లని మ్రోయ నుంగరం\nబులు మణినీల కాంతుల ప్రభుత్వముతో నలమేలుమంగ గు\nబ్బల పెనువ్రేఁగుతోఁ దుఱుముభారముతో నినుఁ జేరవచ్చు నం\nదెలు మొలనూలు ఘంటలుఁ బ్రతిధ్వను లీనఁగ వేంకటేశ్వరా!	champakamaala	vruttamu	తాళ్లపాక అన్నమాచార్య	bhakti	Venkateswara
p1829	కస్తురి పచ్చకప్పురముఁ గమ్మనిపుప్పొడి ధూళ్లు హత్తి శ్రీ\nహస్తమునందుఁ దట్టిపునుఁగందుచు శ్రీయలమేలుమంగ భా\nరస్తనవైభవంబులఁ గరంగుచు నిన్ను గఱంగ మెత్తు నీ\nకౌస్తుభరత్న సౌధమునఁ గౌఁగిటిపాన్పున వేంకటేశ్వరా!	vutpalamaala	vruttamu	తాళ్లపాక అన్నమాచార్య	bhakti	Venkateswara
p1830	అందవు కోసి యిమ్ము విరు లంచును జే రలమేలుమంగ ని\nన్నందగఁగోరఁ జెక్కులటు నొక్కిన నాకును నందవంచు న\nయ్యిందుముఖిం బ్రియంబలర నెత్తుచుఁ బువ్వులు కోయఁజేయ ని\nష్యందమరందఘర్మరససంగతు లబ్బెను వేంకటేశ్వరా!	vutpalamaala	vruttamu	తాళ్లపాక అన్నమాచార్య	bhakti	Venkateswara
p1831	ఒక్కొకనాఁటి రాత్రి సకలోన్నతుఁడైన ఖగేంద్ర మూర్తిపై\nనెక్కి వినోదలీలఁ జరియించుచు నయ్యలమేలుమంగ మో\nమక్కునఁ జేర్చుచున్‌ బహువిహారములన్‌ వనవీథులంబ్రియం\nబెక్కువగాఁ జెలంగువిధ మే మని చెప్పుదు వేంకటేశ్వరా!	vutpalamaala	vruttamu	తాళ్లపాక అన్నమాచార్య	bhakti	Venkateswara
p1832	దుగ్ధపయోధికన్య జలధుల్‌ జగముల్‌ దనకుక్షినున్న సు\nస్నిగ్ధకృశోదరాంగి తులసిం బ్రియురాలలమేలుమంగ యీ\n... ... ... ... ... ... నుచు నిన్ను మునీంద్ర కన్యకల్‌\nదిగ్ధరణీధరంబుల నుతింతురు నవ్వుచు వేంకటేశ్వరా!	vutpalamaala	vruttamu	తాళ్లపాక అన్నమాచార్య	bhakti	Venkateswara
p1833	ఓచెలి! యోలతాప్రతిమ! యోమృగలోచ! యోచకోరిరో!\nయోచదురాల! యోచిలుక! యో ... ... ... యలమేలుమంగ నీ\nచూచినచూపులే విభుఁడు చూచినచూపు లటంచు నీసతిన్‌\nఖేచరసిద్ధకామినులు కీర్తనసేతురు వేంకటేశ్వరా!	vutpalamaala	vruttamu	తాళ్లపాక అన్నమాచార్య	bhakti	Venkateswara
p1834	మంగళ మమ్మకున్‌ సకల మంగళ మంబుజ నేత్రకున్‌ జయా\nమంగళ మిందిరాసతికి మంగళ మీయలమేలుమంగకున్‌\nమంగళమందు నే మఱియు మంగళమందును దేవలోక ది\nవ్యాంగన లెల్ల నీసతికి నారతు లిత్తురు వేంకటేశ్వరా!	vutpalamaala	vruttamu	తాళ్లపాక అన్నమాచార్య	bhakti	Venkateswara
p1835	ఏచతురత్వ మేమహిమ మేమి విలాస మదేమి విభ్రమం\nబీ చెలువంపు సంపదయు నిందుముఖుల్‌ జగదేకమోహినుల్‌\nచూచి తలంట వేడ్కపడి చూతురు నీయలమేలుమంగ లీ\nలాచికురంపుఁ గ్రుమ్ముడి కెలంకుల నిగ్గులు వేంకటేశ్వరా!	vutpalamaala	vruttamu	తాళ్లపాక అన్నమాచార్య	bhakti	Venkateswara
p1836	పరిమళమో కదంబమొ ప్రభల్‌ విడ నించిననిగ్గొ నిర్మలా\nభరణమొ నిత్యవైభవమొ భాగ్యమొ శ్రీయలమేలుమంగ భూ\nధరునకు నాదిలక్ష్మి యని తత్త్వమహత్త్వ రహస్యవేత్తలం\nబరమున నుండి నీవనితఁ బ్రస్తుతి సేతురు వేంకటేశ్వరా!	champakamaala	vruttamu	తాళ్లపాక అన్నమాచార్య	bhakti	Venkateswara
p1837	తిరుమగు మంచి కుందనపుఁ దీగపయిన్‌ ఘనచక్రవాకముల్‌\nపరగినరీతిఁ జన్నుఁగవ భావముతో నలమేలుమంగ నీ\nయురముపయిం జెలంగఁగని యోగిజనంబులు నీలమేఘవి\nస్ఫురణముతోడి మిం చనుచుఁ జూచి నుతింతురు వేంకటేశ్వరా!	champakamaala	vruttamu	తాళ్లపాక అన్నమాచార్య	bhakti	Venkateswara
p1838	కొలఁదికిమీఱుఁ గ్రొవ్విరులు కొప్పునఁ జాఱఁగఁ జూపుకన్నులన్‌\nగులుకుచు నుండ నెన్నుదుటికుంకుమతో నలమేలుమంగ వె\nన్నెలనునుఁదీఁగయై కళలునించినఁపుత్తడి బొమ్మయై నినుం\nగలికి కరంబునం జెనయఁగంటిరిగా తమి వేంకటేశ్వరా!	champakamaala	vruttamu	తాళ్లపాక అన్నమాచార్య	bhakti	Venkateswara
p1839	పెడమర చూచి చూపు జళిపించిన నెట్లు ధరింతువో ప్రియం\nబడరఁగఁ గౌనుదీగ నులియన్‌ ... ... ... ... ... నన్‌\nసడివడి యెంతవేఁగుదువొ చక్కని శ్రీయలమేలుమంగ నీ\nవెడవగు మోముఁజూచి నగి వెన్నెల చల్లిన వేంకటేశ్వరా!	champakamaala	vruttamu	తాళ్లపాక అన్నమాచార్య	bhakti	Venkateswara
p1840	... ... ... ... ... గుజ్జెన గూళ్ళును బైఁడిపొళ్ళు మా\nయమ్మకు బొమ్మరిళ్లు లలితాంగికి మాయలమేలుమంగకున్‌\nబొమ్మలు బొమ్మపొత్తికలు బోనపుదొంతు లటంచు నీసతిన్‌\nనెమ్మి భజించి మ్రొక్కుదురు నిర్జరకాంతలు వేంకటేశ్వరా!	vutpalamaala	vruttamu	తాళ్లపాక అన్నమాచార్య	bhakti	Venkateswara
p1841	జాగరమేల చేసెదవు చంద్రనిభానన పవ్వళింపు నీ\nభోగపరిశ్రమంబులకు భూషణమై యలమేలుమంగ నీ\nయోగవియోగలీల లని యోగికన్యలు నీవధూటి నా\nయాగతి బుజ్జగింతురు మహావినయంబున వేంకటేశ్వరా!	vutpalamaala	vruttamu	తాళ్లపాక అన్నమాచార్య	bhakti	Venkateswara
p1842	చెఱఁ గిడఁగా నదల్చెదవు చేరినఁ దిట్టెదు కౌఁగిలించినన్‌\nగొఱఁతలె యెన్నఁజూచెదవు కోపము న ద్దలమేలుమంగ నా\nవెఱ పిఁకనైనఁ దీర్పుమని వేడ్కల నీవు మనోజలీలలన్‌\nదఱితఱి నింతిఁ గూడుటలుఁ దత్తఱపాటులు వేంకటేశ్వరా!	champakamaala	vruttamu	తాళ్లపాక అన్నమాచార్య	bhakti	Venkateswara
p1843	రాపుగ మమ్ము నేయునపరాధశతంబుల సంతముల్‌ సదా\n... ... ... ... ... ... ... ... ... ... ... ... ... ...\n... ... ... ... ... ... ... ... ... ... ... ... ... ...\nకాపురమున్‌ నిరంతము గల్కితనంబును వేంకటేశ్వరా!	vutpalamaala	vruttamu	తాళ్లపాక అన్నమాచార్య	bhakti	Venkateswara
p1844	వెలయ వసంతవేళ వనవీథుల సంపగిపువ్వుటిండ్లలో\nనలరుచుఁ బుష్పవృష్టి నలపార్చుచు నీ వలమేలుమంగతో\nనలరఁగ నేఁగి వచ్చి యలపారఁగఁ గస్తురినీట మజ్జనం\nబెలమి వహించి గంధతతు లన్నియుఁ గ్రమ్మఱ మజ్జనంబు పెం\nపొలయఁగ నాడు తీర్థముల నుబ్బు పయోధులు వేంకటేశ్వరా!	champakamaala	vruttamu	తాళ్లపాక అన్నమాచార్య	bhakti	Venkateswara
p1845	వెలయఁగ వేంకటాచలమువీథులఁ గమ్మనిపుష్పవృష్టి కిం\nపలరఁగ నేఁగి వచ్చి యలపారఁగ నయ్యల మేలుమంగతో\nనలరఁగఁ గోరకమ్ముల లతాంగన లిమ్ముల సేసఁ జల్లఁగాఁ\nగలకల నవ్వు మిమ్ముఁ గలకంఠశుకావళి వేంకటేశ్వరా!	champakamaala	vruttamu	తాళ్లపాక అన్నమాచార్య	bhakti	Venkateswara
p1846	... ... ... ... లును బబ్బిలికాయలు పైఁడిమట్టియల్‌\nమోద మెలర్ప నందియలు మ్రోయఁగనయ్యలమేలుమంగ క\nత్యాదరలీలఁబాడ బలువంచును వేదము ... ... ...\n... ... ... ... ... ... ... ... ... ... ను వేంకటేశ్వరా!	vutpalamaala	vruttamu	తాళ్లపాక అన్నమాచార్య	bhakti	Venkateswara
p1847	ఒప్పగు తూఁగుటుయ్యెలల నూఁగుచు నీ వలమేలుమంగతో\nనప్పుడు కౌఁగిట న్రతుల నాఁకటిపెల్లున నప్పళించుచున్‌\nఱెప్పలనవ్వుతో మనసుఱిచ్చలతో నఱగన్నులార్చుచున్‌\nదెప్పలఁదేలు సౌఖ్య మిదె దేవరహస్యము వేంకటేశ్వరా!	vutpalamaala	vruttamu	తాళ్లపాక అన్నమాచార్య	bhakti	Venkateswara
p1848	దొరలిన మేనిగందపొడిధూళి వసంతము ఘర్మవారిపైఁ\nజఱచినపువ్వుఁదేనెల వసంతము నీ కలమేలుమంగకున్‌\nనెఱసి కరంగు చిత్తముల నీళ్లవసంతము మీకు మీకు నీ\nయొఱపులు నీప్రియంబులు మహోన్నతు లెట్టివో వేంకటేశ్వరా!	champakamaala	vruttamu	తాళ్లపాక అన్నమాచార్య	bhakti	Venkateswara
p1849	చక్కనితల్లికిన్‌ నవరసంబుల వెల్లికిఁ బుష్పవల్లికిం\nజక్కనిమోవిముత్తియపుజల్లికి శ్రీయలమేలుమంగకున్‌\nజెక్కులు మించుటద్దములు చేతులు క్రొత్తమెఱుంగుఁదీగ లా\nక్రిక్కిరిగుబ్బలే పసిఁడికిన్నరకాయలు వేంకటేశ్వరా!	vutpalamaala	vruttamu	తాళ్లపాక అన్నమాచార్య	bhakti	Venkateswara
p1850	పెనఁగకుమమ్మ! చిమ్ము జళిపించిన చూపుల గర్వరేఖ రాఁ\nజెనకకు మమ్మ! లేఁ జెమటచెక్కుల నోయలమేలుమంగ నీ\nఘనుఁడు కళావినోది రతికాంత విలాససహస్రమూర్తి వ\nద్దని పొలయల్క దీర్తురు లతాంగులు నీసతి వేంకటేశ్వరా!	champakamaala	vruttamu	తాళ్లపాక అన్నమాచార్య	bhakti	Venkateswara
p1851	చాఁగు బళా జగత్పతికి జాఁగు బళా జగదేకమాతకున్‌\nచాఁగు బళా రమేశునకుఁ జాఁగు బళా యలమేలుమంగకున్‌\nజాఁగు బళా యటంచుఁ గడుఁ జక్కని కాంతను వీథివీథిమీ\nరేఁగఁగ నిత్తు రారతు లనేకవిధంబుల వేంకటేశ్వరా!	vutpalamaala	vruttamu	తాళ్లపాక అన్నమాచార్య	bhakti	Venkateswara
p1852	చొచ్చితిఁ దల్లి నీమఱుఁగు సొంపుఁగ నీకరుణాకటాక్ష మె\nట్లిచ్చెదొ నాకు నేఁడు పరమేశ్వరి! యోయలమేలుమంగ నీ\nమచ్చిక నంచు నీతరుణి మన్నన నే నినుఁ గంటి నీకు నా\nబచ్చెనమాట లేమిటికిఁ బ్రాఁ తిదె చూడఁగ వేంకటేశ్వరా!	champakamaala	vruttamu	తాళ్లపాక అన్నమాచార్య	bhakti	Venkateswara
p1853	ఎచ్చరికమ్ము పాదములు నిందిరసింధురయాన తమ్మిపూ\nనెచ్చెలి క్రొత్తక్రొత్తపలునిగ్గులతో నలమేలుమంగ నీ\nవచ్చిన దాఁక నీవిభుఁడు వంచిన మోమును నెత్తఁడంచు నీ\nమచ్చిక యింతి నింతులు మమత్త్వము నెంతురు వేంకటేశ్వరా!	vutpalamaala	vruttamu	తాళ్లపాక అన్నమాచార్య	bhakti	Venkateswara
p1854	కనకపుఁబీఠి నెక్కి రతికాంతశరాకృతి నీవు వీథులం\nజనునెడ నీదు చెంగటఁ బ్రసన్నతతో నలమేలుమంగ కాం\nచననవకింకిణీరవము సన్నపుఁదాళగతిన్‌ రచింపఁగాఁ\nగనుఁగవ మోడ్చి మోడ్చి రతిఁ గౌఁగిటఁ జేర్తువు వేంకటేశ్వరా!	champakamaala	vruttamu	తాళ్లపాక అన్నమాచార్య	bhakti	Venkateswara
p1855	ఒఱపగుమీ విహారతతు లుప్పనబట్టెలు బిల్లటీపు ల\nచ్చెరువుగ బల్లకోటులు ప్రసిద్ధిగ నయ్యలమేలుమంగకున్‌\nమెఱుపులు ముచ్చటల్‌ రతులమ్రొక్కులుఁ దక్కులు వచ్చి వచ్చి మీ\nచిఱునగవుం బ్రమోదములు చెక్కులనొక్కులు వేంకటేశ్వరా!	champakamaala	vruttamu	తాళ్లపాక అన్నమాచార్య	bhakti	Venkateswara
p1856	కులికెడు పండుటామనులఁ గోయిలకూఁతల గుండె ఝల్లనన్‌\nజెలువము గల్గు రాకలను జెంగట శ్రీయలమేలుమంగ కో\nవిలకలనాదకోటులచవిం బచరింపఁగ నెట్టు లోర్తువో\nవలపులవార్ధిలోన ననివారణఁ దేలుచు వేంకటేశ్వరా!	champakamaala	vruttamu	తాళ్లపాక అన్నమాచార్య	bhakti	Venkateswara
p1857	తొలఁకెడుకొప్పులో నెరులొ తుమ్మెదదాటులొ చూపువంపులో\nగులుకులొ మంచివెన్నెలల గుంపులొ శ్రీయలమేలుమంగకున్‌\nబలుకులు పచ్చకప్పురపుఁ బల్కులు తావులె దివ్యగంధముల్‌\nపలుచనినవ్వులే విరులపాన్పులు నీకును వేంకటేశ్వరా!	champakamaala	vruttamu	తాళ్లపాక అన్నమాచార్య	bhakti	Venkateswara
p1858	తలఁచిన గుండె జల్లనును దల్లడమందెడు నేమిసేతు నా\nచెలువుఁడు రాఁడటంచు లలసీనవి వో యలమేలుమంగ నీ\nతొలకరిమించు నెమ్మనముతొయ్యలిఁ జూడక యెట్టులోర్తువో\nయలుగకు మన్న మాన విఁకనైనను నెన్నఁడు వేంకటేశ్వరా!	champakamaala	vruttamu	తాళ్లపాక అన్నమాచార్య	bhakti	Venkateswara
p1859	ఆయలమేలుమంగ కమలాననయుం గలుహార నేత్రియుం\nబాయక తానయై చెలఁగుబద్మ హితాక్షముఁజంద్ర నేత్రమున్‌\nసోయగలీల మించు నెటుచూచినఁ బొందిక నెద్ది నిద్ర నీ\nకేయెడ మేల్కొనంగఁ దఱి యెయ్యది చూడఁగ వేంకటేశ్వరా!	vutpalamaala	vruttamu	తాళ్లపాక అన్నమాచార్య	bhakti	Venkateswara
p1860	నెఱి నలమేలుమంగకును నీకును పద్మభవాండభాండమే\nమెఱసిన బొమ్మరిల్లు తగుమేడలు మీఁదటిలోకముల్‌ ప్రభల్‌\nతెఱలఁగ మించు నయ్యినుఁడె దీపము గుజ్జనఁగూడు చంద్రుడే\nతొఱలిన దేవసంఘములె తొత్తులు బంట్లును వేంకటేశ్వరా!	champakamaala	vruttamu	తాళ్లపాక అన్నమాచార్య	bhakti	Venkateswara
p1861	నిను నలమేలుమంగ ఘననీరజపంక్తులు దాఁక నేసినన్‌\nజనుఁగవ నొత్తినట్లు కెరజంబుల వాండ్లును నొత్తినట్లు ని\nగ్గునఁగనుదోయితామరలఁ గొంకక సారెకు నొత్తినట్లు మైఁ\nజెనకి మరుండు బాణములు చిమ్మినయట్లగు వేంకటేశ్వరా!	champakamaala	vruttamu	తాళ్లపాక అన్నమాచార్య	bhakti	Venkateswara
p1862	అపు డలమేలుమంగ పొలయల్కలు వద్దని చాఁటి చెప్పినన్‌\nగపటపుటల్క లల్లితివి గర్వితనంబునఁ గాంత కోరమే\nరపమునఁ జూతుగా కలుక రాజసలీలల నింత దీఱునా\nవిపులవియోగతాపమున వేడుకకూటమి వేంకటేశ్వరా!	champakamaala	vruttamu	తాళ్లపాక అన్నమాచార్య	bhakti	Venkateswara
p1863	ఇల నలమేలుమంగ నిను నేమని తిట్టునొ యేకతంబునన్‌\nగలికి మెఱుంగుడాలు తెలికన్నులజంకెన నద్దలింపుచున్‌\nబలుకులముద్దు లింపొలయ భారపుగుబ్బల దూర నెత్తుచున్‌\nజలజల కొప్పుసంపెఁగలు జాజులు రాలఁగ వేంకటేశ్వరా!	champakamaala	vruttamu	తాళ్లపాక అన్నమాచార్య	bhakti	Venkateswara
p1864	ఒకయలమేలుమంగ మహిమోన్నతిఁ జిక్కితి యోగలీలచేఁ\nజికురభరంబు జాఱ నలసెన్‌ నిఖిలోన్నతుఁ డంచు నీకృపన్‌\nబ్రకటములైన కాంత ... ... యింతురు శీతల క్రియన్‌\nమొకముల నిగ్గు దేఱఁగను ముచ్చటలాడుచు వేంకటేశ్వరా!	champakamaala	vruttamu	తాళ్లపాక అన్నమాచార్య	bhakti	Venkateswara
p1865	నగ వలమేలుమంగకును నాటవవల్కలు నీకు మాటలన్‌\nబగ డలమేలుమంగకును బచ్చెనగర్వము నీకుఁ జూపులన్‌\nజిగి యలమేలుమంగకును శ్రీమల వేడుక నీకు నిట్ల పో\nమిగిలిన మోహసంపదలు మీరును మీరును వేంకటేశ్వరా!	champakamaala	vruttamu	తాళ్లపాక అన్నమాచార్య	bhakti	Venkateswara
p1866	ఓయలమేలుమంగ యిది యొక్కటిపో జగదేక భర్తకున్‌\nబాయనినీకునుం గడమ ప్రాణము ప్రాణము నేకమాయె నీ\nకాయము కాయముం గలసెఁ గౌఁగిటకాంక్ష యటంచు నీసతిన్‌\nబ్రాయము నిండుజవ్వనముఁ బల్మఱు మెత్తురు వేంకటేశ్వరా!	vutpalamaala	vruttamu	తాళ్లపాక అన్నమాచార్య	bhakti	Venkateswara
p1867	మాయలమేలుమంగ చలమా యలయించెద వెంతసేసినన్‌\nదోయజగంధి నీకు మతితోడనె తక్కిన దల్క నోపు నా\nచేయఁగ నేర్చుచేఁత లివె చేయుదుగాక లతాంతసాయకుం\nడీయెడఁ జేయు వేదన లకిన్నియుఁ దోడుగ వేంకటేశ్వరా!	vutpalamaala	vruttamu	తాళ్లపాక అన్నమాచార్య	bhakti	Venkateswara
p1868	మతి నలమేలుమంగకును మంతనమాడెడు నీవిలాసముల్‌\nతతిఁ దలపోఁతలై సురతతాండవసంభ్రమలీలలై సమం\nచిత సరసప్రసంగములు చిమ్మనిదొంతరలై ప్రియంబులై\nవితతమనోజవిద్యల నవీనము లైనవి వేంకటేశ్వరా!	champakamaala	vruttamu	తాళ్లపాక అన్నమాచార్య	bhakti	Venkateswara
p1869	కసిగలచూపు చిమ్ముదును కంకణహస్తము సాఁచి కుంచెచే\nవిసరకు రమ్మనంగ వడి వెన్నెలమోమున ముద్దుగుల్కెడిన్‌\nరసికున కంచుఁ జక్కనిపురంధ్రిని నీయలమేలుమంగతో\nముసిముసినవ్వు నవ్వుదురు ముచ్చటలాడుచు వేంకటేశ్వరా!	champakamaala	vruttamu	తాళ్లపాక అన్నమాచార్య	bhakti	Venkateswara
p1870	కదిసిన సేసము తైముల కంఠసరుల్‌ ఘనరత్న కంకణాం\nగదరశనా ... ... నికాయము శ్రీయలమేలుమంగకున్‌\nబొదివి వివాహవేళ దిగఁ బోసిన ముత్తెపుఁ బ్రాల నందమై\nముదమగు నీకుఁ గన్నుఁగవ ముందఱ నెప్పుడు వేంకటేశ్వరా!	champakamaala	vruttamu	తాళ్లపాక అన్నమాచార్య	bhakti	Venkateswara
p1871	నడవకుమమ్మ పాదనలినంబులు గందెడి, మాట బెట్టుగా\nనొడువకుమమ్మ, చెక్కునును నొక్కులతో నలమేలుమంగ నీ\nవెడనగ కీమొగంబునకు వెన్నెలలాయె నటంచు నీసతిన్‌\nబడఁతులు మేలమాడుదురు పల్కుల తేనెల వేంకటేశ్వరా!	champakamaala	vruttamu	తాళ్లపాక అన్నమాచార్య	bhakti	Venkateswara
p1872	బూతలబండ్లనే వలపుఁబుక్కిట నించితి వాఁడిగోళ్లనే\nఘాతలు గాఁగఁ జించితివి కాయముపై నలమేలుమంగ నీ\nచేతిదె యంచు నీతరుణి చెంతలఁ దట్టపునుంగుఁ గస్తురిన్‌\nజాతుదు రోలి నీదు పరిచారిక కాంతలు వేంకటేశ్వరా!	vutpalamaala	vruttamu	తాళ్లపాక అన్నమాచార్య	bhakti	Venkateswara
p1873	పచ్చల సందిదండలును బాహుపురుల్‌ మణినూపురంబులున్‌\nమచ్చరికంబులుం బసిఁడిమట్టెలమ్రోతలుఁ బెల్లు మ్రోయఁగా\nనెచ్చెలు లోలిఁ గొల్వఁ దరుణీమణి శ్రీయలమేలుమంగ నీ\nముచ్చట దీర్చు నొక్కపరి ముందఱ నిల్చిన వేంకటేశ్వరా!	vutpalamaala	vruttamu	తాళ్లపాక అన్నమాచార్య	bhakti	Venkateswara
p1874	ఏచిన పాతకంబులకు నిన్నిటికి న్నిరవైనవాఁడ నేఁ\nగాచినకష్టవృత్తి కరిగాఁపనె యోయలమేలుమంగ నీ\nచూచుకృపానిరీక్షణమె చూచెద నంచును నీప్రియాంగనన్‌\nబూచిన వాక్ప్రసూనములఁ బూజలు సేసెద వేంకటేశ్వరా!	vutpalamaala	vruttamu	తాళ్లపాక అన్నమాచార్య	bhakti	Venkateswara
p1875	యోగ్యతలేనికష్టుఁడ నయోగ్యుఁడ నన్నిటఁ జూడ గర్భని\nర్భాగ్యుఁడ నీకృపామతికిఁ బ్రాప్తుఁడ నోయలమేలుమంగ నా\nభాగ్యము నీగృపాకరుణఁ బ్రాప్యము కావుమటంచు సారెనీ\nభాగ్యవతీ శిరోమణినిఁ బ్రస్తుతిసేసెద వేంకటేశ్వరా!	vutpalamaala	vruttamu	తాళ్లపాక అన్నమాచార్య	bhakti	Venkateswara
p1876	తుఱు మఱవీడెఁ బయ్యెదయుఁ దోడనె జాఱె మెఱుంగు ఱెప్పలన్‌\nబరవశభావ మేర్పడియెఁ బాయక నీ వలమేలుమంగ నీ\nవరునిఁ దలంచితో యనుచు వాసనమేనుల దేవ కామినుల్‌\nసరగున నీలతాంగి కుపచారము సేతురు వేంకటేశ్వరా!	champakamaala	vruttamu	తాళ్లపాక అన్నమాచార్య	bhakti	Venkateswara
p1877	రాజసలీల నన్నును గరంబునఁ బట్టకు చూప వేల నీ\nతేజము నాకటంచు సుదతీమణి శ్రీయలమేలుమంగ ని\nన్నీ జగదేకనాయకుని నింపొలయించుచు సారెసారెకున్‌\nజాజులకొప్పువీడ సరసంబున వీచును వేంకటేశ్వరా!	vutpalamaala	vruttamu	తాళ్లపాక అన్నమాచార్య	bhakti	Venkateswara
p1878	చక్కదనంబు రాశి నునుసానలన్‌ బట్టినపువ్వుటమ్ములోఁ\nజక్కెర నించి చేసిన రసస్థితి శ్రీయలమేలుమంగ నీ\nమక్కువఁ జిక్కి మాతలభ్రమం దగులై కలవంత నిట్ల నీ\nవక్కుఁనఁ జేర్పఁగా నలరె నన్నువ కౌఁగిట వేంకటేశ్వరా!	vutpalamaala	vruttamu	తాళ్లపాక అన్నమాచార్య	bhakti	Venkateswara
p1879	మానవతీశిరోమణికి మంజులవాణికి మోవితేనియల్‌\nకానిక లిచ్చినాఁడవట కౌఁగిట నాయలమేలుమంగకున్‌\nమీనచకోరనేత్రి నిను మెచ్చి మదంబునఁ గౌఁగిలించి నీ\nపానుపుమీఁది చేఁత లివి పచ్చితలంపులు వేంకటేశ్వరా!	vutpalamaala	vruttamu	తాళ్లపాక అన్నమాచార్య	bhakti	Venkateswara
p1880	దర్పక రాజ్యసంపదలు తన్మయకోటులు రాగిలోకసం\nతర్పణముల్‌ లతాధరసుధాపరిధానము లాననవ్రతుల్‌\nకర్పురగంధసౌఖ్యములు గ్రక్కున శ్రీయలమేలుమంగకున్‌\nమార్పడు దేహసంగతుల మర్మిపుఁజేతలు వేంకటేశ్వరా!	vutpalamaala	vruttamu	తాళ్లపాక అన్నమాచార్య	bhakti	Venkateswara
p1881	అంబరమెల్లఁ జంద్రమయ మైనటులామదనాంకముల్‌ మెయిన్‌\nబంబిన నేడ వంచు సిరి పల్కిన నయ్యలమేలుమంగ పా\nదంబుల యానవెట్టితివి తమ్మియిగుళ్లని నీకు బొంకులే\nనెంబళమాయె నెవ్వరికిఁ జెల్లవు రంతులు వేంకటేశ్వరా!	vutpalamaala	vruttamu	తాళ్లపాక అన్నమాచార్య	bhakti	Venkateswara
p1882	చెఱఁగులు చూపి క్రొవ్విరులు చిందెడు తేనెలు నాల్గువంకలన్‌\nవఱదలువాఱె ఘర్మములు వాహినులై యలమేలుమంగతోఁ\nగఱఁగుచు నీవు కౌఁగిట సుఖస్థితిఁ గూడుచు బంధుసంగతిన్‌\nదెఱ దిగనేసి వేడుకలు తెప్పలఁ దేలఁగ వేంకటేశ్వరా!	champakamaala	vruttamu	తాళ్లపాక అన్నమాచార్య	bhakti	Venkateswara
p1883	వాలికనేత్రపద్మములు వంచినయావదనంబు పద్మినీ\nపాల జనింపనందుననె పద్మినియై యలమేలుమంగ గో\nపాలకచక్రవర్తి నినుఁ బాయనికౌఁగిట భోగలీలఁ బాం\nచాలునిఁ జేసె పుష్పశరశాస్త్రవిదగ్ధుని వేంకటేశ్వరా!	vutpalamaala	vruttamu	తాళ్లపాక అన్నమాచార్య	bhakti	Venkateswara
p1884	అమ్మకుఁ దాళ్లపాకఘనుఁ డన్నఁడు పద్యశతంబుఁ జెప్పెఁగో\nకొమ్మని వాక్ప్రసూనములఁ గూరిమితో నలమేలుమంగకున్‌\nనెమ్మది నీవు చేకొని యనేకయుగంబులు బ్రహ్మకల్పముల్‌\nసమ్మది మంది వర్ధిలను జవ్వన లీలల వేంకటేశ్వరా!	vutpalamaala	vruttamu	తాళ్లపాక అన్నమాచార్య	bhakti	Venkateswara
p1885	కౌస్తుభవక్ష శ్రీకరపాదరాజీవ । దీనశరణ్య మహానుభావ\nకరిరాజవరద భాస్కరకోటిసంకాశ । పవనభుగ్వరశాయి పరమపురుష\nవేదవేద్యానంతవిభవ చతుర్దశ- । భువనశోభనకీర్తి పుణ్యమూర్తి\nవైకుంఠపట్టణవాస యోగానంద । విహగరాడ్వాహన విశ్వరూప	seesamu	upajaathi	పోలిపెద్ది వేంకటరాయకవి	bhakti	Venugopaala
p1886	శ్రీరుక్మిణీ ముఖసారసమార్తాండ । సత్యభామా మనశ్శశిచకోర\nజాంబవతీ కుచశైలకంధర మిత్ర- । విందా సుధాధరబింబకీర\nభద్రా వయోవనభద్రేభరాజ క- । శిందాత్మజా చిదానందనిలయ\nలక్షణా శృంగారవీక్షణకాసార- । హంస సుధేష్ణా గుణాపహార	seesamu	upajaathi	పోలిపెద్ది వేంకటరాయకవి	bhakti	Venugopaala
p1887	గజముపై చౌడోలు గాడిదకెత్తితే । మోయునా పడవేసి కూయుఁ గాక\nచిలుక పంజరములోపల గూబ నుంచితే । పలుకునా భయపడి యులుకుఁ గాక\nకుక్క నందలములోఁ గూర్చుండఁబెట్టితే । కూర్చుండునా తోళ్ళు కొఱుకుఁ గాక\nధర్మకార్యములలో దరిబేసి నుంచితే । యిచ్చునా తన్నుక చచ్చుఁ గాక	seesamu	upajaathi	పోలిపెద్ది వేంకటరాయకవి	bhakti	Venugopaala
p1888	గోవుల నఱకంగఁ గోసి వండుక తిను । మాలమాదిగలు భూపాలురయిరి\nమానాభిమానముల్ మాని ప్రవర్తించు । మంకుగులాములు మంత్రులైరి\nఅక్షరం బెఱుగక యాకారపుష్టిచే । వర్ణసంకరులు విద్వాంసులైరి\nబాజారిఱంకుకైఁ బంచాయతీ చెప్పు । పాతలంజెలు వీరమాతలైరి	seesamu	upajaathi	పోలిపెద్ది వేంకటరాయకవి	bhakti	Venugopaala
p1889	చదువుచుండెడివేళ సభలోనఁ గూర్చుండి । దున్నపోతుల కొడుకెన్నుఁ దప్పు\nవిద్యాధికుల కిచ్చువేళడ్డుపడి మాల- । ధగిడీల కొడుకు వద్దనుచుఁ జెప్పు\nధనమెక్కుడుగఁ గూర్చి తినలేక యేడ్చెడి । పెనులుబ్ధుఁ డర్థుల గనిన ఱొప్పు\nబిరుదుగల్గిన యింటఁ బెరిగినఁ గొణతంబు । విప్పినంతనె కుక్క వెదకుఁ జెప్పు	seesamu	upajaathi	పోలిపెద్ది వేంకటరాయకవి	bhakti	Venugopaala
p1890	పరదళంబులఁ గాంచి భయముచే నురికిన । రాజుగాఁడతడు గోరాజు గాని\nధర్మంబులకు విఘాతముసేయ మంత్రిశే- । ఖరుఁడు గాఁడతఁడు సంకరుఁడు గాని\nవిద్యాప్రసంగము ల్విన రసజ్ఞత లేని । ప్రాజ్ఞుల సభగాదు రచ్చ గాని\nపతితోడ కలహించి పడుకొని యేడ్చెడి । దాలుగా దది యెఱ్ఱతేలు గాని	seesamu	upajaathi	పోలిపెద్ది వేంకటరాయకవి	bhakti	Venugopaala
p1891	పూపొదలో దాఁగి పులి యున్నరీతిని । మొగిలిరేకున ముండ్లు మొలచినట్లు\nనందనవనములో నాగుఁబామున్నట్లు । చందురునకు నల్పు చెందినట్లు\nసొగసైన లేమకు సెగరోగమున్నట్లు । మృగనాభిలోఁ బిప్పి తగిలినట్లు\nజలధిలోన విషంబు సంభవంబైనట్లు । కమలాప్తునకు శని గలిగినట్లు\nపద్మరాగమునకుఁ బటలమేర్పడినట్లు । బుగ్గవాకిటి చుట్టు పుట్టినట్లు	seesamu	upajaathi	పోలిపెద్ది వేంకటరాయకవి	bhakti	Venugopaala
p1892	మంగలకత్తిపై నంగవేసిన యట్లు । క్రోడెత్రాచును ముద్దులాడినట్లు\nకొఱవితో నడినెత్తి గోఁకినట్లీనిన । పులితోడ సాముకుఁ బూనినట్లు\nపెదసింగమును ఱాల నదలించికొనినట్లు । మినుకువజ్రపురవ మ్రింగినట్లు\nకొర్తిమీదను గొంతు కూర్చుండుకొనినట్లు । నూతిపైఁ బసిబిడ్డ నునిచినట్లు	seesamu	upajaathi	పోలిపెద్ది వేంకటరాయకవి	bhakti	Venugopaala
p1893	మద్యపాయీలతో మచ్చిక కారాదు । బడవాల గొప్పగాఁ బట్టరాదు\nశాత్రవునింట భోజనము చేయఁగరాదు । సన్యాసులను గేలి సలుపరాదు\nదేవభూసురవృత్తి తెరువు పోవఁగరాదు । పరునాలిపై నాస పడగఁరాదు\nకంకోష్ఠునకు నధికార మియ్యగరాదు । చెలగి లోభినిఁ జేర బిలువరాదు	seesamu	upajaathi	పోలిపెద్ది వేంకటరాయకవి	bhakti	Venugopaala
p1894	రామాండకథలెల్ల మేమెఱుంగనియవె । కాటమరాజుకుఁ గర్ణుడోడె\nభోగతకథలంత పోల నెఱుంగమే । వేయి గణేశుఁ డర్జుని నిరఁగబొడిచె\nభారతకథలలో బాలరాజొక్కఁడు । కుంభకర్ణుని బట్టి కూలదన్నె\nకందపురాణాలకథ పిల్లకాటేరి । వీరభద్రుని నలయించి చంపె	seesamu	upajaathi	పోలిపెద్ది వేంకటరాయకవి	bhakti	Venugopaala
p1895	నందిగణం బెక్కి నడువీథినే వచ్చు । దైవమో గంగ మోదమ్ము రాజో\nఇసకాప్పసీనఁడో యీరుఁడో యీసుఁడో । యీసుడైతే యెనకఁ దోఁకలేదె\nఆళ్ళరో గణపతో అమ్మ చీతమ్మరో । చీతామ్మరైయుంటె సింగమేది\nమంచిది చూతాము మారమ్మ కాబోలు । మారెమ్మయైతేను మాలయేది	seesamu	upajaathi	పోలిపెద్ది వేంకటరాయకవి	bhakti	Venugopaala
p1896	కందిరీగల పట్టు కడఁగి రేపఁగవచ్చు । మానిపింపఁగరాదు దాని పోటు\nచెట్లలో బెబ్బులిఁ జెనకి రావచ్చును । దప్పించుకొనరాదు దాని కాటు\nపఱచునశ్వము తోఁకబట్టి యీడ్వఁగవచ్చు । దప్పించుకోరాదు దాని తన్ను\nకాఁకచే బొరుగిల్లు గాల్చిరావచ్చును । దన యిల్లు కాపాడఁ దరము గాదు	seesamu	upajaathi	పోలిపెద్ది వేంకటరాయకవి	bhakti	Venugopaala
p1897	కన్నంబు ద్రవ్వి తస్కరు డింటివానికి । వాడలేదని ముంత వైచి చనునె\nతెరవాటుకాడు చింతించునే కట్టిన । బట్ట నూడ్చిన మానభంగమనుచు\nవలబడ్డ మెకము చూల్ వహియించెనంచును । విడువంగఁ జూచునే వేఁటకాఁడు\nజారుండు పరకాంత శయ్యపై దారిచి । వావి గాదని పల్కి వదలి చనునె	seesamu	upajaathi	పోలిపెద్ది వేంకటరాయకవి	bhakti	Venugopaala
p1898	గోముఖవ్యాఘ్రంబు కూరలో నిడు నాభి । కప్పకూఁతలు గూయు కాలభుజగ\nమెరచిలోపల గాల మేటిలోపలి యూబి । పైఁ బూరి గ్రమ్మిన పాడునుయ్యి\nపైఁబండ్లుగలిగి లోపల బుచ్చు తరుశాఖ । గొంగళిమూల దా గొలువురాయి\nచొర నేమరించి ముంచుకొను ప్రవాహంబు । కునుకువట్టినఁ జుట్టుకొను దావాగ్ని	seesamu	upajaathi	పోలిపెద్ది వేంకటరాయకవి	bhakti	Venugopaala
p1899	తన తల్లి శిశువుల తల ద్రుంచివైచినఁ । జెడుముండ యనుచు వచింపరాదె\nతన తండ్రి యొరుల విత్త మపహరించిన । నన్యాయవర్తనుం డనఁగరాదె\nతన దేశికుఁడు పరదారసంగ మొనర్పఁ । బాపకర్ముండని పలుకరాదె\nతన రాజు ప్రజలపట్ల నదప జూచినఁ । గ్రూరాత్ముఁడనుచు వాక్రువ్వరాదె	seesamu	upajaathi	పోలిపెద్ది వేంకటరాయకవి	bhakti	Venugopaala
p1900	శక్తి చాలనివాఁడు సాధుత్వము వహించు । విత్తహీనుఁడు ధర్మవృత్తిఁ దలచు\nవ్యాధిపీడితుఁడు దైవతభక్తి దొరలాడు । ముండ పాతివ్రత్యమునకు జొచ్చు\nనాపద ప్రాప్తింప నన్యార్తికి గృశించు । భారంబు పైఁబడ బరువెఱుంగు\nరమణి లేకున్న విరక్తి మంచిదియనుఁ । బనిపోవ మౌనివర్తనము దాల్చు	seesamu	upajaathi	పోలిపెద్ది వేంకటరాయకవి	bhakti	Venugopaala
p1901	తల్లిని సేవించ దైవతార్చన యేల । తండ్రి గల్గిన పెన్నిధానమేల\nదీనరక్షణమున్న దీర్థాటనంబేల । విద్యాధికతయున్న వేషమేల\nపరమమిత్రుండున్న బంధువర్గంబేల । పతిభక్తి గల్గిన వ్రతములేల\nరసికత్వమున్న సురత్నభూషణమేల । ఘనవాహనంబున్నఁ గవచమేల	seesamu	upajaathi	పోలిపెద్ది వేంకటరాయకవి	bhakti	Venugopaala
p1902	పాపాత్మునకు బారుపత్య మియ్యగరాదు । చాలని పనికిఁ గాల్సాచరాదు\nపలుగాకివానితో భాషింపగా రాదు । చెడ్డవానికి మేలు సేయరాదు\nయాదాయమెఱుఁగక యప్పు తీయగరాదు । పలువురితో ద్వేషపడగరాదు\nతప్పు సేయనివాని దండింపబోరాదు । చేసిన కృత్యంబు చెప్పరాదు	seesamu	upajaathi	పోలిపెద్ది వేంకటరాయకవి	bhakti	Venugopaala
p1903	తల్లి ఱంకునఁ దండ్రి ధనము పోయినయట్లు । మూలనిక్షేపంబు మునిఁగినట్లు\nకూఁతురి ముడుపెల్లఁ గొల్లవోయినయట్లు । కాణాచివల్లెలు కాలినట్లు\nతన యాలి గడనెల్ల దండుగ కైనట్లు । దండ్రి తద్దినమేమొ తప్పినట్లు\nచెల్లెపైఁ బడి దొంగ చెఱచిపోయినయట్లు । కొడుకు నప్పుడు తలగొట్టినట్లు	seesamu	upajaathi	పోలిపెద్ది వేంకటరాయకవి	bhakti	Venugopaala
p1904	వసుధాధిపతికి విశ్వాసగుణంబు జా- । రునకు సత్యంబు చోరునకు భయము\nలంజెకు మోమోట పంజకు ధైర్య మెం- । గిలి కెగ్గు మద్యపాయులకు సిగ్గు\nద్రవ్యాధికులకును దానధర్మములపై । దృష్టియు జారిణిస్త్రీకి వావి\nపలుగాకులకు మేలు పందగొడ్డుకుఁ బాలు । మానికిఁ గఱవు కోమటికి బరువు	seesamu	upajaathi	పోలిపెద్ది వేంకటరాయకవి	bhakti	Venugopaala
p1905	సుంకరులకు వర్ణసంకరులకుఁ దన । పొత్తొసంగెడి తొత్తుముండలకును\nసారాయినీళ్ళకు జాతరగాండ్లకు । బంగుభాయీలకు బందెనకును\nబడవాలకును లేని భడవాలకును ఱంకు- । రాట్నాలకును శుంఠరండలకును\nకలిమిదండుగులకు గారడీవిద్యకుఁ । దోడఁబోతుల కాటదొమ్మరులకు	seesamu	upajaathi	పోలిపెద్ది వేంకటరాయకవి	bhakti	Venugopaala
p1906	శ్రీభవానీవర సితకంఠ హర వామ- | దేవ మహాదేవ దేవదేవ\nదేవరాణ్ణుతసుస్వభావ భావజభంగ | భర్గ విరూపాక్ష భవ కపర్ది\nశంకర సాధువశంకర శర్వ శ- | శాంకశేఖర నిష్కళంక వరద\nశూలి సోమ కపాలమాలికాధర నీల- | లోహిత గిరిధన్వ త్రాహి యనుచు	seesamu	upajaathi	అమలాపురము సన్యాసికవి	bhakti	Viswanaatha
p1907	కామగర్వవిఫాల సామజాజినచేల | సామగానవిలోల శరణు శరణు\nపుంగవాజానేయ సంగరాజేయ భు- | జంగతల్పసహాయ శరణు శరణు\nనిత్యనృత్యవినోద భృత్యతత్యాహ్లాద- | సత్యవచోమోద శరణు శరణు\nసాంద్రకృపాపాంగ చంద్రికాభనిభాంగ | చంద్రసూర్యరథాంగ శరణు శరణు	seesamu	upajaathi	అమలాపురము సన్యాసికవి	bhakti	Viswanaatha
p1908	స్ఫురదణిమాది విభూతులు గలుఁగఁగా | నింటింట భిక్షకు నేఁగనేల\nసర్వమంగళ నీకు సామేన నుండఁగా | బెస్తకన్నెను నెత్తిఁ బెట్టనేల\nవెండిగుబ్బలిపైఁ బరుండక ననిశంబు | నొలకలలోపల నుండనేల\nవేలుపుల్ గొల్వఁ బేరోలగంబున నిల్వ | కురుభూతముల వెంటఁ దిరుఁగనేల	seesamu	upajaathi	అమలాపురము సన్యాసికవి	bhakti	Viswanaatha
p1909	నీ తనుజన్ముండు నిఖిలవిద్యల కెల్ల | దేశికస్వామియై తేజరిల్లె\nనీ జటాగ్రంబున నెలకొన్న దేవశై- | వలిని త్రిలోకపావన మొనర్చె\nనీ కడియంబైన కాకోదరవరుండు | మహితభూభరణసమర్థుఁడయ్యె\nనీ వధూతిలకంబు నిర్జరుల్ నుతి సేయ | జగదంబ నామబ్రశస్తి నొందె-	seesamu	upajaathi	అమలాపురము సన్యాసికవి	bhakti	Viswanaatha
p1910	తన్నవే విధునిఁ బదాఱు వ్రక్కలు గాఁగ | దయఁ గ్రమ్మఱఁగ మూర్ధ్నిఁ దాల్చినావు\nతలఁ ద్రుంపవే విధాతకుఁ బునస్సారథ్య- | కృత్యంబునకు నియోగించినావు\nఫాలాగ్నిచేఁ గాల్పవే లతాంతాయుధు | మించి వెండియుఁ బ్రతికించినావు\nతఱగవే దక్షు మస్తకము నెప్పటి మేష- | శిరమిచ్చి జీవితుఁ జేసినావు	seesamu	upajaathi	అమలాపురము సన్యాసికవి	bhakti	Viswanaatha
p1911	కరికాళుఁడొసగు మాకందఫలంబులు | మిక్కుటంబగు కూర్మి మెక్కిమెక్కి\nమాదర చెన్నాఖ్యుఁ డాదరంబున చెట్టు | సురుచిరాంబకళంబుఁ జుఱ్ఱిజుఱ్ఱి\nనిమ్మవ్వ మదిఁ బత్తి నివ్వటిల్లఁగఁ బోయు | జావ సంతసముసఁ దావితావి\nబోయకన్నడు యెడఁబాయక నర్పించు | నంజుఁడు తునకలు నమలినమలి	seesamu	upajaathi	అమలాపురము సన్యాసికవి	bhakti	Viswanaatha
p1912	నీచుఁడు వీఁడని నెమ్మదినుంచక | భ్రమరకీటన్యాయ పటిమ నెఱపు\nనే పల్కు పలుకు లెంతే పద్యములు జేయు | నవ్యఘుణాక్షరన్యాయశక్తి\nవడి విడనాడంగ వలదు మర్కటకిశో- | రన్యాయపద్ధతి రాజిలంగ\nచేపట్టఁగదవయ్య చెలఁగి మాల్జారకి- | శోరమహాన్యాయ కారణముగ	seesamu	upajaathi	అమలాపురము సన్యాసికవి	bhakti	Viswanaatha
p1913	వేమారు శ్రీమహావిష్ణువల్లభ యంచుఁ | బలుమరు బ్రహ్మాది పతియటంచు\nగొనకొని స శివ ఏకో దేవ యంచును | దివిరి రుద్రో న ద్వితీయ యనుచు\nరహి సమానాధికరహిత యటంచు మా- | నక శివాత్పరతరం నాస్తి యనుచు\nమాటిమాటికి జనుర్మరణదూర యటంచు | దైవతమూలకందం బటంచు	seesamu	upajaathi	అమలాపురము సన్యాసికవి	bhakti	Viswanaatha
p1914	ఏ నవీనాశ్వంబుపై నధిష్ఠించెనే | విఘ్నరాజు దలంప వృషము గాక\nదిట్టముగా నేమైనఁ బటములు గట్టెనే | వటుఁడు దిగంబరత్వంబు గాక\nశాంతమేమైనను సంగ్రహించెనే వీర- | భద్రుఁ డక్షుద్రకోపంబు గాక\nనే తల్లి గని పెంచెనే తారకారిని | భావింప సంశయాస్పదము గాక	seesamu	upajaathi	అమలాపురము సన్యాసికవి	bhakti	Viswanaatha
p1915	స్యందనకేతువుల్ జ్యానంతములు నియం- | తాశుగములు భారతీశ మేశు-\nలురగరుత్తూణము లరుణానుజాబ్దు ల- | ర్వప్రతోదము లాగమప్రణవము-\nలుర్వీభృదురగవర్యులు ధనుస్సింజిను- | లతిరథాంగము లహర్పతిసుధాంశు-\nబింబముల్ జేసి పురంబులు మూఁడు క- | రంబు నిమేషమాత్రంబులో చె-	seesamu	upajaathi	అమలాపురము సన్యాసికవి	bhakti	Viswanaatha
p1916	రజ్జువునందు సర్పంబు ముక్తాస్ఫోట- | మందు రౌప్యంబు పైష్టాంబువులఁ బ-\nయస్సు మరీచకయందు నీరంబు భ్రాం- | తి జగంబు నీయందు దృశ్యమగును\nదహనునియందును దాహకత్వంబును | దపనునియందునఁ దాపనంబు\nసలిలమునందున శైత్యంబుఁ బూర్ణని- | శాకరునందుఁ బ్రసన్న మట్లె	seesamu	upajaathi	అమలాపురము సన్యాసికవి	bhakti	Viswanaatha
p1917	హరిరాట్కిశోరంబు హరికిశోరము గాదె | నీ విక్రమమునకు నిభము గాక\nగ్రావవతంసంబు గ్రావమ్ము గాదె నీ | ధీరసంపదకును దీటు గాక\nసింధురాజం బల్పసింధువు కాదె యు- | ష్మద్దభీరతకును సవతు గాక\nఖద్యోతబింబము ఖద్యోతమగుఁ గాదె | నీ ప్రభాపటలికి నీటు గాక	seesamu	upajaathi	అమలాపురము సన్యాసికవి	bhakti	Viswanaatha
p1918	ఉత్పలప్రియుఁడు మహోత్పలప్రియుఁడు పూ- | దండగా మేల్బండియుండ గాఁగ\nబలవిరోధియు మహాబలవిరోధియుఁ బడ- | వాలుగా మేల్మెడనూలు గాఁగ\nరజితాచలము మహారజితాచలము నివ- | సనముగా నవశరాసనము గాఁగఁ\nబద్మాధిపతి మహాపద్మాధిపతియును | జోడుగా సంగడికాడు గాఁగఁ	seesamu	upajaathi	అమలాపురము సన్యాసికవి	bhakti	Viswanaatha
p1919	సంగోరు మెయినిడ్డ చలిమలబిడ్డతో | వడిగల గిబ్బవార్వమ్ముతోఁడ\nమూఁడవకన్నుతో ముయ్యంబువాలుతో | సిరులీను రుదురక్కసరులతోఁడ\nనగవొప్పుమోముతో జిగికప్పుమెడతోఁడ | గాలిమేతరిసూడిగములతోఁడ\nబూచులగములతోఁ బూపజూబిలితోడఁ | జంకను బెట్టిన జింకతోఁడ	seesamu	upajaathi	అమలాపురము సన్యాసికవి	bhakti	Viswanaatha
p1920	అభినవగానవిద్యాశక్తిచే మనోం- | బుజ మలరింపఁ దుంబురుఁడఁ గాను\nబరిహాసవాక్యవైఖరిచేఁ బ్రమోదంబు | ఘటియింప నే భృంగిరిటుఁడఁ గాను\nవిపులకవిత్వప్రవీణత మెప్పింప | వావిరి గంధర్వవరుఁడఁ గాను\nవాస్తవముగ నీ స్తవం బొనరింప ని- | మ్మహిలోఁ బరాశరాత్మజుఁడఁ గాను	seesamu	upajaathi	అమలాపురము సన్యాసికవి	bhakti	Viswanaatha
p1921	వారాంగనామణీవక్షోజ మర్చించి | సాలోక్య మొకఁడు హర్ష మునఁ జెందె\nనీషదజైకకరీష మారాధించి | సామీప్య మొకఁడు హర్షమునఁ జెందె\nజానుప్రదేశపూజానూనదక్షుఁడై | సారూప్య మొకఁడు హర్షమునఁ జెందె\nప్రస్థార్చనాకౌశలస్థిరత్వమ్మున | సాయుజ్య మొకఁడు హర్షమునఁ జెందె	seesamu	upajaathi	అమలాపురము సన్యాసికవి	bhakti	Viswanaatha
p1922	ముందు విశ్వేశ నీ సందర్శన మొనర్చి | బిందుమాధవునకు వందనమిడి\nవరడుంఠిగణపతి చరణంబులకు మ్రొక్కి | దండపాణికి వేడ్క దండమొసఁగి\nభైరవునకు నమస్కారంబుఁ గాలించి | కేరుచుఁ గాశికిఁ గేలుమోడ్చి\nఘనగుహాలోకన మొనరించి గంగనీ- | క్షించి భవాని దర్శించియు మణి-	seesamu	upajaathi	అమలాపురము సన్యాసికవి	bhakti	Viswanaatha
p1923	దండంబు మిహికాంశుఖండరాజన్మస్త- | దండంబు మేరుకోదండహస్త-\nదండంబు నిష్ఠురకాండకల్పిత శౌరి- | దండంబు పరిభూత దండధారి-\nదండంబు నూత్నవేదండకృత్తికటీర- | దండంబు ధృతజగదండవార-\nదండంబు పద్మజాఖండలస్తుతనామ- | దండంబు కోటిమార్తాండధామ-	seesamu	upajaathi	అమలాపురము సన్యాసికవి	bhakti	Viswanaatha
p1924	కలుఁగవే స్కాంద మార్కండేయ గారుడ | బ్రహ్మాండ నారద బ్రహ్మ విష్ణు\nశివ లింగ మత్స్య కూర్మ వరాహ పద్మాగ్ని | వామన బ్రహ్మవైవర్త భాగ\nవత భవిష్యదభిఖ్యయుత పురాణంబు ల- | ష్టాదశసంఖ్య రూఢముగ నందు-\nరవి కొక్కటి కృపీటభవున కొకండు ధా- | తకు రెండు నాల్గు మాధవునకుఁ బది	seesamu	upajaathi	అమలాపురము సన్యాసికవి	bhakti	Viswanaatha
p1925	స్వర్ణవేత్రములూని చండప్రచండులు | పరువులెత్తుచుఁ బరాబరు లొనర్ప\nసరిగమపదని సుస్వరనయాభినయంబు- | లలర రంభాది వేశ్యలు నటింప\nరతనంపుటారతుల్ జతనంబుగాఁ బౌర- | సారసయాన లాసక్తి నొసగఁ\nగాహళ వేణు వీణా హుడుక్కా తాళ | మురజ భేరీవాద్యములు చెలంగఁ	seesamu	upajaathi	అమలాపురము సన్యాసికవి	bhakti	Viswanaatha
p1926	ఔద్ధత్యమున బ్రహ్మహత్యఁ గావించితి | క్రూరుఁడవౌట నిక్కువము గాదె\nదారుకాంతారకాంతారతిప్రౌఢవు | జారుఁడవౌట నిజంబు కాదె\nగౌరీమనోధనహారిపేశలుఁడవు | చోరుఁడవౌట విస్ఫురణఁ గాదె\nలింగపటోలికాలీనుండవైతి భీ- | రుఁడవౌట నిర్ణయరూఢి గాదె	seesamu	upajaathi	అమలాపురము సన్యాసికవి	bhakti	Viswanaatha
p1927	శ్రీవిశ్వనాథశతకము\nభావుకమతి నెవ్వరేని పారాయణముం\nగావించిన వారలకున్\nజీవన్ముక్తి యొనఁగూర్చు శివుఁ డధికదయన్.	kandamu	jaathi	అమలాపురము సన్యాసికవి	bhakti	Viswanaatha
p1928	శ్రీగురులింగమూర్తి! సువిశేష మహోజ్జ్వలకీర్తి! సత్క్రియో\nద్యోగ కళాప్రపూర్తి! యవధూత పునర్భవజార్తి! పాలితా\nభ్యాగత సంశ్రితార్ధి కవిపండితగాయక చక్రవర్తి! దే\nవా! గతి నీవె మాకు బసవా! బసవా! బసవా! వృషాధిపా!	vutpalamaala	vruttamu	పాలకురికి సోమనాథుడు	bhakti	Vrushadhipa
p1929	ప్రమథవిలోల! భక్తపరిపాల ధురంధరశీల! సంతతా\nస్తమిత సమస్తదేహ గుణజాల! సుఖప్రదలీల! లింగ జం\nగమ మహిమానుపాల! గతకాల సమంచిత నాదమూల! దే\nవ మము భరింపుమయ్య బసవా! బసవా! బసవా! వృషాధిపా!	champakamaala	vruttamu	పాలకురికి సోమనాథుడు	bhakti	Vrushadhipa
p1930	అప్రతిమప్రతాప! సముదంచిత నాదకళాకలాప! దీ\nప్త ప్రమథస్వరూప! శివభక్తగణాత్మ గతప్రదీప! ధూ\nత ప్రబలేక్షుచాప! విగతప్రకటాఖిలపాప లింగ త\nత్త్వప్రద! నీవె దిక్కు బసవా! బసవా! బసవా! వృషాధిపా!	vutpalamaala	vruttamu	పాలకురికి సోమనాథుడు	bhakti	Vrushadhipa
p1931	భక్తిరసాభిషిక్త! భవపాశవితాన విముక్త! జంగమా\nసక్త! దయాభిషిక్త! తనుసంగతసౌఖ్యవిరక్త! సంతతో\nద్యుక్త గుణానురక్త! పరితోషితభక్త! శివైక్యయుక్త! ప్ర\nవ్యక్తమ నీవె దిక్కు బసవా! బసవా! బసవా! వృషాధిపా!	vutpalamaala	vruttamu	పాలకురికి సోమనాథుడు	bhakti	Vrushadhipa
p1932	శత్రు లతాలవిత్ర! గుణజైత్ర! భవాబ్ధివహిత్ర! జంగమ\nక్షేత్రవిచిత్ర! సూత్ర బుధగీత చరిత్ర! శిలాదపుత్ర! స\nత్పాత్ర! విశుద్ధగాత్ర! శివభక్తి కళత్ర! శరణ్యమయ్య! భా\nస్వత్త్రిజగత్పవిత్ర బసవా! బసవా! బసవా! వృషాధిపా!	vutpalamaala	vruttamu	పాలకురికి సోమనాథుడు	bhakti	Vrushadhipa
p1933	ఆర్య వితానవర్య! భువనాదిక శౌర్య! యుదాత్త సత్పదా\nచార్య! యవార్యవీర్య! బుధసన్నుతచర్య! విశేష భక్తి తా\nత్పర్య! వివేకధుర్య! పరిపాలితతుర్య! శరణ్యమయ్య! దు\nర్వార్య యనూన ధైర్య! బసవా! బసవా! బసవా! వృషాధిపా!	vutpalamaala	vruttamu	పాలకురికి సోమనాథుడు	bhakti	Vrushadhipa
p1934	రాగపరోపభోగ! గతరాగ! విధూతభవాదిరోగ! ని\nర్యాగ! మహానురాగ! బహిరంతర నిష్ఠితయోగ! సత్క్రియో\nద్యోగ! యకర్మయోగ! శివయోగ సమగ్ర సుఖాతిభోగ! దే\nవా గతి నీవె మాకు బసవా! బసవా! బసవా! వృషాధిపా!	vutpalamaala	vruttamu	పాలకురికి సోమనాథుడు	bhakti	Vrushadhipa
p1935	కామితభక్తిభామ! గతకామ! మహాగణ సార్వభౌమ! ని\nస్సీమ యశోభిరామ! సవిశేష విముక్తిలలామ! సద్గుణ\nస్తోమ! శివైక్యదామ! సుఖదుఃఖ విరామ! ప్రమోదసీమ! దే\nవా మముఁ గావుమయ్య బసవా! బసవా! బసవా! వృషాధిపా!	vutpalamaala	vruttamu	పాలకురికి సోమనాథుడు	bhakti	Vrushadhipa
p1936	సాధిత జన్మబాధ! గతసర్వనిషేధ! హతాపరాధ దు\nర్బోధ కళావిరోధ! పరిపోషిత శాంభవవేధ! వర్జిత\nక్రోధ! నిరాకృతాఖిల విరోధ! శివైక్య సుబోధ! యీ భవ\nవ్యాధికి నీవె మందు బసవా! బసవా! బసవా! వృషాధిపా!	vutpalamaala	vruttamu	పాలకురికి సోమనాథుడు	bhakti	Vrushadhipa
p1937	శ్రీవిలసత్ప్రభావ! ప్రవిశిష్ట పరాజిత యన్యదైవ! స\nద్భావ! యుత స్వభావ! శివతత్త్వ విశిష్ట మహానుభావ! యం\nహోవనదావ! పాలిత మహోద్ధతశైవ! విభుండవీవ దే\nవా వరదానశీల బసవా! బసవా! బసవా! వృషాధిపా!	vutpalamaala	vruttamu	పాలకురికి సోమనాథుడు	bhakti	Vrushadhipa
p1938	ఆద్య! సమర్పితాఖిల పురాతనభక్తగణానువేద్య! సం\nపాద్య! గుణానవద్య! యనుభావశివాంకిత గద్యపద్య! ని\nర్భేద్య! గణైకవేద్య యురరీకృతవాద్య! భవాదిరోగ స\nద్వైద్య! శరణ్యమయ్య బసవా! బసవా! బసవా! వృషాధిపా!	vutpalamaala	vruttamu	పాలకురికి సోమనాథుడు	bhakti	Vrushadhipa
p1939	స్వీకృత భక్తలోక! యవశీకృత కర్కశవావదూక! యూ\nరీకృత సద్వివేక! యురరీకృత జంగమభక్తి శూక! దూ\nరీకృత దుష్టపాక! యధరీకృత వేద విరుద్ధబౌద్ధ చా\nర్వాక! శరణ్యమయ్య బసవా! బసవా! బసవా! వృషాధిపా!	vutpalamaala	vruttamu	పాలకురికి సోమనాథుడు	bhakti	Vrushadhipa
p1940	నిత్య యుదాత్తసత్య! యతినిశ్చల జంగమ భృత్య! సజ్జన\nస్తుత్య! కృపాకటాక్ష పరిశోభితచైత్య! మహిష్ఠ భక్తి సం\nగత్యభిరామ సత్య! గురుకార్య పరాయణకృత్య! వర్జిత\nవ్రాత్య! శరణ్యమయ్య బసవా! బసవా! బసవా! వృషాధిపా!	vutpalamaala	vruttamu	పాలకురికి సోమనాథుడు	bhakti	Vrushadhipa
p1941	ధన్య మహావదాన్య! గతదైన్య! విధూత జఘన్య! భక్తిచై\nతన్య! గుణైక్యమాన్య! హతదర్పక సైన్య! నిరస్త మాతృకా\nస్తన్య! జితారిఘోరభవజన్య! శరణ్యము చిత్సుఖాత్మ భా\nవన్య! శరణ్యమయ్య బసవా! బసవా! బసవా! వృషాధిపా!	vutpalamaala	vruttamu	పాలకురికి సోమనాథుడు	bhakti	Vrushadhipa
p1942	చర్వితశృంగిగర్వ! గుణసంపద ఖర్వ! యపూర్వగీతగాం\nధర్వ! దిగంతపూర్ణ సముదాత్త యశః కృతకర్ణపర్వ! యం\nతర్వినివిష్టశర్వ! విదితస్ఫురణాంచిత దర్వ! కావుమో\nపర్వఘనప్రసాద బసవా! బసవా! బసవా! వృషాధిపా!	vutpalamaala	vruttamu	పాలకురికి సోమనాథుడు	bhakti	Vrushadhipa
p1943	మారమదాపహార! సుకుమార శరీర! గణప్రసాద వి\nస్తార! వృషావతార సముదార విహార! సమద్దయాపరి\nష్కార! శుభప్రకార! యవికార! మహా జగదేకవీర! దు\nర్వార శరణ్యమయ్య బసవా! బసవా! బసవా! వృషాధిపా!	vutpalamaala	vruttamu	పాలకురికి సోమనాథుడు	bhakti	Vrushadhipa
p1944	ఉద్ధతభక్తవృద్ధ! వినుతోత్తమ సిద్ధపరీత జంగమ\nశ్రద్ధ! సదాత్మశుద్ధ! గుణరాజిసమృద్ధ! విముక్తపాశస\nన్నద్ధ! మహాప్రసిద్ధ యగుణ త్రయబద్ధ! శరణ్యమయ్య! భా\nస్వద్ధత చిత్ప్రబుద్ధ! బసవా! బసవా! బసవా! వృషాధిపా!	vutpalamaala	vruttamu	పాలకురికి సోమనాథుడు	bhakti	Vrushadhipa
p1945	నందితభక్తబృంద! యవినాశిరదాంశు ముఖారవింద! సా\nనంద వినీతికంద! కరుణామకరంద! రసోపలాలిత\nస్కంద! యుదాత్త భక్తి తరుకంద! యశోజితకుంద! నాకరా\nడ్వందిత! నీవె దిక్కు బసవా! బసవా! బసవా! వృషాధిపా!	vutpalamaala	vruttamu	పాలకురికి సోమనాథుడు	bhakti	Vrushadhipa
p1946	లౌల్యపరాయణాత్మ గుణలౌల్య! యమూల్య సదోపయుక్త ని\nర్మాల్య! వినీతికల్య! యసమానదయా రసకుల్య! నిత్యనై\nర్మల్య! యమూల్య! దుష్టజనమానసశల్య! పదాబ్జలబ్ధ కై\nవల్య! శరణ్యమయ్య బసవా! బసవా! బసవా! వృషాధిపా!	vutpalamaala	vruttamu	పాలకురికి సోమనాథుడు	bhakti	Vrushadhipa
p1947	గురుపద సద్మ సద్మ! యవికుంఠిత జంగమశీలఖేల! సు\nస్థిర మృదుపాదమోద! సముదీర్ణ విశేషమహత్వ తత్త్వ! ని\nర్భర భుజశౌర్య ధుర్య! పరిరంభితభక్తి కళత్ర గోత్ర! మ\nద్వరద శరణ్యమయ్య బసవా! బసవా! బసవా! వృషాధిపా!	champakamaala	vruttamu	పాలకురికి సోమనాథుడు	bhakti	Vrushadhipa
p1948	భువన హితార్థ తీర్థ! భవభూరుహ శాతకుఠారధార! గౌ\nరవ సముదాత్తవృత్త! యనురాగ రసామృతసారపూర! శాం\nభవమయ వేదబోధ! శివభక్తహృదబ్జ వికాసభాస! దే\nవ వరద కావుమయ్య బసవా! బసవా! బసవా! వృషాధిపా!	champakamaala	vruttamu	పాలకురికి సోమనాథుడు	bhakti	Vrushadhipa
p1949	వినుత నవీనగాన గుణవిశ్రుత భక్తవిధేయకాయ! య\nత్యనుపమగణ్యపుణ్య నయనాంచలదూర భవోపతాప! స\nద్వినయ వికాసభాస సముదీర్ణ శివైక సుఖైకపాక! దే\nవ నను భరింపుమయ్య బసవా! బసవా! బసవా! వృషాధిపా!	champakamaala	vruttamu	పాలకురికి సోమనాథుడు	bhakti	Vrushadhipa
p1950	అంచిత భక్తియుక్త! యసహాయ విశృంఖల వీరపూర! ని\nశ్చంచలశైవభావ! శ్రిత జంగమపాదకిరీట కూట! హృ\nత్సంచిత సత్త్వ తత్త్వ! దురితవ్రజశైలకదంబశంబ! ని\nర్వంచక నీవె దిక్కు బసవా! బసవా! బసవా! వృషాధిపా!	vutpalamaala	vruttamu	పాలకురికి సోమనాథుడు	bhakti	Vrushadhipa
p1951	నిర్గతధర్మ కర్మ! యవినీత పునర్చవ యంత్ర తంత్ర! దు\nర్మార్గ విహీనయాన! గుణమాన్య మహావృషసామ్య! సౌమష\nడ్వర్గ విరక్త శక్త! మదడంబర వర్జిత వేషభూష! నీ\nవర్గమునేఁ జుమయ్య బసవా! బసవా! బసవా! వృషాధిపా!	vutpalamaala	vruttamu	పాలకురికి సోమనాథుడు	bhakti	Vrushadhipa
p1952	సరసవచస్క! నిర్మలయశస్క! శివైక్యమనస్క! భక్తహృ\nత్సరసిజగేహ! క్లుప్తభవదాహ! దయాపరివాహ! చిత్సుఖో\nత్తర నిజశిల్ప! భక్తపరతల్ప! మహావృషకల్ప! మన్మనో\nవరద! శరణ్యమయ్య బసవా! బసవా! బసవా! వృషాధిపా!	champakamaala	vruttamu	పాలకురికి సోమనాథుడు	bhakti	Vrushadhipa
p1953	హర సమసౌఖ్య! యాదివృషభాఖ్య! పురాతనముఖ్య తత్త్వవి\nత్పరిషదుపాస్య! వీతగుణదాస్య! త్రిలోకసమస్య! తార్కికో\nత్కర జయశౌండ! దీర్ఘభుజదండ! మహాగుణషండ! మన్మనో\nవరద! శరణ్యమయ్య బసవా! బసవా! బసవా! వృషాధిపా!	champakamaala	vruttamu	పాలకురికి సోమనాథుడు	bhakti	Vrushadhipa
p1954	వరగుణదీప్ర! భక్తజనవప్ర! తృణీకృతవిప్ర! తాత్త్వికాం\nకుర పదపద్మ భక్తిరసగుంభ! నిరాకృతదంభ! సద్గుణ\nస్ఫురిత విశిష్ట! శాంతగుణపుష్ట! నిరస్త నికృష్ట! మన్మనో\nవరద! శరణ్యమయ్య బసవా! బసవా! బసవా! వృషాధిపా!	champakamaala	vruttamu	పాలకురికి సోమనాథుడు	bhakti	Vrushadhipa
p1955	లింగనిరూఢ! సంచితవిలీఢ! పరాక్రమగూఢ! మానసా\nసంగి వృషాంక! నిర్గళితశంక! నిరస్తకళంక! సంతతా\nభంగురపుణ్య! శీలముఖమణ్య త్రిలోకవరేణ్య! దేవ నీ\nవంగడమేఁ జుమయ్య బసవా! బసవా! బసవా! వృషాధిపా!	vutpalamaala	vruttamu	పాలకురికి సోమనాథుడు	bhakti	Vrushadhipa
p1956	ఉరుతరభాగ్య! మన్మహితయోగ్య! జగత్త్రయమృగ్య! పాపసం\nహరణసమర్థ! నమ్రచరితార్థ! లసద్గుణసార్థ! భావ భా\nస్వర నయసాంద్ర! కీర్తిజితచంద్ర! వివర్జితతంద్ర! మన్మనో\nవరద! శరణ్యమయ్య బసవా! బసవా! బసవా! వృషాధిపా!	champakamaala	vruttamu	పాలకురికి సోమనాథుడు	bhakti	Vrushadhipa
p1957	అసమవదాన్య మాన్య! ప్రణుతార్యయవార్య! రసజ్ఞతజ్ఞ! దు\nర్వ్యసన విదూర! శూరగణవంద్య! యనింద్య! యమాఢ్య యాఢ్య! భ\nక్తిసుఖసమృద్ధ వృద్ధ! చిరదీప్తి పవిత్రచరిత్రపాత్ర! నా\nవసి గని ప్రోవుమయ్య బసవా! బసవా! బసవా! వృషాధిపా!	champakamaala	vruttamu	పాలకురికి సోమనాథుడు	bhakti	Vrushadhipa
p1958	అసమశిలీముఖ స్ఫురదహంకృతికర్తన! కర్మకర్మఠా\nభ్యసన ధురీణ విభ్రమ! గణాధిప పాదసరోజ సంతత\nప్రసృమరసౌర భోరుమకరంద కసిక్త వన క్రియాకళా\nవ్యసన! శరణ్యమయ్య బసవా! బసవా! బసవా! వృషాధిపా!	champakamaala	vruttamu	పాలకురికి సోమనాథుడు	bhakti	Vrushadhipa
p1959	సురవరమల్ల! మల్లవిత సూత్రసుధాంబుధిఖేల! ఖేలసం\nగర కలకంఠ! కంఠమణినాయకభీమభుజంగ! జంగమ\nస్థిరతరనాథ! నాథక నిధీకృతరూప! విరూప సమ్మతా\nవర! కరుణాబ్ధి! ప్రోవు బసవా! బసవా! బసవా! వృషాధిపా!	champakamaala	vruttamu	పాలకురికి సోమనాథుడు	bhakti	Vrushadhipa
p1960	సురవర పూజ్య! పూజ్యగుణశోభిత! శోభితరూప! రూప వి\nస్ఫురతరశీల! శీలగుణపుంగవ! పుంగవ సత్త్వ! సత్త్వసం\nవర పరవాద! వాద భయవర్జిత పాపవిచారచార! ఈ\nశ్వర సమ! నీవె దిక్కు బసవా! బసవా! బసవా! వృషాధిపా!	champakamaala	vruttamu	పాలకురికి సోమనాథుడు	bhakti	Vrushadhipa
p1961	ఇహపరసిద్ధ! సిద్ధ వృషభేశ్వర! ఈశ్వర భక్త! భక్త హృ\nద్గహన విలోక! లోకహిత కారణ! కారణజన్మ! జన్మదో\nషహరణ దక్ష! దక్షరిపుసన్నిభ! సన్నిభరూప! రూప ని\nర్వహణ! శరణ్యమయ్య బసవా! బసవా! బసవా! వృషాధిపా!	champakamaala	vruttamu	పాలకురికి సోమనాథుడు	bhakti	Vrushadhipa
p1962	విరచిత శుద్ధసాళగ నవీన మృదుస్వర మంద్ర మధ్య తా\nర రుచిర దేశిమార్గ మధురస్వర గీతసుధాతరంగిణీ\nతరళ తరంగజాల సముదంచిత కేళివిలోల సంగమే\nశ్వర శరణయ్య నీకు బసవా! బసవా! బసవా! వృషాధిపా!	champakamaala	vruttamu	పాలకురికి సోమనాథుడు	bhakti	Vrushadhipa
p1963	అసదృశ విస్ఫురద్గుణ దృగంచల కల్పిత సృష్టిపాలన\nగ్రసనకళాకలాప ఘనకౌశల ఖేలన లింగమూర్తి మా\nనసకలనా వశీకరణ నైపుణతత్పరశీల జంగమ\nశ్వసన శరణ్యమయ్య బసవా! బసవా! బసవా! వృషాధిపా!	champakamaala	vruttamu	పాలకురికి సోమనాథుడు	bhakti	Vrushadhipa
p1964	ప్రమథగణాధినాథ సముపాసన భాసుర పార్వతీమనో\nరమ రమణీయ హృత్కమలరాజిత నవ్యపతంగ సౌరభ\nభ్రమరవిలోలతా మధుకరాయిత దివ్యశరీర! సత్ప్రభా\nవమహిత! నీవె దిక్కు బసవా! బసవా! బసవా! వృషాధిపా!	champakamaala	vruttamu	పాలకురికి సోమనాథుడు	bhakti	Vrushadhipa
p1965	చూర్ణిత మన్మథాయ! పరిశోభితభస్మవిలేపనాయ! సం\nపూర్ణమనోరథాయ! గతపూర్వ భవాశ్రిత వర్తనాయ! తే\nవర్ణ నిరాసకాయ! సశివాయ నమో యని సంతతంబు ని\nన్వర్ణన సేయువాడ బసవా! బసవా! బసవా! వృషాధిపా!	vutpalamaala	vruttamu	పాలకురికి సోమనాథుడు	bhakti	Vrushadhipa
p1966	పరమనె యన్నె యాండవనె పన్నగతానె యనాథ నాధనే\nపెరియనెపే నివుందనవె పేరు డయాననె పేరు జెప్పనే\nతరి మురియాయనే యనుచు 'ద్రావిడభాష' నుతింతు మన్మనో\nవరకరుణా విధేయ! బసవా! బసవా! బసవా! వృషాధిపా!	champakamaala	vruttamu	పాలకురికి సోమనాథుడు	bhakti	Vrushadhipa
p1967	హసుళెయరన్న రక్షిసు వుహారయ లెన్న వనీవనెందు మ\nన్నిసువుడు నిమ్మడింగెరగ నిమ్మ ప్రసాదిత నిమ్మదాత్మ వే\nకసిగతి యంచు భక్తి నినుఁ 'గన్నడభాష' నుతింతు షడ్గుణ\nశ్వసన పురాతనాత్మ! బసవా! బసవా! బసవా! వృషాధిపా!	champakamaala	vruttamu	పాలకురికి సోమనాథుడు	bhakti	Vrushadhipa
p1968	దేవ పరీ తుహేచి గురుదేవ మణూను తరీ తుమ్హీచ గో\nసావి తరీ తుహేచి తుమచాచ ప్రసాదయమీ కృపా కరా\nహే వరదా యటంచు నుతియించెద నిన్నును 'నారెభాష' దే\nవా వినుతార్య లీల బసవా! బసవా! బసవా! వృషాధిపా!	champakamaala	vruttamu	పాలకురికి సోమనాథుడు	bhakti	Vrushadhipa
p1969	అనయముఁ జేతులందు భవదంఘ్రి సరోజయుగం నమామి నె\nమ్మనమున సంస్మరామి యను మాటల నిన్‌ వరివస్క రోమ్య హ\nమ్మనుచు 'మణిప్రవాళము'న నంకన సేయుదు భక్తలోక హృ\nద్వనజ విహారలోల బసవా! బసవా! బసవా! వృషాధిపా!	champakamaala	vruttamu	పాలకురికి సోమనాథుడు	bhakti	Vrushadhipa
p1970	అరశుగిరి ప్రసాముదయానె భవద్గుణ వర్ణసల్పి నా\nకొరువని నేస్మరామి సురయేశ్వరురే గణవర్య యంచు ని\n'ట్లరుదు మణిప్రవాళము'న నంకన సేయుదు నిన్ను మన్మనో\nవర కరుణావిధేయ బసవా! బసవా! బసవా! వృషాధిపా!	champakamaala	vruttamu	పాలకురికి సోమనాథుడు	bhakti	Vrushadhipa
p1971	వాయువు వొందు యీవిగతవావ అమా పరహంబ భౌ\nన్యాయ విధేయమీశతరి యన్యన బాణు కళాభి దంచు 'వా\nగ్దేయ మణిప్రవాళము'నఁ దెల్లము నిన్ను నలంకరింతు దే\nవా యమిబృంద వంద్య బసవా! బసవా! బసవా! వృషాధిపా!	vutpalamaala	vruttamu	పాలకురికి సోమనాథుడు	bhakti	Vrushadhipa
p1972	హాడువె దామహార సదినంఘ్రియుగ భ్రమగొండు సద్గుణా\nమాడు వదర్చనంబిడె సమగ్రనుతిత్వయి సత్క్రియన్‌ దగన్‌\n'గూఢమణిప్రవాళము'నఁ గోరి నుతింతును సంచితార్థముల్‌\nపాడిగ నివ్వటిల్ల బసవా! బసవా! బసవా! వృషాధిపా!	vutpalamaala	vruttamu	పాలకురికి సోమనాథుడు	bhakti	Vrushadhipa
p1973	బలుపొడ తోలు చీరయును పాపసరుల్‌ గిలుపాడు కన్ను వె\nన్నెల తలఁ జేఁదు కుత్తుకయు నిండినవేలుపుటేఱు పల్గు పూ\nసలు గలఱేని లెంకవని 'జానుఁదెనుంగు'న విన్నవించెదన్‌\nవలపు మదిన్‌ దలిర్ప బసవా! బసవా! బసవా! వృషాధిపా!	champakamaala	vruttamu	పాలకురికి సోమనాథుడు	bhakti	Vrushadhipa
p1974	తిరువడి నెమ్మనంబునను నే హృదయేశ్వర కింపరీయ తాం\nబరి కరితంబు రాణి నిను బాహిరిఁ బోలుట శాసితాహ తా\nవరద నెగిల్లె యంచు నిను బ్రస్తుతిసేయుదుఁ బెక్కుభాషలన్‌\nవరద వివేకశీల బసవా! బసవా! బసవా! వృషాధిపా!	champakamaala	vruttamu	పాలకురికి సోమనాథుడు	bhakti	Vrushadhipa
p1975	బల్లహు నొద్దనున్న నినుఁ బట్టణవీధులఁ జల్లలమ్ము చో\nగొల్లతఁ జీరువాఱి కడుఁ గూర్మిమెయిన్‌ బసవా యనన్‌ భువిన్‌\nద్రెళ్ళఁగనీక పట్టిన యతిస్థిర సర్వగతైక భావ! మ\nద్వల్లభ! నీవె దిక్కు బసవా! బసవా! బసవా! వృషాధిపా!	vutpalamaala	vruttamu	పాలకురికి సోమనాథుడు	bhakti	Vrushadhipa
p1976	వేఁడిన మిండ జంగమము వెక్కసమందగఁ దత్సభాస్థలి\nన్నాఁడట నారి వల్వొలువ నైజపుమానము దూలకుండఁగాఁ\nబోఁడిమిఁ బట్టుపుట్టములు ప్రోవులు పెట్టిన పుణ్యమూర్తి నీ\nవాఁడఁ జుమయ్య జియ్య బసవా! బసవా! బసవా! వృషాధిపా!	vutpalamaala	vruttamu	పాలకురికి సోమనాథుడు	bhakti	Vrushadhipa
p1977	అరయఁగ సిద్ధరాము రజతాద్రిపయిన్‌ బసవాఖ్యు నిన్నుఁ బే\nరరులున జంగమాజ్ఞ మెయినారయ నప్పుడు భక్తిపెంపు సొం\nపరుదుగఁ బార్వతీశు హృదయాంబుజ కర్ణిక నత్తమిల్లు భా\nస్వరుఁడగు నీవె దిక్కు బసవా! బసవా! బసవా! వృషాధిపా!	champakamaala	vruttamu	పాలకురికి సోమనాథుడు	bhakti	Vrushadhipa
p1978	వర్ణవిహీనుఁడంచు ద్విజవర్గము దా గళమెత్తి పల్కుడున్‌\nవర్ణములెల్లఁజూడ శివనాగయగారి కరంబులందు స\nద్వర్ణుఁడితండనా నమృతధారలు చూపిన భక్తిరూఢ! నీ\nవర్ణము నేఁజుమయ్య బసవా! బసవా! బసవా! వృషాధిపా!	vutpalamaala	vruttamu	పాలకురికి సోమనాథుడు	bhakti	Vrushadhipa
p1979	ఉరు శివయోగనిద్ర మెయినున్న తఱిన్‌ ఫణిహారి యేఁగుడున్‌\nమరచి చనంగ జంగమసమన్వితమై మును బ్రాణమేగి యు\nద్ధుర గతివారు వచ్చుటయుఁ దోడనె వచ్చిన జంగమాత్మ! నీ\nవరవుఁడ నేఁజుమయ్య బసవా! బసవా! బసవా! వృషాధిపా!	champakamaala	vruttamu	పాలకురికి సోమనాథుడు	bhakti	Vrushadhipa
p1980	కర్ణవతంసమీక పెనఁగన్‌ సతిచెక్కిలి వ్రేయుడున్‌ మహా\nతూర్ణతఁజెంది జంగమము దో స్థలమెత్తి పసిండియాకు సం\nపూర్ణ నికృష్టభక్తి మెయిఁబొల్పుగ నిచ్చిన నిష్ప్రపంచ! నీ\nవర్ణము నేఁజుమయ్య బసవా! బసవా! బసవా! వృషాధిపా!	vutpalamaala	vruttamu	పాలకురికి సోమనాథుడు	bhakti	Vrushadhipa
p1981	తంగెటిజున్ను, ముంగటి నిధానము, పండిన కల్పవల్లి, ముం\nగొంగున ముత్తియంబనఁగ, గూర్మి మనంబునఁ దొంగలింపగా\nజంగమకోటికర్చనలు సల్పుచునున్న యగణ్యపుణ్య! నీ\nవంగడమేఁ జుమయ్య బసవా! బసవా! బసవా! వృషాధిపా!	vutpalamaala	vruttamu	పాలకురికి సోమనాథుడు	bhakti	Vrushadhipa
p1982	శంకదలిర్చ నెంతయు వెసన్‌ బరదైవ పతంగ కోట్లకున్‌\nబింకముతోడ ఫాలతట భీమవిలోచన వహ్ని నేర్చు నా\nశంకరదాసి దేవునకు సద్భటుఁడంచు నుతించు నన్ను నీ\nవంకను ద్రిప్పుమయ్య బసవా! బసవా! బసవా! వృషాధిపా!	vutpalamaala	vruttamu	పాలకురికి సోమనాథుడు	bhakti	Vrushadhipa
p1983	సూత్రము దప్పి గొఱ్ఱె గుడిఁ జొచ్చిన మిండనిఁ జంపి సాక్షిగా\nనో త్రిపురాంతకా! యనుచు నో యని పిల్చిన యల్ల సద్యశః\nపాత్రుఁడు కిన్నరయ్యకును బ్రాణసఖుండగు నిన్నుఁ గొల్తు దే\nవా త్రిజగత్పవిత్ర! బసవా! బసవా! బసవా! వృషాధిపా!	vutpalamaala	vruttamu	పాలకురికి సోమనాథుడు	bhakti	Vrushadhipa
p1984	ఒక్కఁడె రుద్రుఁడన్న శ్రుతులొల్లక ప్రేలు పురాణభట్టులన్‌\nవ్రక్కలుసేసి తత్తనువు వారిలు బ్రువ్వులుగాఁగఁ జూచు నా\nకక్కయగారి బిడ్డఁడనగా నుతికెక్కిన నిన్నుఁ బూన్తు మ\nద్వాక్కలికాసమూహి బసవా! బసవా! బసవా! వృషాధిపా!	vutpalamaala	vruttamu	పాలకురికి సోమనాథుడు	bhakti	Vrushadhipa
p1985	దీవ్రము నీ మహామహిమ దివ్యము నీ మహనీయ విక్రమం\nబప్రతిమంబు నీ చరిత మాద్యము నీ నిజరూపమంచు న\nల్ల ప్రభుఁడర్జితోడ నుపలాలన సేయఁగ నొప్పుచున్న దే\nవా ప్రణుతింతు నిన్ను బసవా! బసవా! బసవా! వృషాధిపా!	vutpalamaala	vruttamu	పాలకురికి సోమనాథుడు	bhakti	Vrushadhipa
p1986	బల్లిదుఁడై గణాధిపుల పాదజలంబులు కట్టెమోపుపైఁ\nజల్లికడాని గావుడును జంగమకోటికిఁ బంచి యిచ్చుచున్‌\nమొల్లపు భక్తిఁ బేర్కొనిన మోళిగ మారయ కూర్మిబంట! మ\nద్వల్లభ! నీవె దిక్కు బసవా! బసవా! బసవా! వృషాధిపా!	vutpalamaala	vruttamu	పాలకురికి సోమనాథుడు	bhakti	Vrushadhipa
p1987	పసిగ మెయిన్‌ వృషాధిపుని ప్రాణము జంగమకోటి ప్రాణముల్‌\nమసలక యెత్తుచున్‌ భువన మాన్యచరిత్రతఁ దేజరిల్లు న\nమ్ముసిఁడిగ చౌడరాయనికి మున్నిటి భృత్యుఁడ! నిన్భజింతు న\nన్వసిగొని ప్రోవుమయ్య బసవా! బసవా! బసవా! వృషాధిపా!	champakamaala	vruttamu	పాలకురికి సోమనాథుడు	bhakti	Vrushadhipa
p1988	అసురవృత్తిఁ జూపఱు భయంపడి మ్రొక్కఁ బ్రసాద వహ్నిచే\nభూసురులిండు లన్నియును బొగ్గుల ప్రోఁకలుఁ సేయు ధూత సం\nత్రాసుల బిబ్బబాచయల దాసియనన్‌ విలసిల్లు సద్గుణా\nవాస! శరణ్యమయ్య బసవా! బసవా! బసవా! వృషాధిపా!	vutpalamaala	vruttamu	పాలకురికి సోమనాథుడు	bhakti	Vrushadhipa
p1989	దివ్యవిమానపంక్తి దివిఁ దేజరిలన్‌ రజతాద్రికిన్‌ జగ\nత్సేవ్యముగాఁగ మున్ను దనచే మృతిబొందు మృగాళిఁ బుచ్చు సం\nభావ్యుఁడు తెన్గు జొమ్మయకుఁ బ్రాణసఖుండగు నిన్నుఁ గొల్తు దే\nవా వ్యసనాది దూర బసవా! బసవా! బసవా! వృషాధిపా!	vutpalamaala	vruttamu	పాలకురికి సోమనాథుడు	bhakti	Vrushadhipa
p1990	అడరఁగఁ గళ్ళుచేసి రుచిరాన్నము లాదటనంది యిచ్చుచోఁ\nగడిఁగడి నందుకొంచు నతికాంక్షమెయిన్‌ శివుఁడారగింపఁగా\nసడినను భక్తుఁడా సురియ చౌడయగారి ప్రసాది దేవ నీ\nవడుగఁ జుమయ్య జియ్య! బసవా! బసవా! బసవా! వృషాధిపా!	champakamaala	vruttamu	పాలకురికి సోమనాథుడు	bhakti	Vrushadhipa
p1991	అనయము భక్తులీడ్యకులులంచును వేదములా ద్విజోత్తముల్‌\nవిన నుతియింపఁ గుక్కఁ జదివించిన హావినహళ్ళికళ్ళి దే\nవునకు ననుంగువాడవని యుత్సుకతన్‌ నుతియింతు భక్తహృ\nద్వనజవిహారలోల బసవా! బసవా! బసవా! వృషాధిపా!	champakamaala	vruttamu	పాలకురికి సోమనాథుడు	bhakti	Vrushadhipa
p1992	భక్తుని మ్రింగఁ జంప మును భర్గునకున్‌ జిఱుతొండనంబికిన్‌\nయుక్తమెయంచు వారిపయి నొక్కట నుద్ధత ఘంట వ్రేసి యు\nద్రిక్తత నొప్పఁగా నలరు దిట్ట హలాయుధు కట్టనుంగ! ప్ర\nవ్యక్తమ! నీవె దిక్కు బసవా! బసవా! బసవా! వృషాధిపా!	vutpalamaala	vruttamu	పాలకురికి సోమనాథుడు	bhakti	Vrushadhipa
p1993	ధర నురులింగమూర్తి ధ్వజదండముగా మలమచ్చతోక శ్రీ\nకరముగ భక్తికిం బడగఁగా శివుగర్భముఁ జొచ్చి పొల్చు మా\nయరి యమరాజుగారి పరమాప్తుఁడవైన మహానుభావ! నీ\nవరవుఁడనేఁ జుమయ్య బసవా! బసవా! బసవా! వృషాధిపా!	champakamaala	vruttamu	పాలకురికి సోమనాథుడు	bhakti	Vrushadhipa
p1994	దండితవాదియై శివుఁడ దైవముగా కని కన్నులిచ్చి తా\nనిండు మనంబుతో నిలువు నిద్దపుఁగన్నులు దాల్చి పొల్చు మా\nపండిత మల్లికార్జునుఁడు ప్రస్తుతి సేయఁగ నేర్చు నిన్ను నె\nవ్వండు నుతింప నేర్చు బసవా! బసవా! బసవా! వృషాధిపా!	vutpalamaala	vruttamu	పాలకురికి సోమనాథుడు	bhakti	Vrushadhipa
p1995	వసుమతిఁ బేరుకొన్న నరువత్తురు మువ్వురి కూర్మిబంట! షో\nడసుల సుతుండ! తేరసుల దక్కిన భృత్యుఁడ! వీరలాది గా\nనెసగు మహానుభావులకు నెల్ల ననర్గళమైన భక్తినన్‌\nవసిగొని ప్రోవుమయ్య బసవా! బసవా! బసవా! వృషాధిపా!	champakamaala	vruttamu	పాలకురికి సోమనాథుడు	bhakti	Vrushadhipa
p1996	బసవ నిధానమా! బసవ భవ్యనిధీ! బసవామృతాంబుధీ!\nబసవ మహానిధీ! బసవ భర్మగిరీ! బసవామరద్రుమా!\nబసవ మహాబలీ! బసవ బండరువా! బసవోల్లసన్మణీ!\nవసిగని ప్రోవుమయ్య బసవా! బసవా! బసవా! వృషాధిపా!	champakamaala	vruttamu	పాలకురికి సోమనాథుడు	bhakti	Vrushadhipa
p1997	నా యొడయండ! నా విభుఁడ! నా హృదయేశ్వర! నా మనోరమా!\nనా యిలవేల్ప! నా వరుఁడ! నా గురులింగమ! నాదు జంగమా!\nనా యదినాథ! నా వరద! నన్నుఁ గృపామతిఁ బ్రోవుమయ్య దే\nవా యమిబృందవంద్య! బసవా! బసవా! బసవా! వృషాధిపా!	vutpalamaala	vruttamu	పాలకురికి సోమనాథుడు	bhakti	Vrushadhipa
p1998	నోరికి వచ్చినట్టు నిను నూఱువిధంబులఁ బ్రస్తుతింతు నే\nనేరుతు నేరఁ బొమ్మనక నీపయి నొచ్చెములేని మచ్చికన్‌\nగారవమంద మత్ప్రణుతిఁ గైకొనఁగాఁ దగు గౌరవంబునన్‌\nవారని కూర్మి పేర్మి బసవా! బసవా! బసవా! వృషాధిపా!	vutpalamaala	vruttamu	పాలకురికి సోమనాథుడు	bhakti	Vrushadhipa
p1999	బసవఁడు ప్రీతిఁ గైకొనియె భక్తిమెయిన్‌ రచియించినాఁడ నే\nబసవపురాణమంచు మునుఁ బ్రస్తుతి సేయుదురట్లుగాన నీ\nయసమదయాధురీణతకు నంకిలిపాటు ఘటిల్లకుండ నన్‌\nవసిఁగొని బ్రోవుమయ్య బసవా! బసవా! బసవా! వృషాధిపా!	champakamaala	vruttamu	పాలకురికి సోమనాథుడు	bhakti	Vrushadhipa
p2000	అకుటిల లింగ జంగమ సమగ్రదయాకలిత ప్రసాది పా\nలకురికి సోమనాథుఁడతి లౌల్యమునన్‌ బసవన్న దండ నా\nయకునకు నొప్ప నీ శతక మర్పణచేసె నలిన్‌ బఠించు వా\nరికి వినువారికిన్‌ గలుగు శ్రీయును నాయువు భుక్తిముక్తియున్‌.	champakamaala	vruttamu	పాలకురికి సోమనాథుడు	bhakti	Vrushadhipa
